날짜,방어(자연)_대,d방어(자연)_대
2018-01-04,15904,0.02001026167
2018-01-05,16004,0.006287726358
2018-01-06,16895,0.0556735816
2018-01-08,18338,0.08540988458
2018-01-09,18121,-0.01183335151
2018-01-10,15599,-0.1391755422
2018-01-11,16798,0.07686390153
2018-01-12,16987,0.01125133945
2018-01-13,17961,0.05733796433
2018-01-15,14998,-0.164968543
2018-01-16,12373,-0.1750233364
2018-01-17,13148,0.06263638568
2018-01-18,17440,0.326437481
2018-01-19,14970,-0.1416284404
2018-01-20,15817,0.05657982632
2018-01-22,12776,-0.1922614908
2018-01-23,14664,0.147777082
2018-01-24,14468,-0.01336606656
2018-01-25,14065,-0.02785457562
2018-01-26,16113,0.1456096694
2018-01-27,16840,0.04511884814
2018-01-29,15690,-0.06828978622
2018-01-30,15136,-0.03530911409
2018-01-31,17059,0.1270480973
2018-02-01,19423,0.1385778768
2018-02-02,18891,-0.02739020749
2018-02-03,16329,-0.1356201366
2018-02-05,18310,0.1213179007
2018-02-06,14607,-0.2022392135
2018-02-07,15770,0.07961936058
2018-02-08,14893,-0.05561192137
2018-02-09,14677,-0.014503458
2018-02-10,16719,0.1391292498
2018-02-12,14285,-0.1455828698
2018-02-13,11784,-0.1750787539
2018-02-14,14829,0.258401222
2018-02-15,15224,0.02663699508
2018-02-19,13352,-0.1229637415
2018-02-20,14802,0.1085979629
2018-02-21,14111,-0.04668288069
2018-02-22,15588,0.1046701155
2018-02-23,14682,-0.05812163202
2018-02-24,15504,0.05598692276
2018-02-26,16240,0.04747162023
2018-02-27,17995,0.1080665025
2018-02-28,17178,-0.04540150042
2018-03-01,9907,-0.4232739551
2018-03-02,16298,0.6450994246
2018-03-03,17636,0.08209596269
2018-03-05,11459,-0.3502494897
2018-03-06,10235,-0.1068156035
2018-03-07,14647,0.4310698583
2018-03-08,12928,-0.1173619171
2018-03-09,13944,0.07858910891
2018-03-10,8835,-0.366394148
2018-03-12,13944,0.5782682513
2018-03-13,4113,-0.7050344234
2018-03-14,5859,0.4245076586
2018-03-15,1100,-0.812254651
2018-03-16,1100,0.0
2018-03-17,1100,0.0
2018-03-19,1100,0.0
2018-03-20,1100,0.0
2018-03-21,1100,0.0
2018-03-22,1100,0.0
2018-03-23,1100,0.0
2018-03-24,1100,0.0
2018-03-26,3361,2.055454545
2018-03-27,3361,0.0
2018-03-28,3361,0.0
2018-03-29,3361,0.0
2018-03-30,3361,0.0
2018-03-31,3361,0.0
2018-04-02,3361,0.0
2018-04-03,3361,0.0
2018-04-04,3361,0.0
2018-04-05,3361,0.0
2018-04-06,3361,0.0
2018-04-07,3361,0.0
2018-04-09,3361,0.0
2018-04-10,3361,0.0
2018-04-11,3361,0.0
2018-04-12,7845,1.334126748
2018-04-13,7845,0.0
2018-04-14,2512,-0.6797960484
2018-04-16,5546,1.207802548
2018-04-17,3498,-0.3692751533
2018-04-19,3586,0.0251572327
2018-04-20,3586,0.0
2018-04-21,5319,0.4832682655
2018-04-23,4961,-0.06730588456
2018-04-24,5243,0.05684337835
2018-04-25,7640,0.4571810032
2018-04-26,8092,0.05916230366
2018-04-27,6662,-0.1767177459
2018-04-28,5556,-0.1660162113
2018-04-30,6380,0.1483081353
2018-05-01,7381,0.1568965517
2018-05-02,8524,0.1548570654
2018-05-03,6337,-0.2565696856
2018-05-04,6047,-0.04576297933
2018-05-05,6670,0.103026294
2018-05-07,6670,0.0
2018-05-08,8119,0.2172413793
2018-05-09,8489,0.04557211479
2018-05-10,9471,0.1156791141
2018-05-11,8755,-0.07559919755
2018-05-12,8755,0.0
2018-05-14,7453,-0.14871502
2018-05-15,5648,-0.2421843553
2018-05-16,6117,0.08303824363
2018-05-17,5888,-0.03743665195
2018-05-18,6755,0.1472486413
2018-05-19,7738,0.1455218357
2018-05-21,6186,-0.2005686224
2018-05-22,6186,0.0
2018-05-23,6008,-0.02877465244
2018-05-24,5822,-0.0309587217
2018-05-25,4390,-0.2459635864
2018-05-26,4390,0.0
2018-05-28,7000,0.5945330296
2018-05-29,6000,-0.1428571429
2018-05-30,5961,-0.0065
2018-05-31,7743,0.2989431303
2018-06-01,8490,0.09647423479
2018-06-02,8490,0.0
2018-06-04,8681,0.02249705536
2018-06-05,8681,0.0
2018-06-06,8681,0.0
2018-06-07,9106,0.04895749338
2018-06-08,9106,0.0
2018-06-09,824,-0.909510213
2018-06-11,823,-0.001213592233
2018-06-12,823,0.0
2018-06-13,12548,14.24665857
2018-06-14,12548,0.0
2018-06-15,4071,-0.6755658272
2018-06-16,4071,0.0
2018-06-18,4071,0.0
2018-06-19,4245,0.04274134119
2018-06-20,8000,0.8845700824
2018-06-21,8289,0.036125
2018-06-22,11900,0.435637592
2018-06-23,5167,-0.5657983193
2018-06-25,5668,0.09696148636
2018-06-26,8330,0.469654199
2018-06-27,3540,-0.575030012
2018-06-28,9934,1.806214689
2018-06-29,7456,-0.2494463459
2018-06-30,2000,-0.7317596567
2018-07-02,2595,0.2975
2018-07-03,3185,0.2273603083
2018-07-04,2135,-0.3296703297
2018-07-05,2135,0.0
2018-07-06,5480,1.566744731
2018-07-07,5480,0.0
2018-07-09,3173,-0.4209854015
2018-07-10,5085,0.6025843051
2018-07-11,4222,-0.1697148476
2018-07-12,2277,-0.4606821412
2018-07-13,5823,1.557312253
2018-07-14,5336,-0.0836338657
2018-07-16,5336,0.0
2018-07-17,5336,0.0
2018-07-18,4317,-0.1909670165
2018-07-19,4317,0.0
2018-07-20,4317,0.0
2018-07-21,3518,-0.185082233
2018-07-23,1614,-0.5412166003
2018-07-24,9775,5.05638166
2018-07-25,4093,-0.5812787724
2018-07-26,1000,-0.75568043
2018-07-27,5200,4.2
2018-07-28,5500,0.05769230769
2018-07-30,3193,-0.4194545455
2018-07-31,3193,0.0
2018-08-01,3193,0.0
2018-08-02,3193,0.0
2018-08-03,3193,0.0
2018-08-06,5711,0.7886000626
2018-08-07,3950,-0.3083523026
2018-08-08,5699,0.4427848101
2018-08-09,1828,-0.6792419723
2018-08-10,1100,-0.398249453
2018-08-11,1100,0.0
2018-08-13,1100,0.0
2018-08-14,1100,0.0
2018-08-15,1100,0.0
2018-08-16,1100,0.0
2018-08-17,1100,0.0
2018-08-18,1100,0.0
2018-08-20,3750,2.409090909
2018-08-21,4263,0.1368
2018-08-22,4263,0.0
2018-08-23,17000,2.987802017
2018-08-24,17000,0.0
2018-08-25,17000,0.0
2018-08-27,17000,0.0
2018-08-28,17000,0.0
2018-08-29,3500,-0.7941176471
2018-08-30,6046,0.7274285714
2018-09-05,6820,0.1280185246
2018-09-06,5407,-0.2071847507
2018-09-07,7504,0.38783059
2018-09-08,2960,-0.60554371
2018-09-10,4031,0.3618243243
2018-09-11,4581,0.1364425701
2018-09-12,3899,-0.1488757913
2018-09-13,4575,0.1733777892
2018-09-14,5300,0.1584699454
2018-09-15,5300,0.0
2018-09-17,9200,0.7358490566
2018-09-18,10606,0.152826087
2018-09-19,8492,-0.199321139
2018-09-20,7849,-0.07571832313
2018-09-21,8662,0.1035800739
2018-09-22,8662,0.0
2018-09-27,6200,-0.28422997
2018-09-28,3307,-0.4666129032
2018-09-29,3307,0.0
2018-10-01,3307,0.0
2018-10-02,3466,0.04807983066
2018-10-03,6938,1.001731102
2018-10-04,6938,0.0
2018-10-05,7851,0.1315941193
2018-10-06,7851,0.0
2018-10-08,7851,0.0
2018-10-09,4512,-0.4252961406
2018-10-10,3588,-0.204787234
2018-10-11,6183,0.7232441472
2018-10-12,5943,-0.03881610869
2018-10-13,5943,0.0
2018-10-15,5943,0.0
2018-10-16,4607,-0.2248022884
2018-10-17,7828,0.6991534621
2018-10-18,8009,0.0231221257
2018-10-19,14495,0.8098389312
2018-10-20,14495,0.0
2018-10-22,14495,0.0
2018-10-23,4052,-0.7204553294
2018-10-24,4052,0.0
2018-10-25,5120,0.2635735439
2018-10-26,9568,0.86875
2018-10-27,9568,0.0
2018-10-29,9568,0.0
2018-10-30,8379,-0.1242683946
2018-10-31,8379,0.0
2018-11-01,7272,-0.1321160043
2018-11-02,7272,0.0
2018-11-03,8994,0.2367986799
2018-11-05,8994,0.0
2018-11-06,4949,-0.449744274
2018-11-07,3926,-0.2067084259
2018-11-08,5409,0.3777381559
2018-11-09,9263,0.7125161767
2018-11-10,9263,0.0
2018-11-12,9263,0.0
2018-11-13,9263,0.0
2018-11-14,9195,-0.007341034222
2018-11-15,9195,0.0
2018-11-16,10903,0.1857531267
2018-11-17,10903,0.0
2018-11-19,10903,0.0
2018-11-20,7618,-0.301293222
2018-11-21,8679,0.1392754004
2018-11-22,7158,-0.1752506049
2018-11-23,9465,0.3222967309
2018-11-24,12986,0.372002113
2018-11-26,12443,-0.04181426151
2018-11-27,11418,-0.08237563289
2018-11-28,11418,0.0
2018-11-29,13992,0.225433526
2018-11-30,14190,0.0141509434
2018-12-01,14190,0.0
2018-12-03,13854,-0.02367864693
2018-12-04,13854,0.0
2018-12-05,16091,0.1614696117
2018-12-06,16925,0.05183021565
2018-12-07,15137,-0.1056425406
2018-12-08,15137,0.0
2018-12-10,15461,0.02140450552
2018-12-11,11669,-0.2452622728
2018-12-12,11148,-0.04464821321
2018-12-13,13686,0.227664155
2018-12-14,15441,0.128233231
2018-12-15,15441,0.0
2018-12-17,15441,0.0
2018-12-18,14022,-0.09189819312
2018-12-19,12888,-0.08087291399
2018-12-20,12888,0.0
2018-12-21,11525,-0.1057572936
2018-12-22,11525,0.0
2018-12-24,11525,0.0
2018-12-25,11525,0.0
2018-12-26,7860,-0.3180043384
2018-12-27,9853,0.253562341
2018-12-28,9853,0.0
2018-12-29,10727,0.08870394804
2018-12-31,10727,0.0
2019-01-03,12922,0.2046238464
2019-01-04,10208,-0.2100294072
2019-01-05,10208,0.0
2019-01-07,10208,0.0
2019-01-08,12816,0.2554858934
2019-01-09,13386,0.04447565543
2019-01-10,13386,0.0
2019-01-11,14339,0.07119378455
2019-01-12,14339,0.0
2019-01-14,14339,0.0
2019-01-15,12323,-0.1405955785
2019-01-16,13961,0.132922178
2019-01-17,13961,0.0
2019-01-18,14090,0.009240025786
2019-01-19,12970,-0.07948899929
2019-01-21,12970,0.0
2019-01-22,14923,0.1505782575
2019-01-23,14657,-0.01782483415
2019-01-24,14362,-0.02012690182
2019-01-25,14362,0.0
2019-01-26,11794,-0.1788051803
2019-01-28,15114,0.2814990673
2019-01-29,13623,-0.09865025804
2019-01-30,13623,0.0
2019-01-31,10774,-0.2091316157
2019-02-01,13818,0.2825320215
2019-02-02,13818,0.0
2019-02-08,13157,-0.04783615574
2019-02-09,13157,0.0
2019-02-11,13157,0.0
2019-02-12,10585,-0.195485293
2019-02-13,10585,0.0
2019-02-14,9802,-0.07397260274
2019-02-15,12767,0.3024892879
2019-02-16,12767,0.0
2019-02-18,10379,-0.1870447247
2019-02-19,11248,0.08372675595
2019-02-20,11408,0.01422475107
2019-02-21,10267,-0.1000175316
2019-02-22,9061,-0.1174637187
2019-02-23,9061,0.0
2019-02-25,9061,0.0
2019-02-26,15000,0.6554464187
2019-02-27,10660,-0.2893333333
2019-02-28,13466,0.2632270169
2019-03-01,13466,0.0
2019-03-02,10468,-0.2226347839
2019-03-04,7851,-0.25
2019-03-05,9577,0.2198446058
2019-03-06,9880,0.03163830009
2019-03-07,9880,0.0
2019-03-08,1876,-0.8101214575
2019-03-09,8470,3.514925373
2019-03-11,8470,0.0
2019-03-12,8470,0.0
2019-03-20,3263,-0.6147579693
2019-03-21,3094,-0.05179282869
2019-03-22,3094,0.0
2019-03-23,3094,0.0
2019-03-25,3094,0.0
2019-03-26,3094,0.0
2019-03-27,3094,0.0
2019-03-28,3094,0.0
2019-03-29,3094,0.0
2019-03-30,3094,0.0
2019-04-01,3094,0.0
2019-04-02,3094,0.0
2019-04-08,2848,-0.07950872657
2019-04-09,2446,-0.1411516854
2019-04-10,2446,0.0
2019-04-11,2446,0.0
2019-04-12,3188,0.3033524121
2019-04-13,2900,-0.09033877039
2019-04-15,3188,0.09931034483
2019-04-16,4207,0.3196361355
2019-04-17,2274,-0.4594723081
2019-04-18,2274,0.0
2019-04-19,2274,0.0
2019-04-20,2274,0.0
2019-04-22,5111,1.247581354
2019-04-23,6718,0.3144198787
2019-04-24,7421,0.1046442394
2019-04-25,4834,-0.3486053093
2019-04-26,3561,-0.2633429872
2019-04-29,4475,0.2566694749
2019-04-30,2679,-0.4013407821
2019-05-01,2679,0.0
2019-05-02,1570,-0.413960433
2019-05-03,4352,1.771974522
2019-05-04,4352,0.0
2019-05-06,4352,0.0
2019-05-07,4352,0.0
2019-05-08,4352,0.0
2019-05-09,4704,0.08088235294
2019-05-10,3270,-0.3048469388
2019-05-11,3868,0.1828746177
2019-05-13,3868,0.0
2019-05-14,5236,0.3536711479
2019-05-15,5598,0.06913674561
2019-05-16,2598,-0.5359056806
2019-05-17,3588,0.3810623557
2019-05-18,3863,0.07664437012
2019-05-20,3863,0.0
2019-05-21,6000,0.5531969972
2019-05-22,4103,-0.3161666667
2019-05-23,4745,0.156470875
2019-05-24,4745,0.0
2019-05-25,4745,0.0
2019-05-27,4745,0.0
2019-05-30,8085,0.7038988409
2019-05-31,8085,0.0
2019-06-01,8085,0.0
2019-06-03,8085,0.0
2019-06-04,3643,-0.5494124923
2019-06-05,3643,0.0
2019-06-06,3643,0.0
2019-06-07,3643,0.0
2019-06-08,3643,0.0
2019-06-10,3643,0.0
2019-06-11,6718,0.8440845457
2019-06-12,8533,0.2701696934
2019-06-13,1705,-0.8001875073
2019-06-15,1000,-0.4134897361
2019-06-18,1933,0.933
2019-06-19,1933,0.0
2019-06-20,1933,0.0
2019-06-21,1933,0.0
2019-06-22,1933,0.0
2019-06-24,1933,0.0
2019-06-25,4552,1.354888774
2019-06-26,4552,0.0
2019-06-27,8500,0.8673110721
2019-06-28,7610,-0.1047058824
2019-06-29,7610,0.0
2019-07-01,7610,0.0
2019-07-02,6431,-0.1549277267
2019-07-03,5188,-0.1932825377
2019-07-04,5188,0.0
2019-07-05,5188,0.0
2019-07-06,5188,0.0
2019-07-08,5188,0.0
2019-07-09,5188,0.0
2019-07-10,5188,0.0
2019-07-13,8000,0.5420200463
2019-07-15,4142,-0.48225
2019-07-16,4142,0.0
2019-07-17,4142,0.0
2019-07-18,1708,-0.5876388218
2019-07-19,1708,0.0
2019-07-20,1708,0.0
2019-07-22,1708,0.0
2019-07-23,1708,0.0
2019-07-24,5413,2.169203747
2019-07-25,5413,0.0
2019-07-26,4500,-0.1686680214
2019-07-27,4500,0.0
2019-07-29,8385,0.8633333333
2019-07-30,2755,-0.67143709
2019-07-31,3219,0.1684210526
2019-08-01,3000,-0.06803355079
2019-08-02,3000,0.0
2019-08-05,4930,0.6433333333
2019-08-06,4930,0.0
2019-08-07,4930,0.0
2019-08-08,4930,0.0
2019-08-09,4930,0.0
2019-08-10,4930,0.0
2019-08-12,4930,0.0
2019-08-13,4930,0.0
2019-08-14,4930,0.0
2019-08-15,4930,0.0
2019-08-16,4930,0.0
2019-08-17,4930,0.0
2019-08-19,4930,0.0
2019-08-20,4930,0.0
2019-08-21,4930,0.0
2019-08-22,4930,0.0
2019-08-23,4930,0.0
2019-08-24,4930,0.0
2019-08-26,4930,0.0
2019-08-27,7200,0.4604462475
2019-09-04,7500,0.04166666667
2019-09-05,2600,-0.6533333333
2019-09-06,6200,1.384615385
2019-09-07,6200,0.0
2019-09-09,3607,-0.4182258065
2019-09-10,1878,-0.4793457167
2019-09-11,4036,1.149094782
2019-09-12,4036,0.0
2019-09-16,4036,0.0
2019-09-17,4036,0.0
2019-09-18,4036,0.0
2019-09-19,4036,0.0
2019-09-20,6989,0.7316650149
2019-09-21,6747,-0.03462584061
2019-09-23,8578,0.2713798725
2019-09-24,10317,0.2027279086
2019-09-25,10317,0.0
2019-09-26,11000,0.06620141514
2019-09-27,11646,0.05872727273
2019-09-28,13188,0.1324059763
2019-09-30,5969,-0.5473915681
2019-10-01,6729,0.12732451
2019-10-02,9520,0.4147718829
2019-10-03,7919,-0.1681722689
2019-10-04,7919,0.0
2019-10-05,6673,-0.1573430989
2019-10-07,8322,0.2471152405
2019-10-08,8322,0.0
2019-10-09,8322,0.0
2019-10-10,11457,0.3767123288
2019-10-11,7518,-0.3438072794
2019-10-12,6605,-0.1214418728
2019-10-14,10112,0.5309613929
2019-10-15,13831,0.3677808544
2019-10-16,13831,0.0
2019-10-17,14165,0.02414865158
2019-10-18,12750,-0.09989410519
2019-10-19,9046,-0.2905098039
2019-10-21,9046,0.0
2019-10-22,7728,-0.1456997568
2019-10-23,7598,-0.01682194617
2019-10-24,6911,-0.09041853119
2019-10-25,8018,0.1601794241
2019-10-26,8018,0.0
2019-10-28,8018,0.0
2019-10-29,6228,-0.2232476927
2019-10-30,6228,0.0
2019-10-31,7488,0.2023121387
2019-11-01,7488,0.0
2019-11-02,12615,0.6846955128
2019-11-04,16444,0.3035275466
2019-11-05,12019,-0.2690951107
2019-11-06,7909,-0.3419585656
2019-11-07,8721,0.1026678468
2019-11-08,12144,0.39250086
2019-11-09,13190,0.08613306983
2019-11-11,13190,0.0
2019-11-12,26763,1.029037149
2019-11-13,27196,0.01617905317
2019-11-14,27196,0.0
2019-11-15,23718,-0.1278864539
2019-11-16,22386,-0.05615987857
2019-11-18,22386,0.0
2019-11-19,24821,0.1087733405
2019-11-20,24509,-0.01257000121
2019-11-21,25588,0.04402464401
2019-11-22,22629,-0.1156401438
2019-11-23,27513,0.2158292457
2019-11-25,27513,0.0
2019-11-26,21404,-0.22204049
2019-11-27,21204,-0.009344047842
2019-11-28,17142,-0.1915676287
2019-11-30,20461,0.1936180142
2019-12-02,20461,0.0
2019-12-03,14917,-0.2709544988
2019-12-04,11538,-0.2265200778
2019-12-05,11829,0.02522100884
2019-12-06,17491,0.478654155
2019-12-07,19759,0.1296666857
2019-12-09,19759,0.0
2019-12-10,22534,0.1404423301
2019-12-11,18867,-0.1627318718
2019-12-12,16794,-0.1098743838
2019-12-13,22911,0.3642372276
2019-12-14,22483,-0.01868098293
2019-12-16,24898,0.1074144909
2019-12-17,22450,-0.09832115029
2019-12-18,19871,-0.1148775056
2019-12-19,18997,-0.04398369483
2019-12-20,22488,0.1837658578
2019-12-21,18853,-0.1616417645
2019-12-23,16235,-0.1388638413
2019-12-24,20066,0.2359716662
2019-12-25,21288,0.06089903319
2019-12-26,13822,-0.3507140173
2019-12-27,15633,0.1310230068
2019-12-28,15633,0.0
2019-12-30,15633,0.0
2019-12-31,19278,0.2331606218
2020-01-03,14295,-0.2584811702
2020-01-04,14295,0.0
2020-01-06,14140,-0.01084295208
2020-01-07,16257,0.1497171146
2020-01-08,14569,-0.1038321954
2020-01-09,14746,0.01214908367
2020-01-10,11262,-0.2362674624
2020-01-11,13671,0.2139051678
2020-01-13,13671,0.0
2020-01-14,12264,-0.1029185868
2020-01-15,9081,-0.2595401174
2020-01-16,9081,0.0
2020-01-17,8828,-0.0278603678
2020-01-18,8828,0.0
2020-01-20,8828,0.0
2020-01-21,13087,0.4824422293
2020-01-22,11132,-0.1493848858
2020-01-23,12921,0.1607078692
2020-01-24,11318,-0.1240616051
2020-01-28,13721,0.2123166637
2020-01-29,13721,0.0
2020-01-30,12098,-0.1182858392
2020-01-31,12705,0.05017358241
2020-02-01,11886,-0.06446280992
2020-02-03,11886,0.0
2020-02-04,10464,-0.1196365472
2020-02-05,13145,0.2562117737
2020-02-06,10724,-0.184176493
2020-02-07,11023,0.02788138754
2020-02-08,11072,0.004445250839
2020-02-10,11072,0.0
2020-02-11,9443,-0.1471278902
2020-02-12,8809,-0.06713968019
2020-02-13,10267,0.165512544
2020-02-14,9661,-0.05902405766
2020-02-15,11153,0.1544353587
2020-02-17,11153,0.0
2020-02-18,11153,0.0
2020-02-19,13804,0.237693894
2020-02-20,13804,0.0
2020-02-21,13336,-0.03390321646
2020-02-22,11842,-0.1120275945
2020-02-24,11842,0.0
2020-02-25,9655,-0.1846816416
2020-02-26,8147,-0.1561885034
2020-02-27,5944,-0.2704062845
2020-02-28,11438,0.9242934051
2020-02-29,7440,-0.3495366323
2020-03-03,8344,0.1215053763
2020-03-04,2000,-0.7603068073
2020-03-05,6617,2.3085
2020-03-06,7187,0.08614175608
2020-03-07,2038,-0.7164324475
2020-03-09,2038,0.0
2020-03-10,8032,2.941118744
2020-03-13,9605,0.1958416335
2020-03-14,7841,-0.1836543467
2020-03-16,7841,0.0
2020-03-17,4920,-0.3725290142
2020-03-25,4000,-0.1869918699
2020-04-02,2720,-0.32
2020-04-03,2489,-0.08492647059
2020-04-10,3140,0.2615508236
2020-04-11,4857,0.5468152866
2020-04-13,4857,0.0
2020-04-14,2800,-0.4235124562
2020-04-15,2800,0.0
2020-04-17,2900,0.03571428571
2020-04-18,2900,0.0
2020-04-20,2900,0.0
2020-04-21,4294,0.4806896552
2020-04-22,3161,-0.263856544
2020-04-23,4326,0.368554255
2020-04-24,2347,-0.4574664817
2020-04-25,3740,0.5935236472
2020-04-27,3740,0.0
2020-04-28,3474,-0.07112299465
2020-04-29,2900,-0.1652274036
2020-04-30,3141,0.08310344828
2020-05-01,3300,0.05062082139
2020-05-02,6102,0.8490909091
2020-05-04,6102,0.0
2020-05-05,4755,-0.220747296
2020-05-06,3216,-0.323659306
2020-05-07,3872,0.2039800995
2020-05-08,2563,-0.3380681818
2020-05-09,4527,0.7662895045
2020-05-11,3300,-0.2710404241
2020-05-12,4115,0.246969697
2020-05-13,3830,-0.06925880923
2020-05-14,4212,0.09973890339
2020-05-15,4734,0.1239316239
2020-05-16,5603,0.183565695
2020-05-18,6559,0.1706228806
2020-05-19,6559,0.0
2020-05-20,5638,-0.1404177466
2020-05-21,4509,-0.200248315
2020-05-22,8500,0.8851186516
2020-05-23,5687,-0.3309411765
2020-05-25,5687,0.0
2020-05-26,4914,-0.1359240373
2020-05-27,5120,0.04192104192
2020-05-28,3656,-0.2859375
2020-05-29,6846,0.8725382932
2020-05-30,8157,0.1914986854
2020-06-01,4800,-0.4115483634
2020-06-04,8800,0.8333333333
2020-06-05,10000,0.1363636364
2020-06-09,10138,0.0138
2020-06-10,8000,-0.2108897218
2020-06-11,5759,-0.280125
2020-06-12,8055,0.3986803264
2020-06-15,9571,0.1882060832
2020-06-16,1863,-0.8053494933
2020-06-17,3969,1.130434783
2020-06-22,4594,0.1574703956
2020-06-23,10924,1.377884197
2020-06-24,10458,-0.0426583669
2020-06-25,10500,0.004016064257
2020-06-26,7299,-0.3048571429
2020-06-27,7575,0.0378133991
2020-06-30,7707,0.01742574257
2020-07-01,7279,-0.05553393019
2020-07-02,8797,0.2085451298
2020-07-03,6683,-0.2403091963
2020-07-04,7067,0.0574592249
2020-07-06,3656,-0.482665912
2020-07-07,6546,0.7904814004
2020-07-08,6062,-0.07393828292
2020-07-11,5000,-0.1751897064
2020-07-13,5000,0.0
2020-07-14,8768,0.7536
2020-07-15,7879,-0.1013914234
2020-07-16,7500,-0.04810255109
2020-07-17,8000,0.06666666667
2020-07-18,5724,-0.2845
2020-07-20,2200,-0.6156533892
2020-07-21,8500,2.863636364
2020-07-22,8500,0.0
2020-07-23,8500,0.0
2020-07-24,6699,-0.2118823529
2020-07-25,4249,-0.3657262278
2020-07-28,3240,-0.2374676394
2020-07-29,3904,0.2049382716
2020-08-04,5983,0.5325307377
2020-08-05,4766,-0.2034096607
2020-08-06,2426,-0.4909777591
2020-08-07,2000,-0.1755976917
2020-08-08,4000,1.0
2020-08-10,4000,0.0
2020-08-13,3321,-0.16975
2020-08-14,3321,0.0
2020-08-15,3321,0.0
2020-08-17,3321,0.0
2020-08-18,5720,0.7223727793
2020-08-19,3698,-0.3534965035
2020-08-20,4200,0.1357490535
2020-08-21,4200,0.0
2020-08-22,4200,0.0
2020-08-24,4200,0.0
2020-08-25,4200,0.0
2020-08-26,4200,0.0
2020-08-27,4200,0.0
2020-08-28,4200,0.0
2020-08-29,4200,0.0
2020-08-31,4200,0.0
2020-09-01,4200,0.0
2020-09-02,4200,0.0
2020-09-03,4200,0.0
2020-09-04,4200,0.0
2020-09-05,4200,0.0
2020-09-07,4200,0.0
2020-09-08,4200,0.0
2020-09-09,4200,0.0
2020-09-10,4200,0.0
2020-09-11,4200,0.0
2020-09-12,5698,0.3566666667
2020-09-15,8049,0.4126009126
2020-09-16,7502,-0.06795875264
2020-09-17,4196,-0.4406824847
2020-09-18,6429,0.5321734986
2020-09-19,6638,0.03250894385
2020-09-21,6286,-0.05302802049
2020-09-22,7533,0.1983773465
2020-09-23,8000,0.06199389354
2020-09-28,6000,-0.25
2020-09-29,6000,0.0
2020-09-30,6000,0.0
2020-10-05,6000,0.0
2020-10-06,14270,1.378333333
2020-10-07,9153,-0.3585844429
2020-10-08,20023,1.187588769
2020-10-09,20023,0.0
2020-10-10,18000,-0.1010338111
2020-10-12,15646,-0.1307777778
2020-10-13,13540,-0.1346030934
2020-10-14,9795,-0.2765878877
2020-10-15,7159,-0.2691168964
2020-10-16,14516,1.027657494
2020-10-17,3807,-0.7377376688
2020-10-19,13263,2.483845548
2020-10-20,14000,0.05556812184
2020-10-21,13646,-0.02528571429
2020-10-22,9775,-0.2836728712
2020-10-23,10676,0.09217391304
2020-10-24,11401,0.06790932934
2020-10-26,10193,-0.1059556179
2020-10-27,10448,0.02501716865
2020-10-28,9775,-0.06441424196
2020-10-29,8876,-0.09196930946
2020-10-30,8814,-0.006985128436
2020-10-31,7961,-0.09677785342
2020-11-02,8691,0.09169702299
2020-11-03,13056,0.5022437004
2020-11-04,11625,-0.1096047794
2020-11-05,10541,-0.09324731183
2020-11-06,10862,0.03045251874
2020-11-07,12114,0.1152642239
2020-11-09,13729,0.1333168235
2020-11-10,15844,0.1540534635
2020-11-11,12144,-0.2335268871
2020-11-12,13975,0.1507740448
2020-11-13,15115,0.08157423971
2020-11-14,15414,0.01978167383
2020-11-16,15262,-0.009861165175
2020-11-17,11091,-0.2732931464
2020-11-18,11482,0.0352538094
2020-11-19,14073,0.2256575509
2020-11-20,11702,-0.1684786471
2020-11-21,14737,0.2593573748
2020-11-23,15166,0.02911040239
2020-11-24,13224,-0.1280495846
2020-11-25,11594,-0.1232607381
2020-11-26,12124,0.04571329998
2020-11-27,11420,-0.05806664467
2020-11-28,7675,-0.3279334501
2020-11-30,13378,0.7430618893
2020-12-01,13521,0.01068919121
2020-12-02,11129,-0.1769099919
2020-12-03,8690,-0.219157157
2020-12-04,8352,-0.03889528193
2020-12-05,9273,0.1102729885
2020-12-07,10377,0.1190553219
2020-12-08,10907,0.05107449166
2020-12-09,6554,-0.3991014945
2020-12-10,10999,0.6782117791
2020-12-11,10875,-0.01127375216
2020-12-12,10890,0.001379310345
2020-12-14,12784,0.1739210285
2020-12-15,14678,0.1481539424
2020-12-16,12465,-0.1507698597
2020-12-17,12475,0.0008022462896
2020-12-18,12475,0.0
2020-12-19,12475,0.0
2020-12-21,16319,0.3081362725
2020-12-22,16894,0.03523500214
2020-12-23,15435,-0.08636202202
2020-12-24,17190,0.1137026239
2020-12-25,18397,0.07021524142
2020-12-26,20561,0.1176278741
2020-12-28,22342,0.08662030057
2020-12-29,16513,-0.2608987557
2020-12-30,23642,0.4317204627
2020-12-31,22535,-0.04682344979
2021-01-04,22630,0.004215664522
2021-01-05,20692,-0.08563853292
2021-01-06,20902,0.0101488498
2021-01-07,20771,-0.006267342838
2021-01-08,20771,0.0
2021-01-09,19896,-0.04212604112
2021-01-11,22911,0.1515379976
2021-01-12,24144,0.05381694383
2021-01-13,23095,-0.04344764745
2021-01-14,18378,-0.2042433427
2021-01-15,17733,-0.03509631081
2021-01-16,17303,-0.0242485761
2021-01-18,19908,0.1505519274
2021-01-19,18815,-0.05490255174
2021-01-20,16282,-0.1346266277
2021-01-21,17924,0.1008475617
2021-01-22,22175,0.2371680428
2021-01-23,19497,-0.1207666291
2021-01-25,18972,-0.02692721957
2021-01-26,15486,-0.1837444655
2021-01-27,16048,0.03629084334
2021-01-28,16640,0.036889332
2021-01-29,19919,0.1970552885
2021-01-30,14909,-0.2515186505
2021-02-01,14865,-0.002951237508
2021-02-02,14164,-0.04715775311
2021-02-03,10655,-0.2477407512
2021-02-04,11106,0.04232754575
2021-02-05,8997,-0.1898973528
2021-02-06,8537,-0.05112815383
2021-02-08,11987,0.4041232283
2021-02-09,15825,0.3201801952
2021-02-10,11977,-0.2431595577
2021-02-11,17267,0.4416798864
2021-02-15,16905,-0.02096484624
2021-02-16,13196,-0.2194025436
2021-02-17,6184,-0.5313731434
2021-02-18,13904,1.248382924
2021-02-19,15019,0.08019275029
2021-02-20,16496,0.09834210001
2021-02-22,15013,-0.08990058196
2021-02-23,15013,0.0
2021-02-24,18689,0.2448544595
2021-02-25,14607,-0.2184172508
2021-02-26,14607,0.0
2021-02-27,11951,-0.1818306292
2021-03-01,11951,0.0
2021-03-02,11951,0.0
2021-03-03,11951,0.0
2021-03-04,11951,0.0
2021-03-05,11951,0.0
2021-03-06,18317,0.53267509
2021-03-08,19000,0.03728776546
2021-03-09,16454,-0.134
2021-03-10,11927,-0.2751306673
2021-03-11,11927,0.0
2021-03-12,11235,-0.05801961935
2021-03-13,8805,-0.2162883845
2021-03-15,8668,-0.01555934128
2021-03-16,8331,-0.03887863406
2021-03-17,8853,0.06265754411
2021-03-18,8942,0.01005308935
2021-03-19,8500,-0.04942965779
2021-03-20,8492,-0.0009411764706
2021-03-22,8701,0.02461139896
2021-03-23,7039,-0.1910125273
2021-03-24,7711,0.09546810627
2021-03-25,10167,0.3185060303
2021-03-26,10167,0.0
2021-03-27,10167,0.0
2021-03-29,9158,-0.09924264778
2021-03-30,14000,0.5287180607
2021-03-31,8334,-0.4047142857
2021-04-01,6571,-0.2115430766
2021-04-02,6571,0.0
2021-04-03,15509,1.360219145
2021-04-05,16091,0.03752659746
2021-04-07,16500,0.02541793549
2021-04-08,16384,-0.00703030303
2021-04-09,16384,0.0
2021-04-10,7600,-0.5361328125
2021-04-13,4588,-0.3963157895
2021-04-14,4588,0.0
2021-04-15,2022,-0.5592850915
2021-04-16,2330,0.1523244313
2021-04-17,1800,-0.2274678112
2021-04-21,5085,1.825
2021-04-22,3632,-0.2857423795
2021-04-23,2749,-0.2431167401
2021-04-24,2420,-0.1196798836
2021-04-26,2420,0.0
2021-04-27,2080,-0.1404958678
2021-04-28,1383,-0.3350961538
2021-04-29,1500,0.08459869848
2021-04-30,1500,0.0
2021-05-01,13000,7.666666667
2021-05-03,12310,-0.05307692308
2021-05-04,3726,-0.6973192526
2021-05-05,3726,0.0
2021-05-06,3726,0.0
2021-05-07,3726,0.0
2021-05-08,1947,-0.4774557166
2021-05-10,5797,1.97740113
2021-05-11,14000,1.415042263
2021-05-13,15000,0.07142857143
2021-05-14,15000,0.0
2021-05-15,15000,0.0
2021-05-17,12199,-0.1867333333
2021-05-19,14000,0.1476350521
2021-05-20,13936,-0.004571428571
2021-05-21,3383,-0.7572474168
2021-05-22,4891,0.4457582028
2021-05-24,14000,1.862400327
2021-05-25,5964,-0.574
2021-05-26,12019,1.015258216
2021-05-27,12019,0.0
2021-05-28,6315,-0.474581912
2021-05-29,6315,0.0
2021-05-31,6315,0.0
2021-06-01,6315,0.0
2021-06-02,6315,0.0
2021-06-03,6000,-0.04988123515
2021-06-04,8692,0.4486666667
2021-06-08,10225,0.176369075
2021-06-15,9600,-0.06112469438
2021-06-16,10547,0.09864583333
2021-06-17,10050,-0.04712240448
2021-06-18,4826,-0.519800995
2021-06-19,4826,0.0
2021-06-21,10397,1.154372151
2021-06-22,10397,0.0
2021-06-23,5325,-0.4878330288
2021-06-24,6462,0.2135211268
2021-06-26,4343,-0.3279170535
2021-06-29,19000,3.37485609
2021-06-30,7574,-0.6013684211
2021-07-01,8500,0.1222603644
2021-07-02,18800,1.211764706
2021-07-03,18800,0.0
2021-07-05,12806,-0.3188297872
2021-07-06,16574,0.2942370764
2021-07-08,5935,-0.6419090141
2021-07-09,5935,0.0
2021-07-12,9073,0.5287278854
2021-07-13,7672,-0.154414196
2021-07-14,3744,-0.511991658
2021-07-15,1898,-0.4930555556
2021-07-16,2986,0.5732349842
2021-07-17,2986,0.0
2021-07-19,6143,1.057267247
2021-07-20,4929,-0.1976233111
2021-07-21,3232,-0.3442889024
2021-07-22,3232,0.0
2021-07-23,1185,-0.6333539604
2021-07-24,1185,0.0
2021-07-26,2273,0.9181434599
2021-07-27,3390,0.4914210295
2021-07-28,3390,0.0
2021-07-29,3390,0.0
2021-07-30,3390,0.0
2021-07-31,3390,0.0
2021-08-02,3390,0.0
2021-08-03,4000,0.1799410029
2021-08-04,3517,-0.12075
2021-08-05,3500,-0.004833665055
2021-08-06,3500,0.0
2021-08-09,3500,0.0
2021-08-11,14947,3.270571429
2021-08-12,14947,0.0
2021-08-13,14947,0.0
2021-08-14,14947,0.0
2021-08-16,18000,0.2042550345
2021-08-17,18000,0.0
2021-08-18,18000,0.0
2021-08-19,18000,0.0
2021-08-20,18000,0.0
2021-08-21,18000,0.0
2021-08-23,18000,0.0
2021-08-24,18000,0.0
2021-08-26,16000,-0.1111111111
2021-08-27,16000,0.0
2021-08-28,16000,0.0
2021-08-30,16000,0.0
2021-08-31,6000,-0.625
2021-09-01,17000,1.833333333
2021-09-02,17000,0.0
2021-09-03,16000,-0.05882352941
2021-09-04,16792,0.0495
2021-09-06,3365,-0.7996069557
2021-09-07,4358,0.2950965825
2021-09-08,16561,2.800137678
2021-09-09,16879,0.01920173903
2021-09-10,16879,0.0
2021-09-13,16600,-0.01652941525
2021-09-14,7689,-0.5368072289
2021-09-15,3376,-0.5609312004
2021-09-16,7343,1.175059242
2021-09-17,9209,0.2541195697
2021-09-24,8700,-0.05527201651
2021-09-25,8700,0.0
2021-09-27,8000,-0.08045977011
2021-09-28,8592,0.074
2021-09-29,8154,-0.05097765363
2021-09-30,2449,-0.6996566103
2021-10-01,3335,0.3617803185
2021-10-02,3335,0.0
2021-10-04,6578,0.9724137931
2021-10-05,6459,-0.01809060505
2021-10-06,6900,0.06827682304
2021-10-07,6900,0.0
2021-10-08,7229,0.04768115942
2021-10-09,9114,0.2607552912
2021-10-11,9344,0.02523590081
2021-10-12,12650,0.3538099315
2021-10-13,13500,0.06719367589
2021-10-14,14815,0.09740740741
2021-10-15,15958,0.07715153561
2021-10-16,13594,-0.1481388645
2021-10-18,15546,0.1435927615
2021-10-19,13994,-0.09983275441
2021-10-20,11299,-0.1925825354
2021-10-21,11098,-0.01778918488
2021-10-22,14805,0.3340241485
2021-10-23,12693,-0.1426545086
2021-10-25,15312,0.2063342
2021-10-26,13338,-0.1289184953
2021-10-27,13877,0.0404108562
2021-10-28,14840,0.06939540246
2021-10-29,15911,0.07216981132
2021-10-30,16890,0.06152975929
2021-11-01,23641,0.3997039668
2021-11-02,25052,0.05968444651
2021-11-03,19412,-0.225131726
2021-11-04,24327,0.2531939007
2021-11-05,22313,-0.08278867102
2021-11-06,25718,0.1526016224
2021-11-08,25252,-0.01811960495
2021-11-09,10023,-0.6030809441
2021-11-10,8541,-0.1478599222
2021-11-11,29830,2.492565273
2021-11-12,24226,-0.1878645659
2021-11-13,24226,0.0
2021-11-15,25172,0.03904895567
2021-11-16,22137,-0.1205704751
2021-11-17,25584,0.1557121561
2021-11-18,16124,-0.3697623515
2021-11-19,24893,0.5438476805
2021-11-20,24893,0.0
2021-11-22,24314,-0.02325955088
2021-11-23,22403,-0.07859669326
2021-11-24,21167,-0.05517118243
2021-11-25,24962,0.1792885151
2021-11-26,24962,0.0
2021-11-27,22218,-0.1099270892
2021-11-29,22218,0.0
2021-11-30,22218,0.0
2021-12-01,22218,0.0
2021-12-02,22218,0.0
2021-12-03,22218,0.0
2021-12-04,22218,0.0
2021-12-06,22218,0.0
2021-12-09,29350,0.3210009902
2021-12-10,27633,-0.05850085179
2021-12-11,27276,-0.01291933558
2021-12-13,29955,0.09821821381
2021-12-14,22432,-0.2511433817
2021-12-15,22432,0.0
2021-12-16,14820,-0.3393366619
2021-12-18,31000,1.091767881
2021-12-20,27178,-0.1232903226
2021-12-21,20960,-0.2287879903
2021-12-22,18746,-0.105629771
2021-12-23,22728,0.2124186493
2021-12-24,21847,-0.03876275959
2021-12-25,21847,0.0
2021-12-27,22252,0.01853801437
2021-12-28,22994,0.03334531727
2021-12-29,23265,0.01178568322
2021-12-30,24072,0.03468729852
2021-12-31,19071,-0.2077517448
2022-01-03,22442,0.1767605265
2022-01-04,23777,0.05948667677
2022-01-05,15605,-0.3436934853
2022-01-06,13978,-0.1042614547
2022-01-07,19774,0.4146515954
2022-01-08,19774,0.0
2022-01-10,20296,0.0263983008
2022-01-11,19236,-0.05222703981
2022-01-12,19314,0.004054897068
2022-01-13,24607,0.274049912
2022-01-14,19749,-0.1974234974
2022-01-15,20781,0.05225581042
2022-01-17,23348,0.1235262981
2022-01-18,23217,-0.005610758952
2022-01-19,22426,-0.0340698626
2022-01-20,22426,0.0
2022-01-21,22228,-0.008829037724
2022-01-22,14053,-0.3677793774
2022-01-24,20690,0.4722834982
2022-01-25,14867,-0.2814403093
2022-01-26,13848,-0.0685410641
2022-01-27,20069,0.4492345465
2022-01-28,17265,-0.139717973
2022-01-29,20010,0.1589921807
2022-02-04,23367,0.1677661169
2022-02-05,19092,-0.1829503145
2022-02-07,15371,-0.1948983868
2022-02-08,15779,0.02654349099
2022-02-09,15262,-0.03276506749
2022-02-10,14587,-0.04422749312
2022-02-11,14169,-0.02865565229
2022-02-12,17284,0.219846143
2022-02-14,17091,-0.01116639667
2022-02-15,13182,-0.2287168685
2022-02-16,14626,0.1095433166
2022-02-17,14730,0.007110624915
2022-02-18,14941,0.01432450781
2022-02-19,14380,-0.03754768757
2022-02-21,14603,0.01550764951
2022-02-22,17299,0.1846195987
2022-02-23,17954,0.03786346032
2022-02-24,18400,0.024841261
2022-02-25,17655,-0.04048913043
2022-02-26,16552,-0.06247521948
2022-02-28,16552,0.0
2022-03-01,16552,0.0
2022-03-02,20000,0.2083131948
2022-03-03,6759,-0.66205
2022-03-04,6759,0.0
2022-03-05,16822,1.488829709
2022-03-07,17981,0.06889787183
2022-03-08,12421,-0.3092152828
2022-03-09,12421,0.0
2022-03-10,12421,0.0
2022-03-11,9402,-0.2430561146
2022-03-12,9402,0.0
2022-03-14,4768,-0.4928738566
2022-03-15,13556,1.843120805
2022-03-16,13556,0.0
2022-03-17,13556,0.0
2022-03-18,13556,0.0
2022-04-01,7410,-0.4533785778
2022-04-02,7315,-0.01282051282
2022-04-04,5806,-0.2062884484
2022-04-05,4692,-0.1918704788
2022-04-06,4692,0.0
2022-04-07,3550,-0.2433930094
2022-04-08,3550,0.0
2022-04-09,3500,-0.01408450704
2022-04-11,3500,0.0
2022-04-12,3500,0.0
2022-04-13,5551,0.586
2022-04-14,9267,0.6694289317
2022-04-15,10519,0.1351030538
2022-04-16,2010,-0.8089171975
2022-04-18,20229,9.064179104
2022-04-19,17814,-0.1193830639
2022-04-20,1300,-0.9270236892
2022-04-21,14916,10.47384615
2022-04-22,4500,-0.698310539
2022-04-23,13442,1.987111111
2022-04-25,12853,-0.04381788424
2022-04-26,6000,-0.5331829145
2022-04-27,9963,0.6605
2022-04-28,5382,-0.4598012647
2022-04-29,5811,0.07971014493
2022-04-30,6120,0.05317501291
2022-05-02,3315,-0.4583333333
2022-05-03,3315,0.0
2022-05-04,2959,-0.1073906486
2022-06-01,12366,3.179114566
2022-06-02,17226,0.3930131004
2022-06-04,17255,0.001683501684
2022-06-06,19000,0.1011301072
2022-06-07,19000,0.0
2022-06-08,12000,-0.3684210526
2022-06-09,12000,0.0
2022-06-10,23000,0.9166666667
2022-06-11,17091,-0.2569130435
2022-06-13,18678,0.09285588906
2022-06-14,19981,0.0697612164
2022-06-15,20524,0.02717581703
2022-06-16,16647,-0.1889007991
2022-06-17,8918,-0.4642878597
2022-06-18,8918,0.0
2022-06-20,20134,1.257681094
2022-06-21,22000,0.09267905036
2022-06-22,22000,0.0
2022-06-23,22000,0.0
2022-06-24,22212,0.009636363636
2022-06-25,20547,-0.07495948136
2022-06-27,18359,-0.1064875651
2022-06-28,8683,-0.5270439566
2022-06-29,7548,-0.1307151906
2022-06-30,7189,-0.04756226815
2022-07-01,5492,-0.2360550842
2022-07-02,5492,0.0
2022-07-04,5492,0.0
2022-07-05,6950,0.2654770575
2022-07-06,4427,-0.3630215827
2022-07-07,4427,0.0
2022-07-08,4427,0.0
2022-07-09,4427,0.0
2022-07-11,4427,0.0
2022-07-12,8120,0.834199232
2022-07-13,7406,-0.08793103448
2022-07-14,7076,-0.04455846611
2022-07-16,24116,2.408140192
2022-07-18,16814,-0.3027865318
2022-07-23,24473,0.4555132628
2022-07-25,18385,-0.2487639439
2022-07-26,17519,-0.04710361708
2022-07-27,18542,0.05839374394
2022-07-28,1901,-0.8974760004
2022-07-29,10514,4.530773277
2022-07-30,10514,0.0
2022-08-01,10514,0.0
2022-08-02,10514,0.0
2022-08-03,19188,0.8249952444
2022-08-04,19683,0.02579737336
2022-08-05,20394,0.0361225423
2022-08-06,20394,0.0
2022-08-08,20394,0.0
2022-08-16,8200,-0.5979209571
2022-08-17,8200,0.0
2022-08-18,8200,0.0
2022-08-19,8200,0.0
2022-08-20,8000,-0.0243902439
2022-08-22,6936,-0.133
2022-08-23,2725,-0.6071222607
2022-08-24,2725,0.0
2022-08-25,2725,0.0
2022-08-26,2725,0.0
2022-08-27,6438,1.362568807
2022-08-29,16000,1.485243865
2022-08-30,11745,-0.2659375
2022-08-31,11745,0.0
2022-09-01,13309,0.1331630481
2022-09-02,7000,-0.4740401232
2022-09-03,7000,0.0
2022-09-15,7216,0.03085714286
2022-09-16,7673,0.06333148559
2022-09-17,4723,-0.3844650072
2022-09-19,8584,0.8174888842
2022-09-20,8584,0.0
2022-09-21,10000,0.1649580615
2022-09-22,5500,-0.45
2022-09-23,19984,2.633454545
2022-09-24,22289,0.1153422738
2022-09-26,12891,-0.4216429629
2022-09-27,13830,0.07284151734
2022-09-28,12319,-0.1092552422
2022-09-29,12319,0.0
2022-09-30,7484,-0.3924831561
2022-10-01,7484,0.0
2022-10-03,6997,-0.06507215393
2022-10-04,6997,0.0
2022-10-05,7187,0.02715449478
2022-10-06,7187,0.0
2022-10-07,9508,0.3229442048
2022-10-08,11668,0.227177114
2022-10-10,7660,-0.3435035996
2022-10-12,5317,-0.3058746736
2022-10-13,6569,0.2354711303
2022-10-14,6145,-0.06454559294
2022-10-15,6263,0.01920260374
2022-10-17,10562,0.6864122625
2022-10-18,9799,-0.07224010604
2022-10-19,6018,-0.3858556996
2022-10-20,8124,0.3499501496
2022-10-21,7533,-0.07274741507
2022-10-22,8370,0.1111111111
2022-10-24,16966,1.027001195
2022-10-25,17239,0.01609100554
2022-10-26,17239,0.0
2022-10-27,17498,0.01502407332
2022-10-28,17390,-0.006172133958
2022-10-29,17390,0.0
2022-10-31,17085,-0.01753881541
2022-11-01,17085,0.0
2022-11-02,19180,0.1226221832
2022-11-03,19180,0.0
2022-11-04,18069,-0.05792492179
2022-11-05,17622,-0.02473850241
2022-11-07,20011,0.1355691749
2022-11-08,23000,0.1493678477
2022-11-09,23000,0.0
2022-11-10,22876,-0.005391304348
2022-11-11,22792,-0.003671970624
2022-11-12,21188,-0.07037557038
2022-11-14,17680,-0.1655654144
2022-11-15,21604,0.2219457014
2022-11-16,20611,-0.04596371042
2022-11-17,20611,0.0
2022-11-18,16342,-0.2071224104
2022-11-19,16342,0.0
2022-11-21,18316,0.1207930486
2022-11-22,18353,0.002020091723
2022-11-23,19306,0.05192611562
2022-11-24,20010,0.03646534756
2022-11-25,20999,0.04942528736
2022-11-26,21919,0.04381161008
2022-11-28,21919,0.0
2022-11-29,19369,-0.1163374242
2022-11-30,19369,0.0
2022-12-01,17024,-0.1210697506
2022-12-02,18768,0.102443609
2022-12-03,18768,0.0
2022-12-05,20412,0.08759590793
2022-12-06,20402,-0.0004899078973
2022-12-07,19150,-0.06136653269
2022-12-08,19150,0.0
2022-12-09,17214,-0.1010966057
2022-12-10,17214,0.0
2022-12-12,18207,0.05768560474
2022-12-13,19730,0.08364914593
2022-12-14,17189,-0.1287886467
2022-12-15,16616,-0.03333527256
2022-12-16,18287,0.1005657198
2022-12-17,15811,-0.1353967299
2022-12-19,20723,0.3106697869
2022-12-20,21361,0.03078704821
2022-12-21,20046,-0.06156078835
2022-12-22,19774,-0.01356879178
2022-12-23,19169,-0.03059573177
2022-12-24,17964,-0.06286191246
2022-12-26,21932,0.2208862169
2022-12-27,21932,0.0
2022-12-28,18910,-0.1377895313
2022-12-29,18048,-0.04558434691
2022-12-30,19051,0.05557402482
2022-12-31,19683,0.0331741116
2023-01-03,17157,-0.1283340954
2023-01-04,18062,0.05274814944
2023-01-05,17883,-0.009910308936
2023-01-06,19832,0.108986188
2023-01-07,19832,0.0
2023-01-09,17263,-0.1295381202
2023-01-10,17703,0.025488038
2023-01-11,15759,-0.1098118963
2023-01-12,17579,0.1154895615
2023-01-13,17751,0.009784401843
2023-01-14,17247,-0.0283927666
2023-01-16,19746,0.1448947643
2023-01-17,18957,-0.03995745974
2023-01-18,18596,-0.01904309754
2023-01-19,19427,0.04468702947
2023-01-20,20009,0.02995830545
2023-01-21,19937,-0.003598380729
2023-01-25,20549,0.03069669459
2023-01-26,20549,0.0
2023-01-27,21355,0.03922331987
2023-01-28,21355,0.0
2023-01-30,21884,0.02477171623
2023-01-31,25583,0.1690276001
2023-02-01,27000,0.05538834382
2023-02-02,26000,-0.03703703704
2023-02-03,11437,-0.5601153846
2023-02-04,19594,0.7132115065
2023-02-06,18905,-0.03516382566
2023-02-07,20542,0.08659084898
2023-02-08,18038,-0.1218966021
2023-02-09,19402,0.07561813948
2023-02-10,19402,0.0
2023-02-11,19947,0.02808988764
2023-02-13,21129,0.05925703113
2023-02-14,22726,0.0755833215
2023-02-15,22220,-0.02226524685
2023-02-16,21619,-0.02704770477
2023-02-17,19909,-0.07909709052
2023-02-18,19909,0.0
2023-02-20,20734,0.04143854538
2023-02-21,19449,-0.06197549918
2023-02-22,17300,-0.1104941128
2023-02-23,6165,-0.6436416185
2023-02-24,19206,2.115328467
2023-02-25,20443,0.06440695616
2023-02-27,20862,0.02049601331
2023-02-28,21094,0.01112069792
2023-03-01,11764,-0.442305869
2023-03-02,19854,0.6876912615
2023-03-03,17378,-0.1247103858
2023-03-04,17378,0.0
2023-03-06,17692,0.01806882265
2023-03-07,17692,0.0
2023-03-08,17269,-0.02390911146
2023-03-09,17269,0.0
2023-03-10,16722,-0.03167525624
2023-03-11,16722,0.0
2023-03-13,16202,-0.03109675876
2023-03-14,22500,0.3887174423
2023-03-24,9000,-0.6
2023-03-25,9000,0.0
2023-03-27,9000,0.0
2023-03-28,8055,-0.105
2023-03-29,8055,0.0
2023-03-30,8055,0.0
2023-04-01,15000,0.8621973929
2023-04-06,4523,-0.6984666667
2023-04-07,4523,0.0
2023-04-08,4523,0.0
2023-04-10,8332,0.8421401725
2023-04-11,4778,-0.4265482477
2023-04-12,4778,0.0
2023-04-13,4778,0.0
2023-04-14,4778,0.0
2023-04-17,6409,0.341356216
2023-04-18,23148,2.611795912
2023-04-19,23148,0.0
2023-04-20,16170,-0.3014515293
2023-04-21,21000,0.2987012987
2023-04-22,21000,0.0
2023-04-24,6815,-0.6754761905
2023-04-25,6815,0.0
2023-04-26,6375,-0.06456346295
2023-04-27,1022,-0.8396862745
2023-04-28,1022,0.0
2023-04-29,7310,6.152641879
2023-05-01,7310,0.0
2023-05-02,7310,0.0
2023-05-03,7310,0.0
2023-05-04,7310,0.0
2023-05-05,15038,1.057181943
2023-05-06,15038,0.0
2023-05-08,4657,-0.6903178614
2023-05-09,4201,-0.09791711402
2023-05-10,1295,-0.6917400619
2023-05-11,8232,5.356756757
2023-05-12,7341,-0.1082361516
2023-05-13,7341,0.0
2023-05-15,7381,0.005448848931
2023-05-16,6692,-0.09334778485
2023-05-17,6692,0.0
2023-05-18,6692,0.0
2023-05-19,8597,0.2846682606
2023-05-20,8597,0.0
2023-05-22,10319,0.2003024311
2023-05-23,11447,0.1093129179
2023-05-24,11447,0.0
2023-05-25,11447,0.0
2023-05-27,8196,-0.2840045427
2023-05-29,8196,0.0
2023-05-31,5188,-0.3670082967
2023-06-01,1402,-0.7297609869
2023-06-02,1402,0.0
2023-06-03,1402,0.0
2023-06-05,23849,16.010699
2023-06-06,23849,0.0
2023-06-07,23000,-0.0355989769
2023-06-08,23000,0.0
2023-06-09,23000,0.0
2023-06-10,23000,0.0
2023-06-12,23000,0.0
2023-06-13,23000,0.0
2023-06-14,23000,0.0
2023-06-15,23000,0.0
2023-06-16,23000,0.0
2023-06-17,23000,0.0
2023-06-22,5848,-0.7457391304
2023-06-23,24434,3.178180575
2023-06-24,17471,-0.2849717607
2023-06-26,20368,0.1658176407
2023-06-27,14419,-0.2920758052
2023-06-28,20501,0.4218045634
2023-06-29,18727,-0.08653236427
2023-06-30,18727,0.0
2023-07-03,18261,-0.02488385753
2023-07-04,19971,0.09364218827
2023-07-05,19971,0.0
2023-07-06,5658,-0.7166891993
2023-07-07,22095,2.905090138
2023-07-08,2539,-0.8850871238
2023-07-10,23300,8.176841276
2023-07-11,22333,-0.04150214592
2023-07-12,22076,-0.01150763444
2023-07-13,20288,-0.0809929335
2023-07-14,22000,0.08438485804
2023-07-15,20376,-0.07381818182
2023-07-17,20113,-0.01290734197
2023-07-18,13824,-0.3126833391
2023-07-19,20238,0.4639756944
2023-07-20,9911,-0.5102776954
2023-07-21,9911,0.0
2023-07-22,22758,1.296236505
2023-07-24,11697,-0.4860268916
2023-07-25,11840,0.01222535693
2023-07-26,11840,0.0
2023-07-29,5691,-0.5193412162
2023-08-01,2857,-0.4979792655
2023-08-02,2857,0.0
2023-08-03,2857,0.0
2023-08-04,2857,0.0
2023-08-07,2857,0.0
2023-08-08,4500,0.5750787539
2023-08-09,4500,0.0
2023-08-10,4500,0.0
2023-08-11,4500,0.0
2023-08-12,4500,0.0
2023-08-14,4500,0.0
2023-08-15,4500,0.0
2023-08-22,928,-0.7937777778
2023-08-23,25748,26.74568966
2023-08-24,21780,-0.154109057
2023-08-25,17017,-0.2186868687
2023-08-26,16125,-0.05241817007
2023-08-28,2789,-0.8270387597
2023-08-29,17410,5.242380782
2023-08-30,15778,-0.09373923033
2023-08-31,17771,0.1263151223
2023-09-01,17771,0.0
2023-09-02,17771,0.0
2023-09-04,17771,0.0
2023-09-19,19056,0.07230881774
2023-09-21,14900,-0.2180940386
2023-09-22,18784,0.2606711409
2023-09-23,12543,-0.3322508518
2023-09-25,12543,0.0
2023-09-26,12543,0.0
2023-09-27,6750,-0.4618512318
2023-09-28,6750,0.0
2023-10-02,6750,0.0
2023-10-03,6750,0.0
2023-10-04,6750,0.0
2023-10-05,6750,0.0
2023-10-06,6750,0.0
2023-10-07,6750,0.0
2023-10-09,6750,0.0
2023-10-10,5553,-0.1773333333
2023-10-12,2362,-0.5746443364
2023-10-13,4875,1.063928874
2023-10-14,4386,-0.1003076923
2023-10-16,13656,2.113543092
2023-10-17,14827,0.08574985354
2023-10-20,17623,0.1885748971
2023-10-21,17078,-0.03092549509
2023-10-23,15817,-0.07383768591
2023-10-24,17029,0.07662641462
2023-10-25,16241,-0.04627400317
2023-10-26,15634,-0.0373745459
2023-10-27,14086,-0.09901496738
2023-10-28,10034,-0.2876615079
2023-10-30,16001,0.5946780945
2023-10-31,13717,-0.1427410787
2023-11-01,11869,-0.134723336
2023-11-02,11321,-0.04617069677
2023-11-03,8822,-0.2207402173
2023-11-06,12334,0.3980956699
2023-11-07,11476,-0.06956380736
2023-11-08,12868,0.121296619
2023-11-09,13742,0.06792042275
2023-11-10,11568,-0.1582011352
2023-11-11,9879,-0.1460062241
2023-11-13,10944,0.1078044336
2023-11-14,10855,-0.008132309942
2023-11-15,9022,-0.1688622754
2023-11-16,11187,0.2399689648
2023-11-17,11590,0.03602395638
2023-11-18,10262,-0.1145815358
2023-11-20,15655,0.5255310856
2023-11-21,19153,0.2234429895
2023-11-22,23205,0.2115595468
2023-11-23,22080,-0.04848093083
2023-11-24,21016,-0.0481884058
2023-11-25,25328,0.205177008
2023-11-27,21000,-0.1708780796
2023-11-28,18818,-0.1039047619
2023-11-29,17402,-0.07524710384
2023-11-30,17309,-0.005344213309
2023-12-01,15961,-0.07787856029
2023-12-02,18609,0.165904392
2023-12-04,25419,0.3659519587
2023-12-05,21953,-0.1363546953
2023-12-06,17987,-0.1806586799
2023-12-07,19035,0.058264302
2023-12-08,22581,0.1862884161
2023-12-09,18456,-0.1826757008
2023-12-11,16435,-0.1095036844
2023-12-12,17766,0.08098570125
2023-12-13,17978,0.01193290555
2023-12-14,19026,0.0582934698
2023-12-15,15902,-0.1641963629
2023-12-16,20816,0.3090177336
2023-12-18,28001,0.3451671791
2023-12-19,19514,-0.303096318
2023-12-20,26620,0.3641488162
2023-12-21,25979,-0.02407963937
2023-12-22,23041,-0.113091343
2023-12-23,26783,0.1624061456
2023-12-25,25887,-0.03345405668
2023-12-26,25824,-0.002433653958
2023-12-27,19711,-0.2367177819
2023-12-28,25840,0.3109431282
2023-12-29,24029,-0.07008513932
2023-12-30,26690,0.1107411877
2024-01-03,29607,0.1092918696
2024-01-04,28648,-0.03239098862
2024-01-05,21960,-0.2334543424
2024-01-06,27622,0.2578324226
2024-01-08,22425,-0.1881471291
2024-01-09,21874,-0.02457079153
2024-01-10,18773,-0.1417664808
2024-01-11,19278,0.02690033559
2024-01-12,23871,0.2382508559
2024-01-13,23871,0.0
2024-01-15,23871,0.0
2024-01-16,23871,0.0
2024-01-17,18273,-0.2345104939
2024-01-18,14471,-0.2080665463
2024-01-19,14656,0.01278418907
2024-01-20,12857,-0.1227483624
2024-01-22,22472,0.7478416427
2024-01-23,21517,-0.04249733001
2024-01-24,16584,-0.2292605847
2024-01-25,18941,0.1421249397
2024-01-26,17548,-0.07354416345
2024-01-27,23727,0.3521198997
2024-01-29,20452,-0.1380284065
2024-01-30,18473,-0.09676315275
2024-01-31,21067,0.1404211552
2024-02-01,16824,-0.2014050411
2024-02-02,18124,0.07727056586
2024-02-03,18224,0.005517545796
2024-02-05,16734,-0.08176031607
2024-02-06,15235,-0.08957810446
2024-02-07,16345,0.07285854939
2024-02-08,20539,0.25659223
2024-02-09,17786,-0.1340376844
2024-02-13,18516,0.04104351737
2024-02-14,13552,-0.2680924606
2024-02-15,14435,0.06515643447
2024-02-16,15194,0.05258053343
2024-02-17,18135,0.1935632487
2024-02-19,14186,-0.217755721
2024-02-20,12030,-0.1519808262
2024-02-21,12288,0.02144638404
2024-02-22,12811,0.04256184896
2024-02-23,15397,0.2018577785
2024-02-24,17900,0.1625641359
2024-02-26,14400,-0.1955307263
2024-02-27,15328,0.06444444444
2024-02-28,19073,0.2443241127
2024-02-29,22971,0.2043726734
2024-03-01,19637,-0.1451395237
2024-03-04,15559,-0.2076691959
2024-03-05,15559,0.0
2024-03-06,19764,0.2702615849
2024-03-07,17433,-0.1179417122
2024-03-08,15410,-0.1160442838
2024-03-09,15105,-0.01979234263
2024-03-11,15049,-0.003707381662
2024-03-12,10535,-0.2999534853
2024-03-13,9468,-0.1012814428
2024-03-14,9462,-0.0006337135615
2024-03-15,11446,0.2096808286
2024-03-16,11604,0.01380394898
2024-03-18,11524,-0.006894174423
2024-03-19,10376,-0.09961818813
2024-03-20,10854,0.04606784888
2024-03-21,10669,-0.01704440759
2024-03-22,11000,0.0310244634
2024-03-23,11000,0.0
2024-03-25,11000,0.0
2024-03-26,11000,0.0
2024-03-27,11000,0.0
2024-03-28,7829,-0.2882727273
2024-03-29,11000,0.4050325712
2024-03-30,11000,0.0
2024-04-01,11000,0.0
2024-04-02,11000,0.0
2024-04-15,10292,-0.06436363636
2024-04-17,9903,-0.03779634668
2024-04-18,5000,-0.4951024942
2024-04-19,5000,0.0
2024-04-20,4009,-0.1982
2024-04-22,4643,0.1581441756
2024-04-23,14625,2.14990308
2024-04-24,17300,0.1829059829
2024-04-25,13357,-0.2279190751
2024-04-26,15637,0.1706970128
2024-04-27,15637,0.0
2024-04-29,12000,-0.2325893714
2024-04-30,3048,-0.746
2024-05-01,7502,1.461286089
2024-05-02,3539,-0.5282591309
2024-05-03,2210,-0.3755298107
2024-05-04,2902,0.3131221719
2024-05-06,4500,0.5506547209
2024-05-07,2742,-0.3906666667
2024-05-13,3000,0.09409190372
2024-06-17,7644,1.548
2024-06-18,7644,0.0
2024-06-19,6652,-0.1297749869
2024-06-20,3872,-0.4179194227
2024-06-21,2596,-0.3295454545
2024-06-22,2596,0.0
2024-06-24,2596,0.0
2024-06-25,2596,0.0
2024-06-26,2596,0.0
2024-06-28,6793,1.616718028
2024-06-29,5059,-0.2552627705
2024-07-01,5855,0.1573433485
2024-07-02,3205,-0.4526046114
2024-07-03,3205,0.0
2024-07-04,3205,0.0
2024-07-05,3205,0.0
2024-07-11,20750,5.47425897
2024-07-12,20750,0.0
2024-07-13,20750,0.0
2024-07-15,19529,-0.05884337349
2024-07-16,19529,0.0
2024-07-17,19529,0.0
2024-07-18,19955,0.02181371294
2024-07-20,20143,0.009421197695
2024-07-22,20143,0.0
2024-07-23,20143,0.0
2024-07-26,19409,-0.03643945788
2024-07-27,19409,0.0
2024-07-29,19409,0.0
2024-07-30,19409,0.0
2024-07-31,19409,0.0
2024-08-01,19409,0.0
2024-08-02,19409,0.0
2024-08-05,19409,0.0
2024-09-02,17469,-0.09995362976
2024-09-03,17469,0.0
2024-09-04,17469,0.0
2024-09-05,17469,0.0
2024-09-20,20383,0.1668097773
2024-09-21,20383,0.0
2024-09-23,20383,0.0
2024-09-24,20383,0.0
2024-09-25,20383,0.0
2024-09-26,20383,0.0
2024-09-27,20383,0.0
2024-09-28,20383,0.0
2024-10-03,13000,-0.3622136094
2024-10-04,16068,0.236
2024-10-05,17226,0.07206870799
2024-10-07,9378,-0.4555903866
2024-10-08,9706,0.03497547451
2024-10-09,9706,0.0
2024-10-10,20780,1.140943746
2024-10-11,9457,-0.5448989413
2024-10-12,914,-0.9033520144
2024-10-14,11783,11.8916849
2024-10-15,17484,0.4838326402
2024-10-16,19775,0.1310340883
2024-10-17,17343,-0.1229835651
2024-10-18,10567,-0.3907051836
2024-10-19,7917,-0.2507807325
2024-10-21,13730,0.7342427687
2024-10-22,13420,-0.0225782957
2024-10-23,13650,0.01713859911
2024-10-24,16200,0.1868131868
2024-10-25,17520,0.08148148148
2024-10-26,12583,-0.2817922374
2024-10-28,15914,0.2647222443
2024-10-29,8618,-0.4584642453
2024-10-30,18498,1.146437689
2024-10-31,16187,-0.1249324251
2024-11-01,12372,-0.2356829555
2024-11-02,16310,0.3182993857
2024-11-05,8974,-0.4497854077
2024-11-06,18381,1.048250501
2024-11-07,17500,-0.04792992764
2024-11-08,19498,0.1141714286
2024-11-09,22642,0.1612473074
2024-11-11,20823,-0.08033742602
2024-11-12,24682,0.1853239207
2024-11-13,27907,0.1306620209
2024-11-14,23678,-0.1515390404
2024-11-15,17940,-0.2423346566
2024-11-16,24941,0.390245262
2024-11-18,21717,-0.1292650656
2024-11-19,22959,0.05719021964
2024-11-20,20852,-0.09177228973
2024-11-21,22529,0.08042394015
2024-11-22,21276,-0.05561720449
2024-11-23,18232,-0.143072006
2024-11-25,22890,0.2554848618
2024-11-26,22172,-0.03136740935
2024-11-27,18076,-0.1847375068
2024-11-28,23044,0.2748395663
2024-11-29,25014,0.08548863045
2024-11-30,22834,-0.08715119533
2024-12-02,25841,0.1316895857
2024-12-03,22887,-0.1143144615
2024-12-04,24183,0.05662603225
2024-12-05,24611,0.01769838316
2024-12-06,19146,-0.2220551786
2024-12-07,22561,0.1783662384
2024-12-09,24128,0.06945614113
2024-12-10,20130,-0.1656996021
2024-12-11,18974,-0.05742672628
2024-12-12,22242,0.1722356909
2024-12-13,25616,0.1516949915
2024-12-14,24604,-0.0395065584
2024-12-16,23625,-0.039790278
2024-12-17,21355,-0.09608465608
2024-12-18,19481,-0.08775462421
2024-12-19,24942,0.2803244187
2024-12-20,27708,0.1108972817
2024-12-21,27977,0.009708387469
2024-12-23,27024,-0.03406369518
2024-12-24,26700,-0.01198934281
2024-12-25,26643,-0.002134831461
2024-12-26,25015,-0.06110423
2024-12-27,22412,-0.1040575655
2024-12-28,25168,0.1229698376
2024-12-30,27613,0.09714717101
2024-12-31,27978,0.01321841162
