날짜,우럭_대,우럭_중,우럭_소,d우럭_대,d우럭_중,d우럭_소
2018-01-04,10831,8320,6184,0.1316476857,0.9475655431,0.9694267516
2018-01-06,11367,8285,5362,0.04948758194,-0.004206730769,-0.132923674
2018-01-08,9922,7651,5868,-0.1271223718,-0.07652383826,0.09436777322
2018-01-09,6000,5094,4000,-0.395283209,-0.3342046791,-0.3183367416
2018-01-10,5500,5291,4341,-0.08333333333,0.03867294857,0.08525
2018-01-11,5500,5291,4341,0,0,0
2018-01-12,11513,10802,10500,1.093272727,1.041580042,1.418797512
2018-01-13,10157,9636,8322,-0.117779901,-0.1079429735,-0.2074285714
2018-01-15,4428,4165,4000,-0.5640445013,-0.5677667082,-0.519346311
2018-01-16,4428,4165,4000,0,0,0
2018-01-17,4428,4165,4000,0,0,0
2018-01-18,4428,4165,4000,0,0,0
2018-01-19,4428,4165,4000,0,0,0
2018-01-22,8500,8500,8100,0.9196025294,1.040816327,1.025
2018-01-23,8500,8500,8100,0,0,0
2018-01-24,8500,8500,8100,0,0,0
2018-01-25,8500,8500,8100,0,0,0
2018-01-27,12666,12399,10209,0.4901176471,0.4587058824,0.2603703704
2018-01-29,12666,12399,10209,0,0,0
2018-01-30,12703,12408,12300,0.002921206379,0.0007258649891,0.2048192771
2018-01-31,12703,12408,12300,0,0,0
2018-02-01,10216,7775,7065,-0.1957805243,-0.3733881367,-0.4256097561
2018-02-02,11220,10133,4285,0.09827721222,0.3032797428,-0.3934890304
2018-02-03,11220,10133,4285,0,0,0
2018-02-05,11220,10133,4285,0,0,0
2018-02-06,9500,9500,9252,-0.1532976827,-0.06246916017,1.15915986
2018-02-07,9500,9500,9252,0,0,0
2018-02-08,11700,9490,8162,0.2315789474,-0.001052631579,-0.1178123649
2018-02-09,10849,9510,8473,-0.07273504274,0.00210748156,0.03810340603
2018-02-13,11000,8595,4838,0.01391833349,-0.09621451104,-0.4290097958
2018-02-14,12000,11818,10047,0.09090909091,0.3749854567,1.07668458
2018-02-15,12000,11818,10047,0,0,0
2018-02-19,10144,8277,7364,-0.1546666667,-0.2996276866,-0.267044889
2018-02-20,6230,5675,5337,-0.3858438486,-0.3143651081,-0.275258012
2018-02-21,7286,6083,4591,0.1695024077,0.07189427313,-0.139778902
2018-02-22,7286,6083,4591,0,0,0
2018-02-23,9499,5115,3233,0.3037331869,-0.1591320072,-0.2957961228
2018-02-24,11107,5334,3373,0.1692809769,0.04281524927,0.04330343334
2018-02-26,9633,4258,2838,-0.1327091024,-0.2017247844,-0.1586125111
2018-02-27,7551,4893,4000,-0.2161320461,0.1491310474,0.4094432699
2018-02-28,8250,8000,6080,0.09257052046,0.6349887595,0.52
2018-03-01,8200,7492,7000,-0.006060606061,-0.0635,0.1513157895
2018-03-02,8250,8000,6080,0.006097560976,0.06780565937,-0.1314285714
2018-03-06,10700,10574,10500,0.296969697,0.32175,0.7269736842
2018-03-07,11062,8241,4236,0.0338317757,-0.2206355211,-0.5965714286
2018-03-08,6303,5030,5000,-0.430211535,-0.38963718,0.1803588291
2018-03-09,9318,8746,8137,0.4783436459,0.7387673956,0.6274
2018-03-10,9693,6197,4510,0.0402446877,-0.2914475189,-0.4457416738
2018-03-13,6000,5918,5137,-0.3809965955,-0.04502178473,0.1390243902
2018-03-14,6817,6466,5125,0.1361666667,0.09259885096,-0.002335993771
2018-03-15,5675,4756,3801,-0.1675223705,-0.2644602536,-0.2583414634
2018-03-16,5714,4821,4073,0.006872246696,0.01366694701,0.07156011576
2018-03-17,6688,4894,3908,0.1704585229,0.0151420867,-0.04051068009
2018-03-19,8217,7476,6961,0.2286184211,0.5275847977,0.7812180143
2018-03-21,8097,6984,6533,-0.01460387003,-0.0658105939,-0.06148541876
2018-03-22,6165,5502,5000,-0.2386068914,-0.2121993127,-0.2346548293
2018-03-23,8328,5778,4748,0.3508515815,0.05016357688,-0.0504
2018-03-24,6000,5743,5006,-0.2795389049,-0.006057459328,0.05433866891
2018-03-26,8328,5778,4748,0.388,0.006094375762,-0.05153815421
2018-03-27,9370,6953,6000,0.1251200768,0.2033575632,0.2636899747
2018-03-28,9370,6953,6000,0,0,0
2018-03-29,7224,6493,5022,-0.2290288154,-0.06615849274,-0.163
2018-03-30,10031,9260,6479,0.3885658915,0.4261512398,0.2901234568
2018-03-31,9476,6054,4877,-0.05532848171,-0.3462203024,-0.2472603797
2018-04-02,7931,7522,7092,-0.1630434783,0.2424843079,0.4541726471
2018-04-03,7931,7522,7092,0,0,0
2018-04-04,7931,7522,7092,0,0,0
2018-04-05,8492,7842,7200,0.07073509015,0.04254187716,0.0152284264
2018-04-06,8949,7988,7203,0.05381535563,0.01861769957,0.0004166666667
2018-04-07,8560,6375,5440,-0.04346854397,-0.2019278918,-0.2447591281
2018-04-10,7000,7000,6862,-0.1822429907,0.09803921569,0.2613970588
2018-04-11,7411,7212,7017,0.05871428571,0.03028571429,0.02258816672
2018-04-12,7040,6775,6634,-0.05006072055,-0.06059345535,-0.05458173008
2018-04-13,7230,7200,7200,0.02698863636,0.06273062731,0.08531805849
2018-04-14,8242,7415,7109,0.1399723375,0.02986111111,-0.01263888889
2018-04-16,8242,7415,7109,0,0,0
2018-04-17,8242,7415,7109,0,0,0
2018-04-18,8242,7415,7109,0,0,0
2018-04-19,8242,7415,7109,0,0,0
2018-04-20,8242,7415,7109,0,0,0
2018-04-21,7735,7247,6112,-0.06151419558,-0.0226567768,-0.1402447602
2018-04-23,8500,8366,8200,0.0989010989,0.1544087209,0.3416230366
2018-04-24,8500,8366,8200,0,0,0
2018-04-25,8500,8366,8200,0,0,0
2018-04-26,8500,8366,8200,0,0,0
2018-04-27,8863,8486,7558,0.04270588235,0.01434377241,-0.07829268293
2018-04-28,8524,8300,8211,-0.03824889992,-0.02191845392,0.08639851813
2018-04-30,8863,8486,7558,0.039770061,0.02240963855,-0.07952746316
2018-05-02,8863,8486,7558,0,0,0
2018-05-03,8863,8486,7558,0,0,0
2018-05-04,9700,9632,9503,0.09443754936,0.135045958,0.2573432125
2018-05-05,9781,9510,9500,0.008350515464,-0.01266611296,-0.0003156897822
2018-05-07,9781,9510,9500,0,0,0
2018-05-08,9600,9532,9500,-0.01850526531,0.002313354364,0
2018-05-09,9600,9532,9500,0,0,0
2018-05-10,9600,9532,9500,0,0,0
2018-05-11,8300,8254,8200,-0.1354166667,-0.1340746958,-0.1368421053
2018-05-12,8300,8254,8200,0,0,0
2018-05-14,9396,9300,9300,0.1320481928,0.1267264357,0.1341463415
2018-05-17,10793,10035,8507,0.1486802895,0.07903225806,-0.0852688172
2018-05-22,8777,8668,8144,-0.1867877328,-0.1362232187,-0.04267074174
2018-05-23,9000,8368,8000,0.02540731457,-0.03461005999,-0.01768172888
2018-05-24,7989,7356,7000,-0.1123333333,-0.1209369025,-0.125
2018-05-29,8411,8070,7281,0.05282263112,0.09706362153,0.04014285714
2018-05-30,8411,8070,7281,0,0,0
2018-05-31,8411,8070,7281,0,0,0
2018-06-01,9027,8521,7192,0.07323742718,0.05588599752,-0.01222359566
2018-06-02,10596,9743,8641,0.1738118976,0.1434103978,0.2014738598
2018-06-04,3165,2964,2800,-0.7013023783,-0.6957815868,-0.6759634302
2018-06-05,7400,7139,5500,1.33807267,1.408569501,0.9642857143
2018-06-06,7400,7139,5500,0,0,0
2018-06-07,7400,7139,5500,0,0,0
2018-06-08,10271,9732,9340,0.387972973,0.3632161367,0.6981818182
2018-06-09,9820,8463,7084,-0.04391003797,-0.1303945746,-0.2415417559
2018-06-11,9820,8463,7084,0,0,0
2018-06-12,7698,7583,7500,-0.216089613,-0.1039820395,0.05872388481
2018-06-13,7698,7583,7500,0,0,0
2018-06-14,7698,7583,7500,0,0,0
2018-06-15,7698,7583,7500,0,0,0
2018-06-16,7698,7583,7500,0,0,0
2018-06-18,7740,7210,5632,0.005455962588,-0.04918897534,-0.2490666667
2018-06-19,7740,7210,5632,0,0,0
2018-06-20,8271,8059,8000,0.06860465116,0.1177531207,0.4204545455
2018-06-21,8271,8059,8000,0,0,0
2018-06-22,8219,7942,6962,-0.006287026962,-0.01451793026,-0.12975
2018-06-23,8219,7942,6962,0,0,0
2018-06-25,8219,7942,6962,0,0,0
2018-06-26,8445,7819,7394,0.02749726244,-0.0154872828,0.06205113473
2018-06-27,8445,7819,7394,0,0,0
2018-06-28,7551,7161,7000,-0.1058614565,-0.08415398389,-0.05328644847
2018-06-29,7551,7161,7000,0,0,0
2018-06-30,10939,8572,7195,0.4486822937,0.1970395196,0.02785714286
2018-07-02,10939,8572,7195,0,0,0
2018-07-03,7793,6976,6200,-0.2875948441,-0.1861875875,-0.1382904795
2018-07-04,8256,7991,7800,0.05941229308,0.1454988532,0.2580645161
2018-07-05,6600,4702,3500,-0.2005813953,-0.4115880365,-0.5512820513
2018-07-06,8038,7831,7686,0.2178787879,0.6654615057,1.196
2018-07-07,8269,7744,7600,0.02873849216,-0.01110969225,-0.01118917512
2018-07-09,8269,7744,7600,0,0,0
2018-07-10,8269,7744,7600,0,0,0
2018-07-11,8269,7744,7600,0,0,0
2018-07-12,8500,8165,7887,0.02793566332,0.05436466942,0.03776315789
2018-07-13,7860,5889,4846,-0.07529411765,-0.2787507655,-0.3855711931
2018-07-14,12529,10517,5538,0.5940203562,0.7858719647,0.1427981841
2018-07-16,6846,6697,6600,-0.4535876766,-0.363221451,0.1917659805
2018-07-17,6846,6697,6600,0,0,0
2018-07-18,6846,6697,6600,0,0,0
2018-07-19,6846,6697,6600,0,0,0
2018-07-20,12857,12591,12500,0.878030967,0.8800955652,0.8939393939
2018-07-21,13411,12081,10000,0.04308936766,-0.04050512271,-0.2
2018-07-23,7019,7000,6945,-0.4766236671,-0.4205777667,-0.3055
2018-07-24,7000,6604,5200,-0.00270693831,-0.05657142857,-0.2512598992
2018-07-25,6015,5572,5355,-0.1407142857,-0.1562689279,0.02980769231
2018-07-26,6015,5572,5355,0,0,0
2018-07-27,7576,7309,6926,0.259517872,0.3117372577,0.2933706816
2018-07-28,5000,4384,3455,-0.3400211193,-0.4001915447,-0.5011550679
2018-07-31,4459,2939,2500,-0.1082,-0.3296076642,-0.2764109986
2018-08-01,4813,4505,4500,0.07938999776,0.5328342974,0.8
2018-08-02,5309,3668,3375,0.1030542281,-0.1857935627,-0.25
2018-08-03,5309,3668,3375,0,0,0
2018-08-06,5309,3668,3375,0,0,0
2018-08-07,5309,3668,3375,0,0,0
2018-08-08,8382,8208,8000,0.5788284046,1.237731734,1.37037037
2018-08-10,6513,5700,5259,-0.2229778096,-0.3055555556,-0.342625
2018-08-11,9755,7525,3000,0.4977736834,0.3201754386,-0.429549344
2018-08-13,6513,5700,5259,-0.3323423885,-0.2425249169,0.753
2018-08-14,6513,5700,5259,0,0,0
2018-08-15,6513,5700,5259,0,0,0
2018-08-16,6513,5700,5259,0,0,0
2018-08-17,4100,4022,4000,-0.3704897897,-0.2943859649,-0.2393991253
2018-08-20,4100,4022,4000,0,0,0
2018-08-21,7978,6874,6600,0.9458536585,0.7090999503,0.65
2018-08-22,7978,6874,6600,0,0,0
2018-08-23,7978,6874,6600,0,0,0
2018-08-24,11875,8346,7720,0.4884682878,0.2141402386,0.1696969697
2018-08-25,10979,10500,10500,-0.07545263158,0.2580877067,0.3601036269
2018-08-27,10979,10500,10500,0,0,0
2018-08-28,10979,10500,10500,0,0,0
2018-08-29,10979,10500,10500,0,0,0
2018-08-30,9273,8142,6194,-0.1553875581,-0.2245714286,-0.4100952381
2018-08-31,10218,9345,8831,0.1019087674,0.147752395,0.4257345819
2018-09-01,10802,10631,10529,0.05715404189,0.1376136972,0.1922772053
2018-09-03,8494,7963,7071,-0.2136641363,-0.2509641614,-0.3284262513
2018-09-04,8494,7963,7071,0,0,0
2018-09-05,8494,7963,7071,0,0,0
2018-09-06,8494,7963,7071,0,0,0
2018-09-07,8188,7408,7152,-0.03602542972,-0.06969735024,0.01145523971
2018-09-08,8220,6997,6500,0.00390815828,-0.05548056156,-0.09116331096
2018-09-10,8188,7408,7152,-0.003892944039,0.05873945977,0.1003076923
2018-09-11,8188,7408,7152,0,0,0
2018-09-12,8188,7408,7152,0,0,0
2018-09-13,9779,9123,8902,0.1943087445,0.2315064795,0.2446868009
2018-09-14,8500,8500,8286,-0.1307904694,-0.06828894004,-0.06919793305
2018-09-15,8500,8500,8286,0,0,0
2018-09-19,9292,9129,9000,0.09317647059,0.074,0.08616944243
2018-09-20,9000,8814,8447,-0.03142488162,-0.03450542228,-0.06144444444
2018-10-16,9552,9022,6173,0.06133333333,0.02359882006,-0.2692080028
2018-10-17,9552,9022,6173,0,0,0
2018-10-18,9552,9022,6173,0,0,0
2018-10-19,9552,9022,6173,0,0,0
2018-10-20,9552,9022,6173,0,0,0
2018-10-22,9552,9022,6173,0,0,0
2018-10-23,9552,9022,6173,0,0,0
2018-10-24,9552,9022,6173,0,0,0
2018-10-25,9552,9022,6173,0,0,0
2018-10-26,9552,9022,6173,0,0,0
2018-10-27,9552,9022,6173,0,0,0
2018-10-29,9552,9022,6173,0,0,0
2018-10-30,9552,9022,6173,0,0,0
2018-10-31,9552,9022,6173,0,0,0
2018-11-01,9552,9022,6173,0,0,0
2018-11-02,9552,9022,6173,0,0,0
2018-11-03,9552,9022,6173,0,0,0
2018-11-05,9552,9022,6173,0,0,0
2018-11-09,9452,8655,7871,-0.01046901173,-0.04067834183,0.2750688482
2018-11-10,9452,8655,7871,0,0,0
2018-11-12,9452,8655,7871,0,0,0
2018-11-13,9452,8655,7871,0,0,0
2018-11-14,9452,8655,7871,0,0,0
2018-11-15,9452,8655,7871,0,0,0
2018-11-16,11429,10500,10500,0.2091620821,0.2131715771,0.3340109262
2018-11-17,11429,10500,10500,0,0,0
2018-11-19,11429,10500,10500,0,0,0
2018-11-20,8915,7692,6426,-0.2199667512,-0.2674285714,-0.388
2018-11-21,8915,7692,6426,0,0,0
2018-11-22,8915,7692,6426,0,0,0
2018-11-23,8915,7692,6426,0,0,0
2018-11-24,8915,7692,6426,0,0,0
2018-11-26,8134,7639,7264,-0.08760515984,-0.006890275611,0.1304077186
2018-11-27,8134,7639,7264,0,0,0
2018-11-28,8134,7639,7264,0,0,0
2018-11-29,8134,7639,7264,0,0,0
2018-11-30,8134,7639,7264,0,0,0
2018-12-01,8134,7639,7264,0,0,0
2018-12-05,8656,7681,7500,0.06417506762,0.005498101846,0.03248898678
2018-12-06,8656,7681,7500,0,0,0
2018-12-10,11615,10734,4169,0.3418438078,0.3974742872,-0.4441333333
2018-12-19,13056,10000,10000,0.1240637107,-0.06838084591,1.398656752
2018-12-20,13056,10000,10000,0,0,0
2018-12-21,13056,10000,10000,0,0,0
2018-12-22,13056,10000,10000,0,0,0
2018-12-24,13056,10000,10000,0,0,0
2018-12-25,13056,10000,10000,0,0,0
2018-12-26,13056,10000,10000,0,0,0
2018-12-27,13056,10000,10000,0,0,0
2018-12-28,13056,10000,10000,0,0,0
2018-12-29,13056,10000,10000,0,0,0
2018-12-31,13056,10000,10000,0,0,0
2019-01-03,10832,9780,8024,-0.1703431373,-0.022,-0.1976
2019-01-04,10832,9780,8024,0,0,0
2019-01-05,10832,9780,8024,0,0,0
2019-01-07,10832,9780,8024,0,0,0
2019-01-08,8964,8500,8318,-0.1724519941,-0.1308793456,0.03664007976
2019-01-09,8796,8365,5811,-0.0187416332,-0.01588235294,-0.301394566
2019-01-10,8796,8365,5811,0,0,0
2019-01-11,9213,8159,8000,0.04740791269,-0.02462641961,0.3766993633
2019-01-12,9213,8159,8000,0,0,0
2019-01-14,9213,8159,8000,0,0,0
2019-01-15,8600,8569,8500,-0.06653641593,0.05025125628,0.0625
2019-01-16,8600,8569,8500,0,0,0
2019-01-17,8600,8569,8500,0,0,0
2019-01-18,8600,8569,8500,0,0,0
2019-01-19,9500,9500,9500,0.1046511628,0.1086474501,0.1176470588
2019-01-21,9500,9500,9500,0,0,0
2019-01-22,9500,9500,9500,0,0,0
2019-01-24,12200,11545,9700,0.2842105263,0.2152631579,0.02105263158
2019-01-25,12200,11545,9700,0,0,0
2019-01-26,12200,11545,9700,0,0,0
2019-01-28,14823,12589,11379,0.215,0.09042875704,0.1730927835
2019-01-29,9873,8612,8132,-0.3339404979,-0.3159107157,-0.2853502065
2019-01-30,9873,8612,8132,0,0,0
2019-01-31,10678,9728,6699,0.08153550086,0.1295866233,-0.1762174127
2019-02-01,12120,9610,8776,0.1350440157,-0.01212993421,0.3100462756
2019-02-02,12120,9610,8776,0,0,0
2019-02-18,9924,9152,9000,-0.1811881188,-0.04765868887,0.02552415679
2019-02-19,9924,9152,9000,0,0,0
2019-02-20,8790,8532,8436,-0.1142684401,-0.06774475524,-0.06266666667
2019-02-21,8790,8532,8436,0,0,0
2019-02-22,8416,8000,7937,-0.0425483504,-0.06235349273,-0.05915125652
2019-02-23,8416,8000,7937,0,0,0
2019-02-25,8416,8000,7937,0,0,0
2019-02-26,9960,9046,9000,0.183460076,0.13075,0.1339296964
2019-02-27,8573,6916,6500,-0.1392570281,-0.2354631881,-0.2777777778
2019-02-28,7110,5028,4682,-0.1706520471,-0.2729901677,-0.2796923077
2019-03-01,7110,5028,4682,0,0,0
2019-03-02,7615,7349,5802,0.07102672293,0.4616149562,0.2392140111
2019-03-04,10800,9097,7000,0.4182534471,0.2378554905,0.206480524
2019-03-06,5455,4357,3341,-0.4949074074,-0.5210508959,-0.5227142857
2019-03-07,5455,4357,3341,0,0,0
2019-03-08,8000,8000,7889,0.4665444546,0.8361257746,1.361269081
2019-03-09,7456,6941,6316,-0.068,-0.132375,-0.1993915579
2019-03-11,7456,6941,6316,0,0,0
2019-03-14,6529,5902,5529,-0.1243293991,-0.1496902464,-0.1246041799
2019-03-15,10160,9252,7175,0.5561341706,0.567604202,0.2977030204
2019-03-16,10160,9252,7175,0,0,0
2019-03-18,10160,9252,7175,0,0,0
2019-03-19,7117,6700,6628,-0.299507874,-0.2758322525,-0.0762369338
2019-03-20,9704,8006,7600,0.363495855,0.1949253731,0.1466505733
2019-03-21,8353,8074,8000,-0.1392209398,0.008493629778,0.05263157895
2019-03-22,8353,8074,8000,0,0,0
2019-03-23,8353,8074,8000,0,0,0
2019-03-25,8353,8074,8000,0,0,0
2019-03-26,8300,8300,8300,-0.006345025739,0.02799108249,0.0375
2019-03-27,8598,8333,8026,0.03590361446,0.003975903614,-0.03301204819
2019-03-28,8554,7994,7739,-0.005117469179,-0.04068162727,-0.03575878395
2019-03-29,7914,7223,7058,-0.07481879822,-0.0964473355,-0.0879958651
2019-03-30,8981,7636,7388,0.1348243619,0.0571784577,0.0467554548
2019-04-01,8479,8000,7641,-0.05589577998,0.04766893662,0.03424472117
2019-04-02,7881,7563,7241,-0.07052718481,-0.054625,-0.05234916896
2019-04-03,5804,5465,5000,-0.2635452354,-0.2774031469,-0.3094876398
2019-04-04,5804,5465,5000,0,0,0
2019-04-05,15388,9763,9294,1.651274983,0.7864592864,0.8588
2019-04-06,15388,9763,9294,0,0,0
2019-04-08,15388,9763,9294,0,0,0
2019-04-09,7067,6131,5200,-0.5407460359,-0.3720167981,-0.4404992468
2019-04-10,7067,6131,5200,0,0,0
2019-04-11,7067,6131,5200,0,0,0
2019-04-12,10149,8311,5812,0.4361115042,0.3555700538,0.1176923077
2019-04-13,7196,7000,6831,-0.2909646271,-0.1577427506,0.1753269098
2019-04-15,8634,8489,8095,0.1998332407,0.2127142857,0.1850387937
2019-04-16,8634,8489,8095,0,0,0
2019-04-18,6882,5746,5632,-0.2029186935,-0.3231240429,-0.3042618901
2019-04-19,6882,5746,5632,0,0,0
2019-04-20,8500,8363,8200,0.2351060738,0.4554472677,0.4559659091
2019-04-22,6882,5746,5632,-0.1903529412,-0.3129259835,-0.3131707317
2019-04-26,8384,6514,2733,0.2182505086,0.133658197,-0.5147372159
2019-04-27,8687,7952,7344,0.03614026718,0.2207552963,1.68715697
2019-04-29,4955,4619,4538,-0.4296074594,-0.419139839,-0.38208061
2019-05-01,6393,4603,4200,0.2902119072,-0.003463953237,-0.07448215073
2019-05-03,7083,6687,6211,0.107930549,0.4527482077,0.4788095238
2019-05-04,7083,6687,6211,0,0,0
2019-05-06,7083,6687,6211,0,0,0
2019-05-09,7000,6324,5350,-0.0117181985,-0.05428443248,-0.1386250201
2019-05-10,7000,6324,5350,0,0,0
2019-05-11,7000,6324,5350,0,0,0
2019-05-13,7000,6324,5350,0,0,0
2019-05-14,7000,6324,5350,0,0,0
2019-05-15,6000,5748,5500,-0.1428571429,-0.09108159393,0.02803738318
2019-05-16,6000,5748,5500,0,0,0
2019-05-17,5796,5216,5000,-0.034,-0.0925539318,-0.09090909091
2019-05-18,5796,5216,5000,0,0,0
2019-05-20,5796,5216,5000,0,0,0
2019-05-24,6213,5907,5395,0.07194616977,0.1324769939,0.079
2019-05-25,6213,5907,5395,0,0,0
2019-05-27,10708,9666,7840,0.7234830195,0.6363636364,0.453197405
2019-05-28,10708,9666,7840,0,0,0
2019-05-29,6936,6506,6014,-0.3522599925,-0.3269190979,-0.2329081633
2019-05-30,6076,5678,5373,-0.1239907728,-0.127267138,-0.1065846358
2019-06-01,9189,6104,5200,0.5123436471,0.07502641775,-0.03219802717
2019-06-03,6757,6125,6000,-0.2646642725,0.003440366972,0.1538461538
2019-06-04,6757,6125,6000,0,0,0
2019-06-05,6757,6125,6000,0,0,0
2019-06-06,9300,7850,3500,0.3763504514,0.2816326531,-0.4166666667
2019-06-07,6096,5520,4118,-0.344516129,-0.2968152866,0.1765714286
2019-06-08,6096,5520,4118,0,0,0
2019-06-10,6096,5520,4118,0,0,0
2019-06-11,6096,5520,4118,0,0,0
2019-06-12,6096,5520,4118,0,0,0
2019-06-13,6096,5520,4118,0,0,0
2019-06-14,6096,5520,4118,0,0,0
2019-06-15,6096,5520,4118,0,0,0
2019-06-17,6096,5520,4118,0,0,0
2019-06-18,6096,5520,4118,0,0,0
2019-06-19,6096,5520,4118,0,0,0
2019-06-20,9000,8444,8200,0.4763779528,0.5297101449,0.9912578922
2019-06-21,7565,7500,7500,-0.1594444444,-0.1117953577,-0.08536585366
2019-06-22,7565,7500,7500,0,0,0
2019-06-24,7565,7500,7500,0,0,0
2019-06-25,5513,4934,4500,-0.2712491738,-0.3421333333,-0.4
2019-06-26,5513,4934,4500,0,0,0
2019-06-27,7465,5296,2696,0.354072193,0.07336846372,-0.4008888889
2019-06-28,8200,7084,5532,0.09845947756,0.3376132931,1.051928783
2019-06-29,8200,7084,5532,0,0,0
2019-07-01,9634,8500,8387,0.1748780488,0.1998870695,0.516088214
2019-07-02,9634,8500,8387,0,0,0
2019-07-03,9634,8500,8387,0,0,0
2019-07-04,9634,8500,8387,0,0,0
2019-07-06,8782,7261,6220,-0.08843678638,-0.1457647059,-0.2583760582
2019-07-08,5195,5000,5000,-0.4084491004,-0.3113896158,-0.1961414791
2019-07-09,5195,5000,5000,0,0,0
2019-07-10,5195,5000,5000,0,0,0
2019-07-11,5195,5000,5000,0,0,0
2019-07-12,5195,5000,5000,0,0,0
2019-07-13,5195,5000,5000,0,0,0
2019-07-15,5195,5000,5000,0,0,0
2019-07-16,6500,6500,6500,0.2512030799,0.3,0.3
2019-07-17,6500,6500,6500,0,0,0
2019-07-18,6500,6500,6500,0,0,0
2019-07-19,9000,8975,8500,0.3846153846,0.3807692308,0.3076923077
2019-07-20,9000,8975,8500,0,0,0
2019-07-22,9000,8975,8500,0,0,0
2019-07-23,6616,4953,4600,-0.2648888889,-0.4481337047,-0.4588235294
2019-07-24,6616,4953,4600,0,0,0
2019-07-25,6616,4953,4600,0,0,0
2019-07-26,7000,6716,6600,0.05804111245,0.3559458914,0.4347826087
2019-07-27,7000,6716,6600,0,0,0
2019-08-01,12333,12000,12000,0.7618571429,0.786777844,0.8181818182
2019-08-02,12333,12000,12000,0,0,0
2019-08-05,12333,12000,12000,0,0,0
2019-08-06,12333,12000,12000,0,0,0
2019-08-07,12333,12000,12000,0,0,0
2019-08-08,12333,12000,12000,0,0,0
2019-08-09,12333,12000,12000,0,0,0
2019-08-10,12333,12000,12000,0,0,0
2019-08-12,12333,12000,12000,0,0,0
2019-08-13,12333,12000,12000,0,0,0
2019-08-14,12333,12000,12000,0,0,0
2019-08-15,12500,11564,10500,0.01354090651,-0.03633333333,-0.125
2019-08-16,6082,5500,5500,-0.51344,-0.5243860256,-0.4761904762
2019-08-17,6082,5500,5500,0,0,0
2019-08-19,6082,5500,5500,0,0,0
2019-08-21,7000,7000,6630,0.1509371917,0.2727272727,0.2054545455
2019-08-22,7000,7000,6630,0,0,0
2019-08-23,7000,7000,6630,0,0,0
2019-08-24,5887,5507,4150,-0.159,-0.2132857143,-0.3740573152
2019-08-26,5887,5507,4150,0,0,0
2019-08-27,5887,5507,4150,0,0,0
2019-08-28,5887,5507,4150,0,0,0
2019-08-29,8000,7024,4572,0.3589264481,0.2754675867,0.101686747
2019-08-30,8000,7024,4572,0,0,0
2019-08-31,8000,7024,4572,0,0,0
2019-09-02,8000,7024,4572,0,0,0
2019-09-04,8744,8621,7905,0.093,0.2273633257,0.7290026247
2019-09-05,8500,8500,8500,-0.02790484904,-0.01403549472,0.0752688172
2019-09-06,8500,8500,8500,0,0,0
2019-09-07,8500,8500,8500,0,0,0
2019-09-09,8500,8500,8500,0,0,0
2019-09-10,8500,8500,8500,0,0,0
2019-09-11,7262,7094,6740,-0.1456470588,-0.1654117647,-0.2070588235
2019-09-12,7000,7000,7000,-0.03607821537,-0.01325063434,0.03857566766
2019-09-17,10732,7571,7000,0.5331428571,0.08157142857,0
2019-09-18,10732,7571,7000,0,0,0
2019-09-19,10732,7571,7000,0,0,0
2019-09-20,10732,7571,7000,0,0,0
2019-09-21,10732,7571,7000,0,0,0
2019-09-23,10732,7571,7000,0,0,0
2019-09-24,10732,7571,7000,0,0,0
2019-09-25,8722,7887,7000,-0.1872903466,0.0417382116,0
2019-09-26,8722,7887,7000,0,0,0
2019-09-27,8722,7887,7000,0,0,0
2019-09-30,10000,10000,9261,0.1465260261,0.2679092177,0.323
2019-10-01,11333,10825,10700,0.1333,0.0825,0.155382788
2019-10-02,9480,6159,4625,-0.163504809,-0.431039261,-0.5677570093
2019-10-03,9480,6159,4625,0,0,0
2019-10-04,9480,6159,4625,0,0,0
2019-10-05,13740,12320,11795,0.4493670886,1.000324728,1.55027027
2019-10-07,9480,6159,4625,-0.3100436681,-0.5000811688,-0.6078846969
2019-10-08,9480,6159,4625,0,0,0
2019-10-09,9480,6159,4625,0,0,0
2019-10-10,10145,9752,9182,0.07014767932,0.5833739243,0.9852972973
2019-10-11,10145,9752,9182,0,0,0
2019-10-12,11247,9835,9548,0.1086249384,0.008511074651,0.03986059682
2019-10-14,7052,6557,6080,-0.3729883524,-0.3332994408,-0.3632174277
2019-10-17,6493,6000,6000,-0.07926829268,-0.08494738447,-0.01315789474
2019-10-18,6493,6000,6000,0,0,0
2019-10-19,7163,6074,5521,0.1031880487,0.01233333333,-0.07983333333
2019-10-21,7163,6074,5521,0,0,0
2019-10-22,7163,6074,5521,0,0,0
2019-10-23,7163,6074,5521,0,0,0
2019-10-24,6372,5501,5343,-0.1104285914,-0.0943365163,-0.03224053613
2019-10-25,5045,5000,4591,-0.208254865,-0.09107435012,-0.1407448999
2019-10-26,5045,5000,4591,0,0,0
2019-10-28,5045,5000,4591,0,0,0
2019-10-31,7218,4480,4226,0.4307234886,-0.104,-0.07950337617
2019-11-01,7218,4480,4226,0,0,0
2019-11-02,10743,8740,8391,0.4883624273,0.9508928571,0.9855655466
2019-11-04,5902,5240,5000,-0.4506190077,-0.4004576659,-0.4041234656
2019-11-05,4700,4700,4700,-0.2036597763,-0.1030534351,-0.06
2019-11-16,10892,10561,8119,1.317446809,1.247021277,0.7274468085
2019-11-18,10892,10561,8119,0,0,0
2019-11-19,10892,10561,8119,0,0,0
2019-11-20,10892,10561,8119,0,0,0
2019-11-21,10892,10561,8119,0,0,0
2019-11-22,10892,10561,8119,0,0,0
2019-11-23,11738,11548,11500,0.07767168564,0.09345705899,0.4164305949
2019-11-25,11738,11548,11500,0,0,0
2019-11-26,9217,8110,6759,-0.2147725337,-0.2977138899,-0.4122608696
2019-11-27,9217,8110,6759,0,0,0
2019-11-28,6667,6500,6500,-0.2766626885,-0.1985203453,-0.038319278
2019-11-29,6667,6500,6500,0,0,0
2019-11-30,6667,6500,6500,0,0,0
2019-12-02,6667,6500,6500,0,0,0
2019-12-03,6667,6500,6500,0,0,0
2019-12-04,9773,9600,9536,0.4658767062,0.4769230769,0.4670769231
2019-12-05,9773,9600,9536,0,0,0
2019-12-06,9078,6723,6000,-0.07111429448,-0.2996875,-0.3708053691
2019-12-11,9458,7123,5567,0.04185944041,0.05949724825,-0.07216666667
2019-12-12,8283,7017,4880,-0.1242334532,-0.01488137021,-0.1234057841
2019-12-13,9990,8914,8340,0.2060847519,0.2703434516,0.7090163934
2019-12-14,7082,6560,6310,-0.2910910911,-0.2640789769,-0.2434052758
2019-12-16,7766,7000,7000,0.09658288619,0.06707317073,0.1093502377
2019-12-17,7564,7300,6892,-0.02601081638,0.04285714286,-0.01542857143
2019-12-18,6444,5562,4673,-0.1480698043,-0.2380821918,-0.3219674985
2019-12-19,5500,5500,5500,-0.1464928616,-0.0111470694,0.1769741066
2020-01-03,10797,9418,8575,0.9630909091,0.7123636364,0.5590909091
2020-01-04,10797,9418,8575,0,0,0
2020-01-06,10797,9418,8575,0,0,0
2020-01-07,10797,9418,8575,0,0,0
2020-01-08,10797,9418,8575,0,0,0
2020-01-09,8600,8481,8094,-0.2034824488,-0.09949033765,-0.05609329446
2020-01-10,10138,9884,9678,0.1788372093,0.1654286051,0.1957005189
2020-01-11,10138,9884,9678,0,0,0
2020-01-13,10138,9884,9678,0,0,0
2020-01-14,8854,8582,8500,-0.1266521996,-0.1317280453,-0.1217193635
2020-01-15,7367,6774,6600,-0.1679466908,-0.2106735027,-0.2235294118
2020-01-16,7367,6774,6600,0,0,0
2020-01-17,7367,6774,6600,0,0,0
2020-01-18,7367,6774,6600,0,0,0
2020-01-20,7367,6774,6600,0,0,0
2020-01-21,7367,6774,6600,0,0,0
2020-01-22,8621,6655,5592,0.1702185421,-0.01756716859,-0.1527272727
2020-01-23,8807,7170,6756,0.02157522329,0.07738542449,0.2081545064
2020-01-24,8237,6363,5023,-0.06472124446,-0.1125523013,-0.2565127294
2020-01-31,7765,6093,5194,-0.05730241593,-0.04243281471,0.03404340036
2020-02-01,6414,5292,5200,-0.1739858339,-0.1314623338,0.001155179053
2020-02-03,6414,5292,5200,0,0,0
2020-02-04,4500,4417,4200,-0.2984097287,-0.1653439153,-0.1923076923
2020-02-06,5600,5500,4600,0.2444444444,0.2451890423,0.09523809524
2020-02-08,5491,4636,4292,-0.01946428571,-0.1570909091,-0.06695652174
2020-02-10,5491,4636,4292,0,0,0
2020-02-13,6080,5098,3699,0.107266436,0.09965487489,-0.1381640261
2020-02-14,6541,5663,5218,0.07582236842,0.1108277756,0.4106515274
2020-02-15,4179,3539,3500,-0.3611068644,-0.3750662193,-0.3292449214
2020-02-17,4179,3539,3500,0,0,0
2020-02-18,6027,5373,5000,0.4422110553,0.5182254874,0.4285714286
2020-02-19,5436,5000,4560,-0.09805873569,-0.06942117997,-0.088
2020-02-20,5436,5000,4560,0,0,0
2020-02-21,5296,4640,3914,-0.02575423105,-0.072,-0.1416666667
2020-02-22,5823,5436,5000,0.09950906344,0.1715517241,0.2774655084
2020-02-24,5823,5436,5000,0,0,0
2020-02-28,5187,4876,4332,-0.1092220505,-0.1030169242,-0.1336
2020-02-29,5187,4876,4332,0,0,0
2020-03-11,7123,6800,6800,0.3732407943,0.394585726,0.5697137581
2020-03-14,10176,9400,8723,0.4286115401,0.3823529412,0.2827941176
2020-03-16,10176,9400,8723,0,0,0
2020-03-18,10500,8388,4029,0.03183962264,-0.1076595745,-0.5381176201
2020-03-19,7056,6293,5825,-0.328,-0.2497615641,0.4457681807
2020-03-20,8000,7970,7800,0.1337868481,0.2664865724,0.339055794
2020-03-21,8000,7970,7800,0,0,0
2020-03-23,8000,7970,7800,0,0,0
2020-03-24,8500,5948,3600,0.0625,-0.2537013802,-0.5384615385
2020-03-25,6200,6146,6100,-0.2705882353,0.03328850034,0.6944444444
2020-03-27,,8000,,-1,0.301659616,-1
2020-03-28,8500,8500,8350,#DIV/0!,0.0625,#DIV/0!
2020-03-30,8500,8500,8350,0,0,0
2020-03-31,8500,8500,8350,0,0,0
2020-04-01,7700,7180,6700,-0.09411764706,-0.1552941176,-0.1976047904
2020-04-03,8278,8200,,0.07506493506,0.1420612813,-1
2020-04-04,8257,8015,8000,-0.002536844648,-0.02256097561,#DIV/0!
2020-04-06,8257,8015,8000,0,0,0
2020-04-07,8704,8287,7000,0.0541358847,0.03393636931,-0.125
2020-04-08,8300,8169,7905,-0.04641544118,-0.01423916978,0.1292857143
2020-04-10,7103,,7000,-0.1442168675,-1,-0.1144845035
2020-04-11,6853,5659,5000,-0.03519639589,#DIV/0!,-0.2857142857
2020-04-13,6853,5659,5000,0,0,0
2020-04-14,6000,6000,6000,-0.1244710346,0.06025799611,0.2
2020-04-15,6000,6000,6000,0,0,0
2020-04-16,6000,6000,6000,0,0,0
2020-04-17,7150,7000,,0.1916666667,0.1666666667,-1
2020-04-22,7431,7206,7000,0.0393006993,0.02942857143,#DIV/0!
2020-04-23,7431,7206,7000,0,0,0
2020-05-02,7735,7000,6135,0.0409097026,-0.02858728837,-0.1235714286
2020-05-04,7735,7000,6135,0,0,0
2020-05-05,7735,7000,6135,0,0,0
2020-05-06,7735,7000,6135,0,0,0
2020-05-09,10000,10000,6174,0.2928248222,0.4285714286,0.006356968215
2020-05-11,13307,10780,9500,0.3307,0.078,0.5387107224
2020-05-16,13500,,,0.0145036447,-1,-1
2020-05-23,9200,9074,9000,-0.3185185185,#DIV/0!,#DIV/0!
2020-05-25,9200,9074,9000,0,0,0
2020-05-26,9200,9074,9000,0,0,0
2020-05-27,10000,9417,8500,0.08695652174,0.03780030857,-0.05555555556
2020-06-01,10911,10350,7152,0.0911,0.0990761389,-0.1585882353
2020-06-03,9403,7439,6530,-0.1382091467,-0.2812560386,-0.08696868009
2020-06-04,6300,5578,5173,-0.3300010635,-0.2501680333,-0.2078101072
2020-06-05,5735,5500,5500,-0.08968253968,-0.01398350663,0.06321283588
2020-06-16,11084,9216,7000,0.9326939843,0.6756363636,0.2727272727
2020-06-17,8040,7995,7700,-0.2746300974,-0.1324869792,0.1
2020-06-19,7500,7100,7000,-0.0671641791,-0.1119449656,-0.09090909091
2020-06-20,7500,7100,7000,0,0,0
2020-06-22,7500,7100,7000,0,0,0
2020-06-26,7279,7200,,-0.02946666667,0.01408450704,-1
2020-06-27,8179,7304,6614,0.1236433576,0.01444444444,#DIV/0!
2020-06-30,7700,7020,6700,-0.0585646167,-0.03888280394,0.0130027215
2020-07-03,7575,7472,7142,-0.01623376623,0.06438746439,0.06597014925
2020-07-04,7817,7187,6888,0.03194719472,-0.03814239829,-0.03556426771
2020-07-06,7818,7178,5957,0.0001279263144,-0.001252261027,-0.1351626016
2020-07-07,6327,6200,5706,-0.1907137375,-0.1362496517,-0.042135303
2020-07-11,7543,6007,5772,0.1921921922,-0.03112903226,0.01156677182
2020-07-13,6103,6000,6000,-0.1909054753,-0.001165307142,0.0395010395
2020-07-14,6103,6000,6000,0,0,0
2020-07-15,6103,6000,6000,0,0,0
2020-07-16,6942,6766,6700,0.1374733738,0.1276666667,0.1166666667
2020-07-17,8336,7326,6255,0.200806684,0.08276677505,-0.06641791045
2020-07-18,7484,6231,5862,-0.1022072937,-0.1494676495,-0.06282973621
2020-07-20,7484,6231,5862,0,0,0
2020-07-21,7000,6655,6009,-0.06467129877,0.06804686246,0.02507676561
2020-07-22,5880,5612,5500,-0.16,-0.1567242675,-0.08470627392
2020-07-23,5880,5612,5500,0,0,0
2020-07-27,11472,10500,10500,0.9510204082,0.8709907341,0.9090909091
2020-07-28,8954,8403,8000,-0.2194909344,-0.1997142857,-0.2380952381
2020-07-30,8049,7170,7000,-0.1010721465,-0.1467333095,-0.125
2020-07-31,9000,,,0.1181513231,-1,-1
2020-08-04,7705,7377,7000,-0.1438888889,#DIV/0!,#DIV/0!
2020-08-05,7314,6601,6000,-0.05074626866,-0.1051918124,-0.1428571429
2020-08-07,7826,7740,7500,0.07000273448,0.1725496137,0.25
2020-08-08,9119,8629,7786,0.1652185024,0.1148578811,0.03813333333
2020-08-10,9119,8629,7786,0,0,0
2020-08-11,8915,8426,7887,-0.022370874,-0.02352532159,0.01297200103
2020-08-13,7200,7138,7000,-0.1923724061,-0.1528601946,-0.1124635476
2020-08-14,7700,7490,7300,0.06944444444,0.0493135332,0.04285714286
2020-08-15,7100,7001,7000,-0.07792207792,-0.0652870494,-0.04109589041
2020-08-17,10000,10000,10000,0.4084507042,0.4283673761,0.4285714286
2020-08-18,10000,10000,10000,0,0,0
2020-08-29,11243,11087,10800,0.1243,0.1087,0.08
2020-08-31,10738,10600,10600,-0.04491683714,-0.04392531794,-0.01851851852
2020-09-01,10000,9700,8500,-0.06872788229,-0.08490566038,-0.1981132075
2020-09-02,9097,8700,8552,-0.0903,-0.1030927835,0.006117647059
2020-09-03,8495,8113,8000,-0.06617566231,-0.06747126437,-0.06454630496
2020-09-04,8500,8370,8200,0.0005885815185,0.03167755454,0.025
2020-09-05,8500,8500,8500,0,0.01553166069,0.03658536585
2020-09-07,10000,9751,9047,0.1764705882,0.1471764706,0.06435294118
2020-09-08,9935,9700,9650,-0.0065,-0.005230232797,0.06665192882
2020-09-09,9302,9200,9038,-0.06371414192,-0.05154639175,-0.06341968912
2020-09-10,9468,8228,7388,0.0178456246,-0.1056521739,-0.1825625138
2020-09-11,8742,8156,8000,-0.07667934094,-0.008750607681,0.08283703303
2020-09-12,8742,8500,8500,0,0.04217753801,0.0625
2020-09-14,9517,9016,8723,0.08865248227,0.06070588235,0.02623529412
2020-09-15,9500,9438,9017,-0.001786277188,0.04680567879,0.03370400092
2020-09-16,9500,9438,9017,0,0,0
2020-09-17,10674,10549,10500,0.1235789474,0.1177156177,0.1644671177
2020-09-18,8800,8800,8767,-0.1755667978,-0.1657977059,-0.165047619
2020-09-19,8639,8000,7007,-0.01829545455,-0.09090909091,-0.2007528231
2020-09-21,8074,7915,7476,-0.06540108809,-0.010625,0.06693306693
2020-09-22,8023,7549,7500,-0.006316571712,-0.04624131396,0.003210272873
2020-09-23,6000,6000,6000,-0.2521500686,-0.2051927408,-0.2
2020-09-24,6000,6000,6000,0,0,0
2020-09-25,6000,6000,6000,0,0,0
2020-09-26,7838,7800,7800,0.3063333333,0.3,0.3
2020-09-28,7960,6665,5571,0.0155651952,-0.1455128205,-0.2857692308
2020-09-29,9299,8714,7850,0.1682160804,0.3074268567,0.40908275
2020-09-30,8988,8048,7000,-0.03344445639,-0.07642873537,-0.1082802548
2020-10-05,7464,6500,6500,-0.1695594126,-0.1923459245,-0.07142857143
2020-10-06,9084,9000,9000,0.2170418006,0.3846153846,0.3846153846
2020-10-07,9084,9000,9000,0,0,0
2020-10-08,9084,9000,9000,0,0,0
2020-10-09,9084,9000,9000,0,0,0
2020-10-10,10000,9681,9500,0.1008366358,0.07566666667,0.05555555556
2020-10-12,10206,10000,9699,0.0206,0.03295114141,0.02094736842
2020-10-13,8616,8416,8000,-0.1557907113,-0.1584,-0.1751726982
2020-10-14,7744,7000,6759,-0.1012070566,-0.1682509506,-0.155125
2020-10-16,8600,8493,8000,0.1105371901,0.2132857143,0.1836070425
2020-10-17,8600,8493,8000,0,0,0
2020-10-19,8600,8493,8000,0,0,0
2020-10-20,8600,8493,8000,0,0,0
2020-10-21,8600,8493,8000,0,0,0
2020-10-22,8600,8493,8000,0,0,0
2020-10-23,8600,8493,8000,0,0,0
2020-10-24,8600,8493,8000,0,0,0
2020-10-26,8600,8493,8000,0,0,0
2020-10-27,8600,8493,8000,0,0,0
2020-10-28,8600,8493,8000,0,0,0
2020-10-29,8600,8493,8000,0,0,0
2020-10-30,8600,8493,8000,0,0,0
2020-10-31,8600,8493,8000,0,0,0
2020-11-02,12300,12286,12000,0.4302325581,0.4466030849,0.5
2020-11-05,9212,8535,6000,-0.2510569106,-0.3053068533,-0.5
2020-11-06,9067,8407,5500,-0.01574033869,-0.01499707088,-0.08333333333
2020-11-07,9067,8407,5500,0,0,0
2020-11-12,10040,10000,10000,0.1073122312,0.189484953,0.8181818182
2020-11-13,9459,8172,6000,-0.0578685259,-0.1828,-0.4
2020-11-14,9459,8172,6000,0,0,0
2020-11-16,8737,7497,6109,-0.07632942171,-0.08259911894,0.01816666667
2020-11-17,8754,7593,6908,0.001945747968,0.01280512205,0.1307906368
2020-11-18,8754,7593,6908,0,0,0
2020-11-19,7577,7000,6180,-0.1344528216,-0.07809824839,-0.1053850608
2020-11-26,10233,8460,8096,0.3505345123,0.2085714286,0.3100323625
2020-11-27,10233,8460,8096,0,0,0
2020-11-28,10233,8460,8096,0,0,0
2020-11-30,7742,7434,7300,-0.2434281247,-0.1212765957,-0.0983201581
2020-12-01,7742,7434,7300,0,0,0
2020-12-02,7742,7434,7300,0,0,0
2020-12-03,7742,7434,7300,0,0,0
2020-12-04,5524,5332,5100,-0.2864892793,-0.2827549099,-0.301369863
2020-12-05,5524,5332,5100,0,0,0
2020-12-07,5524,5332,5100,0,0,0
2020-12-08,5524,5332,5100,0,0,0
2020-12-09,5524,5332,5100,0,0,0
2020-12-10,5524,5332,5100,0,0,0
2020-12-11,5524,5332,5100,0,0,0
2020-12-12,8168,8000,8000,0.4786386676,0.5003750938,0.568627451
2020-12-14,8389,7341,5973,0.02705680705,-0.082375,-0.253375
2020-12-15,8389,7341,5973,0,0,0
2020-12-16,8389,7341,5973,0,0,0
2020-12-17,8389,7341,5973,0,0,0
2020-12-18,8389,7341,5973,0,0,0
2020-12-19,8389,7341,5973,0,0,0
2020-12-24,9850,8143,7000,0.1741566337,0.1092494211,0.1719403985
2020-12-25,9850,8143,7000,0,0,0
2020-12-26,8000,8000,8000,-0.1878172589,-0.01756109542,0.1428571429
2020-12-28,8000,8000,8000,0,0,0
2021-01-04,10000,10000,10000,0.25,0.25,0.25
2021-01-05,10000,10000,10000,0,0,0
2021-01-06,10000,10000,10000,0,0,0
2021-01-22,9300,9103,6296,-0.07,-0.0897,-0.3704
2021-01-23,9300,9103,6296,0,0,0
2021-01-25,10300,10136,7242,0.1075268817,0.1134790728,0.1502541296
2021-01-30,13354,12000,12000,0.2965048544,0.183898974,0.6570008285
2021-02-01,13354,12000,12000,0,0,0
2021-02-02,13354,12000,12000,0,0,0
2021-02-03,13354,12000,12000,0,0,0
2021-02-04,13354,12000,12000,0,0,0
2021-02-05,13354,12000,12000,0,0,0
2021-02-06,13354,12000,12000,0,0,0
2021-02-08,13000,9540,4600,-0.02650891119,-0.205,-0.6166666667
2021-02-26,13344,12370,11309,0.02646153846,0.2966457023,1.458478261
2021-02-27,13344,12370,11309,0,0,0
2021-03-01,13344,12370,11309,0,0,0
2021-03-02,13344,12370,11309,0,0,0
2021-03-03,13344,12370,11309,0,0,0
2021-03-04,13344,12370,11309,0,0,0
2021-03-05,9471,7000,5538,-0.2902428058,-0.4341147939,-0.5103015298
2021-03-06,9471,7000,5538,0,0,0
2021-03-08,14327,10198,6324,0.5127230493,0.4568571429,0.141928494
2021-03-09,14327,10198,6324,0,0,0
2021-03-10,8224,7800,5215,-0.4259789209,-0.2351441459,-0.1753636939
2021-03-11,8224,7800,5215,0,0,0
2021-03-12,8224,7800,5215,0,0,0
2021-03-13,8224,7800,5215,0,0,0
2021-03-15,8224,7800,5215,0,0,0
2021-03-16,8224,7800,5215,0,0,0
2021-03-17,13160,12561,12079,0.6001945525,0.6103846154,1.31620326
2021-03-18,13160,12561,12079,0,0,0
2021-03-19,13160,12561,12079,0,0,0
2021-03-20,13160,12561,12079,0,0,0
2021-03-22,13159,9599,8000,-0.00007598784195,-0.2358092509,-0.3376935177
2021-03-23,13159,9599,8000,0,0,0
2021-03-24,13159,9599,8000,0,0,0
2021-03-25,13159,9599,8000,0,0,0
2021-03-26,13159,9599,8000,0,0,0
2021-03-27,13159,9599,8000,0,0,0
2021-03-29,13159,9599,8000,0,0,0
2021-03-30,13159,9599,8000,0,0,0
2021-03-31,13159,9599,8000,0,0,0
2021-05-06,10000,10000,10000,-0.2400638346,0.04177518492,0.25
2021-05-07,10000,10000,10000,0,0,0
2021-05-08,10000,10000,10000,0,0,0
2021-05-10,10000,10000,10000,0,0,0
2021-05-11,10000,10000,10000,0,0,0
2021-05-12,10000,10000,10000,0,0,0
2021-05-13,10000,10000,10000,0,0,0
2021-05-14,10000,10000,10000,0,0,0
2021-05-15,10000,10000,10000,0,0,0
2021-05-17,10000,10000,10000,0,0,0
2021-05-18,10000,10000,10000,0,0,0
2021-06-19,13785,12777,12363,0.3785,0.2777,0.2363
2021-06-21,13785,12777,12363,0,0,0
2021-06-22,13785,12777,12363,0,0,0
2021-06-23,13785,12777,12363,0,0,0
2021-06-24,13785,12777,12363,0,0,0
2021-06-25,13785,12777,12363,0,0,0
2021-06-26,13785,12777,12363,0,0,0
2021-06-28,13785,12777,12363,0,0,0
2021-06-29,13785,12777,12363,0,0,0
2021-06-30,13785,12777,12363,0,0,0
2021-07-01,13785,12777,12363,0,0,0
2021-07-02,13785,12777,12363,0,0,0
2021-07-03,13785,12777,12363,0,0,0
2021-07-05,13785,12777,12363,0,0,0
2021-07-06,13785,12777,12363,0,0,0
2021-07-28,10300,9335,8526,-0.2528110265,-0.2693903107,-0.3103615627
2021-07-29,10300,9335,8526,0,0,0
2021-07-30,10300,9335,8526,0,0,0
2021-07-31,10300,9335,8526,0,0,0
2021-08-02,11525,11395,9382,0.1189320388,0.2206748795,0.1003987802
2021-08-03,11525,11395,9382,0,0,0
2021-08-04,11525,11395,9382,0,0,0
2021-08-05,7020,5349,4500,-0.3908893709,-0.5305835893,-0.5203581326
2021-08-06,7020,5349,4500,0,0,0
2021-08-09,7020,5349,4500,0,0,0
2021-08-10,7020,5349,4500,0,0,0
2021-08-11,7020,5349,4500,0,0,0
2021-08-12,10696,9490,9063,0.5236467236,0.774163395,1.014
2021-08-13,10696,9490,9063,0,0,0
2021-08-14,10696,9490,9063,0,0,0
2021-08-27,10636,9120,8000,-0.005609573672,-0.03898840885,-0.1172900805
2021-08-28,10636,9120,8000,0,0,0
2021-08-30,10636,9120,8000,0,0,0
2021-08-31,11215,11000,10810,0.05443775856,0.2061403509,0.35125
2021-09-13,9500,9500,9500,-0.1529201962,-0.1363636364,-0.1211840888
2021-09-14,9500,9500,9500,0,0,0
2021-09-15,9500,9500,9500,0,0,0
2021-09-16,9500,9500,9500,0,0,0
2021-09-17,9500,9500,9500,0,0,0
2021-09-18,9500,9500,9500,0,0,0
2021-09-24,11514,10908,10550,0.212,0.1482105263,0.1105263158
2021-09-25,11514,10908,10550,0,0,0
2021-09-27,11514,10908,10550,0,0,0
2021-09-28,11514,10908,10550,0,0,0
2021-09-29,11514,10908,10550,0,0,0
2021-09-30,11000,11000,11000,-0.04464130624,0.008434176751,0.04265402844
2021-10-01,15631,14076,12295,0.421,0.2796363636,0.1177272727
2021-10-02,15631,14076,12295,0,0,0
2021-10-04,12480,11420,10890,-0.2015865907,-0.1886899687,-0.1142740952
2021-10-05,12480,11420,10890,0,0,0
2021-10-06,12480,11420,10890,0,0,0
2021-10-07,12480,11420,10890,0,0,0
2021-10-15,14000,14000,14000,0.1217948718,0.2259194396,0.2855831038
2021-10-16,14000,14000,14000,0,0,0
2021-10-18,13708,12000,11824,-0.02085714286,-0.1428571429,-0.1554285714
2021-10-19,13708,12000,11824,0,0,0
2021-10-20,13708,12000,11824,0,0,0
2021-10-21,13708,12000,11824,0,0,0
2021-10-22,13708,12000,11824,0,0,0
2021-10-23,13708,12000,11824,0,0,0
2021-10-25,13708,12000,11824,0,0,0
2021-11-08,12593,12053,12000,-0.08133936388,0.004416666667,0.0148849797
2021-11-18,11000,10636,6609,-0.1264988486,-0.1175640919,-0.44925
2021-11-19,10000,10000,10000,-0.09090909091,-0.05979691613,0.513088213
2021-11-20,10000,10000,10000,0,0,0
2021-11-22,8000,8000,8000,-0.2,-0.2,-0.2
2021-11-23,8000,8000,8000,0,0,0
2021-11-24,8000,8000,8000,0,0,0
2021-11-25,8000,8000,8000,0,0,0
2021-11-26,8000,8000,8000,0,0,0
2021-11-27,8000,8000,8000,0,0,0
2021-11-29,8000,8000,8000,0,0,0
2021-11-30,8000,8000,8000,0,0,0
2021-12-09,10665,8526,7878,0.333125,0.06575,-0.01525
2021-12-10,10665,8526,7878,0,0,0
2021-12-11,10665,8526,7878,0,0,0
2021-12-13,10665,8526,7878,0,0,0
2021-12-14,10665,8526,7878,0,0,0
2021-12-15,10665,8526,7878,0,0,0
2022-01-05,10300,7553,6200,-0.03422409752,-0.1141215107,-0.2129982229
2022-01-06,10300,7553,6200,0,0,0
2022-01-18,11750,11000,10333,0.140776699,0.4563749504,0.6666129032
2022-01-19,11750,11000,10333,0,0,0
2022-01-20,11750,11000,10333,0,0,0
2022-01-21,11750,11000,10333,0,0,0
2022-01-22,11750,11000,10333,0,0,0
2022-01-24,11750,11000,10333,0,0,0
2022-01-25,11750,11000,10333,0,0,0
2022-01-26,11750,11000,10333,0,0,0
2022-02-05,10604,9509,7779,-0.09753191489,-0.1355454545,-0.2471692635
2022-02-07,10604,9509,7779,0,0,0
2022-02-08,10604,9509,7779,0,0,0
2022-02-09,10604,9509,7779,0,0,0
2022-02-10,10604,9509,7779,0,0,0
2022-02-11,10604,9509,7779,0,0,0
2022-02-12,10604,9509,7779,0,0,0
2022-02-14,10604,9509,7779,0,0,0
2022-02-15,10604,9509,7779,0,0,0
2022-02-16,10604,9509,7779,0,0,0
2022-02-17,10604,9509,7779,0,0,0
2022-02-18,10604,9509,7779,0,0,0
2022-02-19,10604,9509,7779,0,0,0
2022-02-21,10604,9509,7779,0,0,0
2022-02-22,10604,9509,7779,0,0,0
2022-02-23,10604,9509,7779,0,0,0
2022-02-24,10604,9509,7779,0,0,0
2022-02-25,10604,9509,7779,0,0,0
2022-02-26,10604,9509,7779,0,0,0
2022-02-28,10604,9509,7779,0,0,0
2022-03-01,10604,9509,7779,0,0,0
2022-03-02,10000,10000,10000,-0.05695963787,0.05163529288,0.2855122766
2022-03-03,10000,10000,10000,0,0,0
2022-03-04,10000,10000,10000,0,0,0
2022-03-05,10000,10000,10000,0,0,0
2022-03-07,10000,10000,10000,0,0,0
2022-03-08,8667,8000,7564,-0.1333,-0.2,-0.2436
2022-03-09,8667,8000,7564,0,0,0
2022-03-10,8667,8000,7564,0,0,0
2022-03-11,8667,8000,7564,0,0,0
2022-03-12,8667,8000,7564,0,0,0
2022-03-14,8667,8000,7564,0,0,0
2022-03-15,8667,8000,7564,0,0,0
2022-03-16,8667,8000,7564,0,0,0
2022-03-17,8667,8000,7564,0,0,0
2022-03-18,8667,8000,7564,0,0,0
2022-03-19,8667,8000,7564,0,0,0
2022-03-21,8667,8000,7564,0,0,0
2022-03-22,8667,8000,7564,0,0,0
2022-03-23,8667,8000,7564,0,0,0
2022-03-24,8667,8000,7564,0,0,0
2022-03-25,8667,8000,7564,0,0,0
2022-03-26,8667,8000,7564,0,0,0
2022-03-28,8667,8000,7564,0,0,0
2022-03-29,8667,8000,7564,0,0,0
2022-03-30,8667,8000,7564,0,0,0
2022-03-31,8667,8000,7564,0,0,0
2022-04-01,8667,8000,7564,0,0,0
2022-04-02,8667,8000,7564,0,0,0
2022-04-04,8667,8000,7564,0,0,0
2022-04-05,14146,14000,14000,0.6321679935,0.75,0.8508725542
2022-04-06,14146,14000,14000,0,0,0
2022-04-07,14146,14000,14000,0,0,0
2022-04-08,14146,14000,14000,0,0,0
2022-04-09,14146,14000,14000,0,0,0
2022-04-11,14146,14000,14000,0,0,0
2022-04-12,14146,14000,14000,0,0,0
2022-04-13,6500,5981,5500,-0.5405061501,-0.5727857143,-0.6071428571
2022-04-14,6500,5981,5500,0,0,0
2022-04-15,6500,5981,5500,0,0,0
2022-04-16,6500,5981,5500,0,0,0
2022-04-18,6500,5981,5500,0,0,0
2022-04-19,6500,5981,5500,0,0,0
2022-04-20,6500,5981,5500,0,0,0
2022-04-21,6500,5981,5500,0,0,0
2022-04-22,6500,5981,5500,0,0,0
2022-04-23,6500,5981,5500,0,0,0
2022-04-25,6500,5981,5500,0,0,0
2022-04-26,6500,5981,5500,0,0,0
2022-04-27,6500,5981,5500,0,0,0
2022-04-28,6500,5981,5500,0,0,0
2022-04-29,6500,5981,5500,0,0,0
2022-04-30,4500,4500,4500,-0.3076923077,-0.2476174553,-0.1818181818
2022-06-27,10000,10000,10000,1.222222222,1.222222222,1.222222222
2022-08-22,9000,8696,8016,-0.1,-0.1304,-0.1984
2022-08-23,9000,8696,8016,0,0,0
2022-08-24,9000,8696,8016,0,0,0
2022-08-25,9000,8696,8016,0,0,0
2022-08-26,9000,8696,8016,0,0,0
2022-08-27,9000,8696,8016,0,0,0
2022-08-29,9000,8696,8016,0,0,0
2022-08-30,9000,8696,8016,0,0,0
2022-10-31,8000,8000,8000,-0.1111111111,-0.08003679853,-0.001996007984
2022-11-01,8000,8000,8000,0,0,0
2022-11-02,9992,9076,9000,0.249,0.1345,0.125
2022-11-03,9992,9076,9000,0,0,0
2022-11-04,9992,9076,9000,0,0,0
2022-11-05,9992,9076,9000,0,0,0
2022-11-07,9992,9076,9000,0,0,0
2022-11-08,9992,9076,9000,0,0,0
2022-11-09,9992,9076,9000,0,0,0
2022-11-10,9992,9076,9000,0,0,0
2022-11-11,9992,9076,9000,0,0,0
2022-11-29,8000,7010,7000,-0.1993594876,-0.2276333186,-0.2222222222
2022-11-30,8000,7010,7000,0,0,0
2022-12-01,8000,7010,7000,0,0,0
2022-12-02,8000,7010,7000,0,0,0
2022-12-03,8000,7010,7000,0,0,0
2022-12-05,8000,7010,7000,0,0,0
2022-12-07,9467,7378,6394,0.183375,0.05249643367,-0.08657142857
2022-12-08,9467,7378,6394,0,0,0
2022-12-09,9467,7378,6394,0,0,0
2022-12-10,9467,7378,6394,0,0,0
2022-12-12,6131,5795,5500,-0.3523819584,-0.2145567905,-0.1398185799
2022-12-13,6131,5795,5500,0,0,0
2022-12-14,6131,5795,5500,0,0,0
2022-12-23,10300,10300,10082,0.6799869516,0.7773943054,0.8330909091
2022-12-24,10300,10300,10082,0,0,0
2022-12-26,10300,10300,10082,0,0,0
2022-12-27,10300,10300,10082,0,0,0
2022-12-28,10300,10300,10082,0,0,0
2023-02-27,8000,8000,8000,-0.2233009709,-0.2233009709,-0.2065066455
2023-02-28,8000,8000,8000,0,0,0
2023-03-01,8000,8000,8000,0,0,0
2023-03-02,8000,8000,8000,0,0,0
2023-03-03,8000,8000,8000,0,0,0
2023-03-04,8000,8000,8000,0,0,0
2023-03-06,8000,8000,8000,0,0,0
2023-03-30,10000,10000,10000,0.25,0.25,0.25
2023-03-31,10000,10000,10000,0,0,0
2023-04-01,10000,10000,10000,0,0,0
2023-04-03,10000,10000,10000,0,0,0
2023-04-04,10000,10000,10000,0,0,0
2023-06-08,10969,10158,10000,0.0969,0.0158,0
2023-06-09,12148,10886,10000,0.1074847297,0.07166765111,0
2023-06-10,12148,10886,10000,0,0,0
2023-06-12,12148,10886,10000,0,0,0
2023-06-13,10000,9871,9700,-0.1768192295,-0.0932390226,-0.03
2023-06-14,10000,9871,9700,0,0,0
2023-06-15,10000,9871,9700,0,0,0
2023-06-16,10000,9871,9700,0,0,0
2023-06-17,10000,9871,9700,0,0,0
2023-06-19,10000,9871,9700,0,0,0
2023-06-20,10000,9871,9700,0,0,0
2023-09-23,12200,12067,12000,0.22,0.2224698612,0.2371134021
2023-09-25,9133,7851,7600,-0.2513934426,-0.3493826137,-0.3666666667
2023-09-26,9133,7851,7600,0,0,0
2023-09-27,9133,7851,7600,0,0,0
2023-09-28,9133,7851,7600,0,0,0
2023-10-02,9133,7851,7600,0,0,0
2023-10-03,9133,7851,7600,0,0,0
2023-10-04,9133,7851,7600,0,0,0
2023-10-05,9133,7851,7600,0,0,0
2023-10-06,9133,7851,7600,0,0,0
2023-10-07,9133,7851,7600,0,0,0
2023-10-09,9133,7851,7600,0,0,0
2023-10-10,9133,7851,7600,0,0,0
2023-10-27,9000,9000,8357,-0.01456257528,0.1463507833,0.09960526316
2023-10-28,9000,9000,8357,0,0,0
2023-10-30,9000,9000,8357,0,0,0
2023-10-31,9000,9000,8357,0,0,0
2023-11-01,9000,9000,8357,0,0,0
2023-11-02,9000,9000,8357,0,0,0
2023-11-03,9000,9000,8357,0,0,0
2023-11-06,9000,9000,8357,0,0,0
2023-11-07,9000,9000,8357,0,0,0
2023-11-08,9000,9000,8357,0,0,0
2023-11-09,9000,9000,8357,0,0,0
2023-11-11,12886,12000,11000,0.4317777778,0.3333333333,0.3162618164
2023-11-13,13152,10431,9000,0.02064255781,-0.13075,-0.1818181818
2023-11-14,13152,10431,9000,0,0,0
2023-11-15,13152,10431,9000,0,0,0
2023-11-16,13152,10431,9000,0,0,0
2023-11-17,13152,10431,9000,0,0,0
2023-11-18,13152,10431,9000,0,0,0
2023-11-20,13152,10431,9000,0,0,0
2023-11-21,13152,10431,9000,0,0,0
2023-11-22,13152,10431,9000,0,0,0
2023-11-23,13152,10431,9000,0,0,0
2024-02-29,16188,15747,15700,0.2308394161,0.5096347426,0.7444444444
2024-03-01,16188,15747,15700,0,0,0
2024-03-02,16188,15747,15700,0,0,0
2024-03-04,16188,15747,15700,0,0,0
2024-03-19,5578,5191,4749,-0.6554237707,-0.6703499079,-0.6975159236
2024-03-20,3500,3407,3300,-0.3725349588,-0.3436717395,-0.3051168667
2024-03-21,3500,3407,3300,0,0,0
2024-03-22,3500,3407,3300,0,0,0
2024-04-09,8409,7879,6500,1.402571429,1.312591723,0.9696969697
2024-04-10,7866,7600,7558,-0.06457367107,-0.0354105851,0.1627692308
2024-04-11,7866,7600,7558,0,0,0
2024-04-12,7866,7600,7558,0,0,0
2024-05-31,10321,8138,7639,0.3121027206,0.07078947368,0.01071712093
2024-06-01,10321,8138,7639,0,0,0
2024-06-03,10321,8138,7639,0,0,0
2024-06-04,10321,8138,7639,0,0,0
2024-09-04,6370,6068,5554,-0.382811743,-0.2543622512,-0.2729414845
2024-09-05,6370,6068,5554,0,0,0
2024-09-06,6370,6068,5554,0,0,0
2024-09-07,6370,6068,5554,0,0,0
2024-09-20,5945,5455,5300,-0.06671899529,-0.1010217535,-0.04573280519
2024-09-21,5945,5455,5300,0,0,0
2024-10-21,8600,8588,8500,0.4465937763,0.574335472,0.6037735849
2024-10-22,8600,8588,8500,0,0,0
2024-10-23,8600,8588,8500,0,0,0
2024-10-24,8600,8588,8500,0,0,0
2024-10-25,8600,8588,8500,0,0,0
2024-10-26,8600,8588,8500,0,0,0
2024-10-28,8600,8588,8500,0,0,0
2024-10-29,8600,8588,8500,0,0,0
2024-10-30,8600,8588,8500,0,0,0
2024-10-31,8600,8588,8500,0,0,0
2024-11-01,8600,8588,8500,0,0,0
2024-11-02,8600,8588,8500,0,0,0
2024-11-05,8600,8588,8500,0,0,0
2024-11-06,8600,8588,8500,0,0,0
2024-11-07,8600,8588,8500,0,0,0
2024-11-08,8600,8588,8500,0,0,0
2024-11-09,8600,8588,8500,0,0,0
2024-11-11,8600,8588,8500,0,0,0
2024-11-12,8600,8588,8500,0,0,0
2024-11-13,8600,8588,8500,0,0,0
2024-11-14,8600,8588,8500,0,0,0
2024-11-15,8600,8588,8500,0,0,0
2024-11-16,8600,8588,8500,0,0,0
2024-11-18,8600,8588,8500,0,0,0
2024-11-19,8600,8588,8500,0,0,0
2024-11-20,8600,8588,8500,0,0,0
2024-11-21,8600,8588,8500,0,0,0
2024-11-22,8600,8588,8500,0,0,0
2024-11-23,8600,8588,8500,0,0,0
2024-11-25,8600,8588,8500,0,0,0
2024-11-26,8600,8588,8500,0,0,0
2024-11-27,8600,8588,8500,0,0,0
2024-11-28,8600,8588,8500,0,0,0
2024-11-29,8600,8588,8500,0,0,0
2024-11-30,8600,8588,8500,0,0,0
2024-12-02,8600,8588,8500,0,0,0
2024-12-03,8600,8588,8500,0,0,0
2024-12-04,8600,8588,8500,0,0,0
2024-12-05,8600,8588,8500,0,0,0
2024-12-06,8600,8588,8500,0,0,0
2024-12-07,8600,8588,8500,0,0,0
2024-12-09,8600,8588,8500,0,0,0
2024-12-10,8600,8588,8500,0,0,0
2024-12-11,8600,8588,8500,0,0,0
2024-12-12,8600,8588,8500,0,0,0
2024-12-13,8600,8588,8500,0,0,0
2024-12-14,8600,8588,8500,0,0,0
2024-12-16,8600,8588,8500,0,0,0
2024-12-17,8600,8588,8500,0,0,0
2024-12-18,8600,8588,8500,0,0,0
2024-12-19,8600,8588,8500,0,0,0
2024-12-20,8600,8588,8500,0,0,0
2024-12-21,8600,8588,8500,0,0,0
2024-12-23,8600,8588,8500,0,0,0
2024-12-24,8600,8588,8500,0,0,0
2024-12-25,8600,8588,8500,0,0,0
2024-12-26,8600,8588,8500,0,0,0
2024-12-27,8600,8588,8500,0,0,0
2024-12-28,8600,8588,8500,0,0,0
2024-12-30,8600,8588,8500,0,0,0
2024-12-31,8600,8588,8500,0,0,0