날짜,week,활연어_거래량(톤),활연어_가격(NOK/kg),d활연어_거래량(톤),d활연어_가격(NOK/kg)
2018-01-02,2018U01,14259,58.52,0,0
2018-01-03,2018U01,14259,58.52,0,0
2018-01-04,2018U01,14259,58.52,0,0
2018-01-05,2018U01,14259,58.52,0,0
2018-01-06,2018U01,14259,58.52,0,0
2018-01-07,2018U01,14259,58.52,0,0
2018-01-08,2018U02,17007,57.28,0.1927203871,-0.02118933698
2018-01-09,2018U02,17007,57.28,0,0
2018-01-10,2018U02,17007,57.28,0,0
2018-01-11,2018U02,17007,57.28,0,0
2018-01-12,2018U02,17007,57.28,0,0
2018-01-13,2018U02,17007,57.28,0,0
2018-01-14,2018U02,17007,57.28,0,0
2018-01-15,2018U03,16479,55.46,-0.03104603987,-0.03177374302
2018-01-16,2018U03,16479,55.46,0,0
2018-01-17,2018U03,16479,55.46,0,0
2018-01-18,2018U03,16479,55.46,0,0
2018-01-19,2018U03,16479,55.46,0,0
2018-01-20,2018U03,16479,55.46,0,0
2018-01-21,2018U03,16479,55.46,0,0
2018-01-22,2018U04,17441,56.96,0.05837732872,0.02704652001
2018-01-23,2018U04,17441,56.96,0,0
2018-01-24,2018U04,17441,56.96,0,0
2018-01-25,2018U04,17441,56.96,0,0
2018-01-26,2018U04,17441,56.96,0,0
2018-01-27,2018U04,17441,56.96,0,0
2018-01-28,2018U04,17441,56.96,0,0
2018-01-29,2018U05,17266,56.86,-0.01003382834,-0.001755617978
2018-01-30,2018U05,17266,56.86,0,0
2018-01-31,2018U05,17266,56.86,0,0
2018-02-01,2018U05,17266,56.86,0,0
2018-02-02,2018U05,17266,56.86,0,0
2018-02-03,2018U05,17266,56.86,0,0
2018-02-04,2018U05,17266,56.86,0,0
2018-02-05,2018U06,16515,54.69,-0.04349588787,-0.03816391136
2018-02-06,2018U06,16515,54.69,0,0
2018-02-07,2018U06,16515,54.69,0,0
2018-02-08,2018U06,16515,54.69,0,0
2018-02-09,2018U06,16515,54.69,0,0
2018-02-10,2018U06,16515,54.69,0,0
2018-02-11,2018U06,16515,54.69,0,0
2018-02-12,2018U07,15052,56.52,-0.08858613382,0.03346132748
2018-02-13,2018U07,15052,56.52,0,0
2018-02-14,2018U07,15052,56.52,0,0
2018-02-15,2018U07,15052,56.52,0,0
2018-02-16,2018U07,15052,56.52,0,0
2018-02-17,2018U07,15052,56.52,0,0
2018-02-18,2018U07,15052,56.52,0,0
2018-02-19,2018U08,15688,62.2,0.04225352113,0.1004953999
2018-02-20,2018U08,15688,62.2,0,0
2018-02-21,2018U08,15688,62.2,0,0
2018-02-22,2018U08,15688,62.2,0,0
2018-02-23,2018U08,15688,62.2,0,0
2018-02-24,2018U08,15688,62.2,0,0
2018-02-25,2018U08,15688,62.2,0,0
2018-02-26,2018U09,15230,65.16,-0.02919428863,0.04758842444
2018-02-27,2018U09,15230,65.16,0,0
2018-02-28,2018U09,15230,65.16,0,0
2018-03-01,2018U09,15230,65.16,0,0
2018-03-02,2018U09,15230,65.16,0,0
2018-03-03,2018U09,15230,65.16,0,0
2018-03-04,2018U09,15230,65.16,0,0
2018-03-05,2018U10,15825,67.57,0.03906762968,0.03698588091
2018-03-06,2018U10,15825,67.57,0,0
2018-03-07,2018U10,15825,67.57,0,0
2018-03-08,2018U10,15825,67.57,0,0
2018-03-09,2018U10,15825,67.57,0,0
2018-03-10,2018U10,15825,67.57,0,0
2018-03-11,2018U10,15825,67.57,0,0
2018-03-12,2018U11,17862,67.94,0.1287203791,0.005475802871
2018-03-13,2018U11,17862,67.94,0,0
2018-03-14,2018U11,17862,67.94,0,0
2018-03-15,2018U11,17862,67.94,0,0
2018-03-16,2018U11,17862,67.94,0,0
2018-03-17,2018U11,17862,67.94,0,0
2018-03-18,2018U11,17862,67.94,0,0
2018-03-19,2018U12,19138,65.12,0.07143656925,-0.04150721225
2018-03-20,2018U12,19138,65.12,0,0
2018-03-21,2018U12,19138,65.12,0,0
2018-03-22,2018U12,19138,65.12,0,0
2018-03-23,2018U12,19138,65.12,0,0
2018-03-24,2018U12,19138,65.12,0,0
2018-03-25,2018U12,19138,65.12,0,0
2018-03-26,2018U13,11423,71.75,-0.4031246734,0.1018120393
2018-03-27,2018U13,11423,71.75,0,0
2018-03-28,2018U13,11423,71.75,0,0
2018-03-29,2018U13,11423,71.75,0,0
2018-03-30,2018U13,11423,71.75,0,0
2018-03-31,2018U13,11423,71.75,0,0
2018-04-01,2018U13,11423,71.75,0,0
2018-04-02,2018U14,13953,71.5,0.2214829729,-0.003484320557
2018-04-03,2018U14,13953,71.5,0,0
2018-04-04,2018U14,13953,71.5,0,0
2018-04-05,2018U14,13953,71.5,0,0
2018-04-06,2018U14,13953,71.5,0,0
2018-04-07,2018U14,13953,71.5,0,0
2018-04-08,2018U14,13953,71.5,0,0
2018-04-09,2018U15,15751,68.21,0.1288611768,-0.04601398601
2018-04-10,2018U15,15751,68.21,0,0
2018-04-11,2018U15,15751,68.21,0,0
2018-04-12,2018U15,15751,68.21,0,0
2018-04-13,2018U15,15751,68.21,0,0
2018-04-14,2018U15,15751,68.21,0,0
2018-04-15,2018U15,15751,68.21,0,0
2018-04-16,2018U16,15094,67.32,-0.04171163736,-0.01304794018
2018-04-17,2018U16,15094,67.32,0,0
2018-04-18,2018U16,15094,67.32,0,0
2018-04-19,2018U16,15094,67.32,0,0
2018-04-20,2018U16,15094,67.32,0,0
2018-04-21,2018U16,15094,67.32,0,0
2018-04-22,2018U16,15094,67.32,0,0
2018-04-23,2018U17,14510,66.79,-0.03869087054,-0.007872846108
2018-04-24,2018U17,14510,66.79,0,0
2018-04-25,2018U17,14510,66.79,0,0
2018-04-26,2018U17,14510,66.79,0,0
2018-04-27,2018U17,14510,66.79,0,0
2018-04-28,2018U17,14510,66.79,0,0
2018-04-29,2018U17,14510,66.79,0,0
2018-04-30,2018U18,13735,71.16,-0.05341144039,0.06542895643
2018-05-01,2018U18,13735,71.16,0,0
2018-05-02,2018U18,13735,71.16,0,0
2018-05-03,2018U18,13735,71.16,0,0
2018-05-04,2018U18,13735,71.16,0,0
2018-05-05,2018U18,13735,71.16,0,0
2018-05-06,2018U18,13735,71.16,0,0
2018-05-07,2018U19,14991,75.4,0.09144521296,0.05958403598
2018-05-08,2018U19,14991,75.4,0,0
2018-05-09,2018U19,14991,75.4,0,0
2018-05-10,2018U19,14991,75.4,0,0
2018-05-11,2018U19,14991,75.4,0,0
2018-05-12,2018U19,14991,75.4,0,0
2018-05-13,2018U19,14991,75.4,0,0
2018-05-14,2018U20,14951,76.09,-0.002668267627,0.009151193634
2018-05-15,2018U20,14951,76.09,0,0
2018-05-16,2018U20,14951,76.09,0,0
2018-05-17,2018U20,14951,76.09,0,0
2018-05-18,2018U20,14951,76.09,0,0
2018-05-19,2018U20,14951,76.09,0,0
2018-05-20,2018U20,14951,76.09,0,0
2018-05-21,2018U21,15363,73.71,0.02755668517,-0.03127874885
2018-05-22,2018U21,15363,73.71,0,0
2018-05-23,2018U21,15363,73.71,0,0
2018-05-24,2018U21,15363,73.71,0,0
2018-05-25,2018U21,15363,73.71,0,0
2018-05-26,2018U21,15363,73.71,0,0
2018-05-27,2018U21,15363,73.71,0,0
2018-05-28,2018U22,16826,66.17,0.09522879646,-0.102292769
2018-05-29,2018U22,16826,66.17,0,0
2018-05-30,2018U22,16826,66.17,0,0
2018-05-31,2018U22,16826,66.17,0,0
2018-06-01,2018U22,16826,66.17,0,0
2018-06-02,2018U22,16826,66.17,0,0
2018-06-03,2018U22,16826,66.17,0,0
2018-06-04,2018U23,16732,61.34,-0.005586592179,-0.07299380384
2018-06-05,2018U23,16732,61.34,0,0
2018-06-06,2018U23,16732,61.34,0,0
2018-06-07,2018U23,16732,61.34,0,0
2018-06-08,2018U23,16732,61.34,0,0
2018-06-09,2018U23,16732,61.34,0,0
2018-06-10,2018U23,16732,61.34,0,0
2018-06-11,2018U24,16548,65,-0.01099689218,0.05966742745
2018-06-12,2018U24,16548,65,0,0
2018-06-13,2018U24,16548,65,0,0
2018-06-14,2018U24,16548,65,0,0
2018-06-15,2018U24,16548,65,0,0
2018-06-16,2018U24,16548,65,0,0
2018-06-17,2018U24,16548,65,0,0
2018-06-18,2018U25,16297,61.7,-0.01516799613,-0.05076923077
2018-06-19,2018U25,16297,61.7,0,0
2018-06-20,2018U25,16297,61.7,0,0
2018-06-21,2018U25,16297,61.7,0,0
2018-06-22,2018U25,16297,61.7,0,0
2018-06-23,2018U25,16297,61.7,0,0
2018-06-24,2018U25,16297,61.7,0,0
2018-06-25,2018U26,16929,58.25,0.03878014358,-0.05591572123
2018-06-26,2018U26,16929,58.25,0,0
2018-06-27,2018U26,16929,58.25,0,0
2018-06-28,2018U26,16929,58.25,0,0
2018-06-29,2018U26,16929,58.25,0,0
2018-06-30,2018U26,16929,58.25,0,0
2018-07-01,2018U26,16929,58.25,0,0
2018-07-02,2018U27,17914,58.55,0.05818418099,0.005150214592
2018-07-03,2018U27,17914,58.55,0,0
2018-07-04,2018U27,17914,58.55,0,0
2018-07-05,2018U27,17914,58.55,0,0
2018-07-06,2018U27,17914,58.55,0,0
2018-07-07,2018U27,17914,58.55,0,0
2018-07-08,2018U27,17914,58.55,0,0
2018-07-09,2018U28,17402,55.4,-0.0285809981,-0.05380017079
2018-07-10,2018U28,17402,55.4,0,0
2018-07-11,2018U28,17402,55.4,0,0
2018-07-12,2018U28,17402,55.4,0,0
2018-07-13,2018U28,17402,55.4,0,0
2018-07-14,2018U28,17402,55.4,0,0
2018-07-15,2018U28,17402,55.4,0,0
2018-07-16,2018U29,17286,55.14,-0.006665900471,-0.004693140794
2018-07-17,2018U29,17286,55.14,0,0
2018-07-18,2018U29,17286,55.14,0,0
2018-07-19,2018U29,17286,55.14,0,0
2018-07-20,2018U29,17286,55.14,0,0
2018-07-21,2018U29,17286,55.14,0,0
2018-07-22,2018U29,17286,55.14,0,0
2018-07-23,2018U30,17367,56.07,0.004685872961,0.01686615887
2018-07-24,2018U30,17367,56.07,0,0
2018-07-25,2018U30,17367,56.07,0,0
2018-07-26,2018U30,17367,56.07,0,0
2018-07-27,2018U30,17367,56.07,0,0
2018-07-28,2018U30,17367,56.07,0,0
2018-07-29,2018U30,17367,56.07,0,0
2018-07-30,2018U31,17466,57.44,0.005700466402,0.02443374353
2018-07-31,2018U31,17466,57.44,0,0
2018-08-01,2018U31,17466,57.44,0,0
2018-08-02,2018U31,17466,57.44,0,0
2018-08-03,2018U31,17466,57.44,0,0
2018-08-04,2018U31,17466,57.44,0,0
2018-08-05,2018U31,17466,57.44,0,0
2018-08-06,2018U32,18978,57.33,0.08656818963,-0.001915041783
2018-08-07,2018U32,18978,57.33,0,0
2018-08-08,2018U32,18978,57.33,0,0
2018-08-09,2018U32,18978,57.33,0,0
2018-08-10,2018U32,18978,57.33,0,0
2018-08-11,2018U32,18978,57.33,0,0
2018-08-12,2018U32,18978,57.33,0,0
2018-08-13,2018U33,19004,53.62,0.001370007377,-0.06471306471
2018-08-14,2018U33,19004,53.62,0,0
2018-08-15,2018U33,19004,53.62,0,0
2018-08-16,2018U33,19004,53.62,0,0
2018-08-17,2018U33,19004,53.62,0,0
2018-08-18,2018U33,19004,53.62,0,0
2018-08-19,2018U33,19004,53.62,0,0
2018-08-20,2018U34,18551,52.99,-0.02383708693,-0.01174934726
2018-08-21,2018U34,18551,52.99,0,0
2018-08-22,2018U34,18551,52.99,0,0
2018-08-23,2018U34,18551,52.99,0,0
2018-08-24,2018U34,18551,52.99,0,0
2018-08-25,2018U34,18551,52.99,0,0
2018-08-26,2018U34,18551,52.99,0,0
2018-08-27,2018U35,17501,57.43,-0.05660072233,0.08378939423
2018-08-28,2018U35,17501,57.43,0,0
2018-08-29,2018U35,17501,57.43,0,0
2018-08-30,2018U35,17501,57.43,0,0
2018-08-31,2018U35,17501,57.43,0,0
2018-09-01,2018U35,17501,57.43,0,0
2018-09-02,2018U35,17501,57.43,0,0
2018-09-03,2018U36,17919,62.6,0.02388434947,0.09002263625
2018-09-04,2018U36,17919,62.6,0,0
2018-09-05,2018U36,17919,62.6,0,0
2018-09-06,2018U36,17919,62.6,0,0
2018-09-07,2018U36,17919,62.6,0,0
2018-09-08,2018U36,17919,62.6,0,0
2018-09-09,2018U36,17919,62.6,0,0
2018-09-10,2018U37,18489,62.1,0.03180981082,-0.007987220447
2018-09-11,2018U37,18489,62.1,0,0
2018-09-12,2018U37,18489,62.1,0,0
2018-09-13,2018U37,18489,62.1,0,0
2018-09-14,2018U37,18489,62.1,0,0
2018-09-15,2018U37,18489,62.1,0,0
2018-09-16,2018U37,18489,62.1,0,0
2018-09-17,2018U38,17736,60.28,-0.04072691871,-0.02930756844
2018-09-18,2018U38,17736,60.28,0,0
2018-09-19,2018U38,17736,60.28,0,0
2018-09-20,2018U38,17736,60.28,0,0
2018-09-21,2018U38,17736,60.28,0,0
2018-09-22,2018U38,17736,60.28,0,0
2018-09-23,2018U38,17736,60.28,0,0
2018-09-24,2018U39,19344,59.15,0.09066305819,-0.01874585269
2018-09-25,2018U39,19344,59.15,0,0
2018-09-26,2018U39,19344,59.15,0,0
2018-09-27,2018U39,19344,59.15,0,0
2018-09-28,2018U39,19344,59.15,0,0
2018-09-29,2018U39,19344,59.15,0,0
2018-09-30,2018U39,19344,59.15,0,0
2018-10-01,2018U40,19999,57.93,0.03386062862,-0.02062552832
2018-10-02,2018U40,19999,57.93,0,0
2018-10-03,2018U40,19999,57.93,0,0
2018-10-04,2018U40,19999,57.93,0,0
2018-10-05,2018U40,19999,57.93,0,0
2018-10-06,2018U40,19999,57.93,0,0
2018-10-07,2018U40,19999,57.93,0,0
2018-10-08,2018U41,19237,58.49,-0.0381019051,0.009666839289
2018-10-09,2018U41,19237,58.49,0,0
2018-10-10,2018U41,19237,58.49,0,0
2018-10-11,2018U41,19237,58.49,0,0
2018-10-12,2018U41,19237,58.49,0,0
2018-10-13,2018U41,19237,58.49,0,0
2018-10-14,2018U41,19237,58.49,0,0
2018-10-15,2018U42,20828,58.95,0.08270520351,0.007864592238
2018-10-16,2018U42,20828,58.95,0,0
2018-10-17,2018U42,20828,58.95,0,0
2018-10-18,2018U42,20828,58.95,0,0
2018-10-19,2018U42,20828,58.95,0,0
2018-10-20,2018U42,20828,58.95,0,0
2018-10-21,2018U42,20828,58.95,0,0
2018-10-22,2018U43,19103,57.77,-0.08282120223,-0.02001696353
2018-10-23,2018U43,19103,57.77,0,0
2018-10-24,2018U43,19103,57.77,0,0
2018-10-25,2018U43,19103,57.77,0,0
2018-10-26,2018U43,19103,57.77,0,0
2018-10-27,2018U43,19103,57.77,0,0
2018-10-28,2018U43,19103,57.77,0,0
2018-10-29,2018U44,19305,59.07,0.01057425535,0.02250302925
2018-10-30,2018U44,19305,59.07,0,0
2018-10-31,2018U44,19305,59.07,0,0
2018-11-01,2018U44,19305,59.07,0,0
2018-11-02,2018U44,19305,59.07,0,0
2018-11-03,2018U44,19305,59.07,0,0
2018-11-04,2018U44,19305,59.07,0,0
2018-11-05,2018U45,18638,57.37,-0.03455063455,-0.02877941425
2018-11-06,2018U45,18638,57.37,0,0
2018-11-07,2018U45,18638,57.37,0,0
2018-11-08,2018U45,18638,57.37,0,0
2018-11-09,2018U45,18638,57.37,0,0
2018-11-10,2018U45,18638,57.37,0,0
2018-11-11,2018U45,18638,57.37,0,0
2018-11-12,2018U46,19468,55.9,0.04453267518,-0.02562314799
2018-11-13,2018U46,19468,55.9,0,0
2018-11-14,2018U46,19468,55.9,0,0
2018-11-15,2018U46,19468,55.9,0,0
2018-11-16,2018U46,19468,55.9,0,0
2018-11-17,2018U46,19468,55.9,0,0
2018-11-18,2018U46,19468,55.9,0,0
2018-11-19,2018U47,19701,53.84,0.01196835833,-0.03685152057
2018-11-20,2018U47,19701,53.84,0,0
2018-11-21,2018U47,19701,53.84,0,0
2018-11-22,2018U47,19701,53.84,0,0
2018-11-23,2018U47,19701,53.84,0,0
2018-11-24,2018U47,19701,53.84,0,0
2018-11-25,2018U47,19701,53.84,0,0
2018-11-26,2018U48,19860,55.76,0.008070656312,0.03566121842
2018-11-27,2018U48,19860,55.76,0,0
2018-11-28,2018U48,19860,55.76,0,0
2018-11-29,2018U48,19860,55.76,0,0
2018-11-30,2018U48,19860,55.76,0,0
2018-12-01,2018U48,19860,55.76,0,0
2018-12-02,2018U48,19860,55.76,0,0
2018-12-03,2018U49,21773,59.5,0.09632426989,0.06707317073
2018-12-04,2018U49,21773,59.5,0,0
2018-12-05,2018U49,21773,59.5,0,0
2018-12-06,2018U49,21773,59.5,0,0
2018-12-07,2018U49,21773,59.5,0,0
2018-12-08,2018U49,21773,59.5,0,0
2018-12-09,2018U49,21773,59.5,0,0
2018-12-10,2018U50,23046,58.87,0.05846690856,-0.01058823529
2018-12-11,2018U50,23046,58.87,0,0
2018-12-12,2018U50,23046,58.87,0,0
2018-12-13,2018U50,23046,58.87,0,0
2018-12-14,2018U50,23046,58.87,0,0
2018-12-15,2018U50,23046,58.87,0,0
2018-12-16,2018U50,23046,58.87,0,0
2018-12-17,2018U51,21874,58.2,-0.05085481211,-0.011381009
2018-12-18,2018U51,21874,58.2,0,0
2018-12-19,2018U51,21874,58.2,0,0
2018-12-20,2018U51,21874,58.2,0,0
2018-12-21,2018U51,21874,58.2,0,0
2018-12-22,2018U51,21874,58.2,0,0
2018-12-23,2018U51,21874,58.2,0,0
2018-12-24,2018U52,9179,65.15,-0.5803693883,0.1194158076
2018-12-25,2018U52,9179,65.15,0,0
2018-12-26,2018U52,9179,65.15,0,0
2018-12-27,2018U52,9179,65.15,0,0
2018-12-28,2018U52,9179,65.15,0,0
2018-12-29,2018U52,9179,65.15,0,0
2018-12-30,2018U52,9179,65.15,0,0
2018-12-31,2019U01,12098,66.66,0.3180084977,0.02317728319
2019-01-01,2019U01,12098,66.66,0,0
2019-01-02,2019U01,12098,66.66,0,0
2019-01-03,2019U01,12098,66.66,0,0
2019-01-04,2019U01,12098,66.66,0,0
2019-01-05,2019U01,12098,66.66,0,0
2019-01-06,2019U01,12098,66.66,0,0
2019-01-07,2019U02,16968,63.9,0.4025458754,-0.04140414041
2019-01-08,2019U02,16968,63.9,0,0
2019-01-09,2019U02,16968,63.9,0,0
2019-01-10,2019U02,16968,63.9,0,0
2019-01-11,2019U02,16968,63.9,0,0
2019-01-12,2019U02,16968,63.9,0,0
2019-01-13,2019U02,16968,63.9,0,0
2019-01-14,2019U03,15367,62.88,-0.09435407826,-0.01596244131
2019-01-15,2019U03,15367,62.88,0,0
2019-01-16,2019U03,15367,62.88,0,0
2019-01-17,2019U03,15367,62.88,0,0
2019-01-18,2019U03,15367,62.88,0,0
2019-01-19,2019U03,15367,62.88,0,0
2019-01-20,2019U03,15367,62.88,0,0
2019-01-21,2019U04,17427,60.83,0.1340534912,-0.03260178117
2019-01-22,2019U04,17427,60.83,0,0
2019-01-23,2019U04,17427,60.83,0,0
2019-01-24,2019U04,17427,60.83,0,0
2019-01-25,2019U04,17427,60.83,0,0
2019-01-26,2019U04,17427,60.83,0,0
2019-01-27,2019U04,17427,60.83,0,0
2019-01-28,2019U05,16333,57.41,-0.06277615195,-0.05622225875
2019-01-29,2019U05,16333,57.41,0,0
2019-01-30,2019U05,16333,57.41,0,0
2019-01-31,2019U05,16333,57.41,0,0
2019-02-01,2019U05,16333,57.41,0,0
2019-02-02,2019U05,16333,57.41,0,0
2019-02-03,2019U05,16333,57.41,0,0
2019-02-04,2019U06,17688,56.73,0.08296087675,-0.01184462637
2019-02-05,2019U06,17688,56.73,0,0
2019-02-06,2019U06,17688,56.73,0,0
2019-02-07,2019U06,17688,56.73,0,0
2019-02-08,2019U06,17688,56.73,0,0
2019-02-09,2019U06,17688,56.73,0,0
2019-02-10,2019U06,17688,56.73,0,0
2019-02-11,2019U07,17634,56.82,-0.003052917232,0.001586462189
2019-02-12,2019U07,17634,56.82,0,0
2019-02-13,2019U07,17634,56.82,0,0
2019-02-14,2019U07,17634,56.82,0,0
2019-02-15,2019U07,17634,56.82,0,0
2019-02-16,2019U07,17634,56.82,0,0
2019-02-17,2019U07,17634,56.82,0,0
2019-02-18,2019U08,17103,60,-0.03011228309,0.05596620908
2019-02-19,2019U08,17103,60,0,0
2019-02-20,2019U08,17103,60,0,0
2019-02-21,2019U08,17103,60,0,0
2019-02-22,2019U08,17103,60,0,0
2019-02-23,2019U08,17103,60,0,0
2019-02-24,2019U08,17103,60,0,0
2019-02-25,2019U09,15192,65.65,-0.1117347834,0.09416666667
2019-02-26,2019U09,15192,65.65,0,0
2019-02-27,2019U09,15192,65.65,0,0
2019-02-28,2019U09,15192,65.65,0,0
2019-03-01,2019U09,15192,65.65,0,0
2019-03-02,2019U09,15192,65.65,0,0
2019-03-03,2019U09,15192,65.65,0,0
2019-03-04,2019U10,14387,72.45,-0.05298841496,0.1035795887
2019-03-05,2019U10,14387,72.45,0,0
2019-03-06,2019U10,14387,72.45,0,0
2019-03-07,2019U10,14387,72.45,0,0
2019-03-08,2019U10,14387,72.45,0,0
2019-03-09,2019U10,14387,72.45,0,0
2019-03-10,2019U10,14387,72.45,0,0
2019-03-11,2019U11,14472,71.55,0.00590811149,-0.01242236025
2019-03-12,2019U11,14472,71.55,0,0
2019-03-13,2019U11,14472,71.55,0,0
2019-03-14,2019U11,14472,71.55,0,0
2019-03-15,2019U11,14472,71.55,0,0
2019-03-16,2019U11,14472,71.55,0,0
2019-03-17,2019U11,14472,71.55,0,0
2019-03-18,2019U12,16569,67.78,0.1449004975,-0.05269042628
2019-03-19,2019U12,16569,67.78,0,0
2019-03-20,2019U12,16569,67.78,0,0
2019-03-21,2019U12,16569,67.78,0,0
2019-03-22,2019U12,16569,67.78,0,0
2019-03-23,2019U12,16569,67.78,0,0
2019-03-24,2019U12,16569,67.78,0,0
2019-03-25,2019U13,17460,65.13,0.05377512222,-0.03909707878
2019-03-26,2019U13,17460,65.13,0,0
2019-03-27,2019U13,17460,65.13,0,0
2019-03-28,2019U13,17460,65.13,0,0
2019-03-29,2019U13,17460,65.13,0,0
2019-03-30,2019U13,17460,65.13,0,0
2019-03-31,2019U13,17460,65.13,0,0
2019-04-01,2019U14,17409,68.21,-0.002920962199,0.04729003531
2019-04-02,2019U14,17409,68.21,0,0
2019-04-03,2019U14,17409,68.21,0,0
2019-04-04,2019U14,17409,68.21,0,0
2019-04-05,2019U14,17409,68.21,0,0
2019-04-06,2019U14,17409,68.21,0,0
2019-04-07,2019U14,17409,68.21,0,0
2019-04-08,2019U15,19916,67.33,0.1440059739,-0.01290133412
2019-04-09,2019U15,19916,67.33,0,0
2019-04-10,2019U15,19916,67.33,0,0
2019-04-11,2019U15,19916,67.33,0,0
2019-04-12,2019U15,19916,67.33,0,0
2019-04-13,2019U15,19916,67.33,0,0
2019-04-14,2019U15,19916,67.33,0,0
2019-04-15,2019U16,12499,71.45,-0.3724141394,0.06119114808
2019-04-16,2019U16,12499,71.45,0,0
2019-04-17,2019U16,12499,71.45,0,0
2019-04-18,2019U16,12499,71.45,0,0
2019-04-19,2019U16,12499,71.45,0,0
2019-04-20,2019U16,12499,71.45,0,0
2019-04-21,2019U16,12499,71.45,0,0
2019-04-22,2019U17,16037,69.53,0.283062645,-0.02687193842
2019-04-23,2019U17,16037,69.53,0,0
2019-04-24,2019U17,16037,69.53,0,0
2019-04-25,2019U17,16037,69.53,0,0
2019-04-26,2019U17,16037,69.53,0,0
2019-04-27,2019U17,16037,69.53,0,0
2019-04-28,2019U17,16037,69.53,0,0
2019-04-29,2019U18,16133,62.85,0.005986157012,-0.09607363728
2019-04-30,2019U18,16133,62.85,0,0
2019-05-01,2019U18,16133,62.85,0,0
2019-05-02,2019U18,16133,62.85,0,0
2019-05-03,2019U18,16133,62.85,0,0
2019-05-04,2019U18,16133,62.85,0,0
2019-05-05,2019U18,16133,62.85,0,0
2019-05-06,2019U19,16315,61.94,0.01128122482,-0.01447891806
2019-05-07,2019U19,16315,61.94,0,0
2019-05-08,2019U19,16315,61.94,0,0
2019-05-09,2019U19,16315,61.94,0,0
2019-05-10,2019U19,16315,61.94,0,0
2019-05-11,2019U19,16315,61.94,0,0
2019-05-12,2019U19,16315,61.94,0,0
2019-05-13,2019U20,16127,65.48,-0.01152313822,0.05715208266
2019-05-14,2019U20,16127,65.48,0,0
2019-05-15,2019U20,16127,65.48,0,0
2019-05-16,2019U20,16127,65.48,0,0
2019-05-17,2019U20,16127,65.48,0,0
2019-05-18,2019U20,16127,65.48,0,0
2019-05-19,2019U20,16127,65.48,0,0
2019-05-20,2019U21,18992,61.33,0.1776523842,-0.06337813073
2019-05-21,2019U21,18992,61.33,0,0
2019-05-22,2019U21,18992,61.33,0,0
2019-05-23,2019U21,18992,61.33,0,0
2019-05-24,2019U21,18992,61.33,0,0
2019-05-25,2019U21,18992,61.33,0,0
2019-05-26,2019U21,18992,61.33,0,0
2019-05-27,2019U22,17473,58.52,-0.07998104465,-0.04581770748
2019-05-28,2019U22,17473,58.52,0,0
2019-05-29,2019U22,17473,58.52,0,0
2019-05-30,2019U22,17473,58.52,0,0
2019-05-31,2019U22,17473,58.52,0,0
2019-06-01,2019U22,17473,58.52,0,0
2019-06-02,2019U22,17473,58.52,0,0
2019-06-03,2019U23,15457,61.85,-0.1153780118,0.05690362269
2019-06-04,2019U23,15457,61.85,0,0
2019-06-05,2019U23,15457,61.85,0,0
2019-06-06,2019U23,15457,61.85,0,0
2019-06-07,2019U23,15457,61.85,0,0
2019-06-08,2019U23,15457,61.85,0,0
2019-06-09,2019U23,15457,61.85,0,0
2019-06-10,2019U24,15627,69.9,0.01099825322,0.1301535974
2019-06-11,2019U24,15627,69.9,0,0
2019-06-12,2019U24,15627,69.9,0,0
2019-06-13,2019U24,15627,69.9,0,0
2019-06-14,2019U24,15627,69.9,0,0
2019-06-15,2019U24,15627,69.9,0,0
2019-06-16,2019U24,15627,69.9,0,0
2019-06-17,2019U25,17756,64.09,0.1362385615,-0.08311874106
2019-06-18,2019U25,17756,64.09,0,0
2019-06-19,2019U25,17756,64.09,0,0
2019-06-20,2019U25,17756,64.09,0,0
2019-06-21,2019U25,17756,64.09,0,0
2019-06-22,2019U25,17756,64.09,0,0
2019-06-23,2019U25,17756,64.09,0,0
2019-06-24,2019U26,17510,60.12,-0.01385447173,-0.06194414105
2019-06-25,2019U26,17510,60.12,0,0
2019-06-26,2019U26,17510,60.12,0,0
2019-06-27,2019U26,17510,60.12,0,0
2019-06-28,2019U26,17510,60.12,0,0
2019-06-29,2019U26,17510,60.12,0,0
2019-06-30,2019U26,17510,60.12,0,0
2019-07-01,2019U27,15805,61.06,-0.09737292975,0.01563539587
2019-07-02,2019U27,15805,61.06,0,0
2019-07-03,2019U27,15805,61.06,0,0
2019-07-04,2019U27,15805,61.06,0,0
2019-07-05,2019U27,15805,61.06,0,0
2019-07-06,2019U27,15805,61.06,0,0
2019-07-07,2019U27,15805,61.06,0,0
2019-07-08,2019U28,16630,64.64,0.05219867131,0.0586308549
2019-07-09,2019U28,16630,64.64,0,0
2019-07-10,2019U28,16630,64.64,0,0
2019-07-11,2019U28,16630,64.64,0,0
2019-07-12,2019U28,16630,64.64,0,0
2019-07-13,2019U28,16630,64.64,0,0
2019-07-14,2019U28,16630,64.64,0,0
2019-07-15,2019U29,16754,60.18,0.007456404089,-0.06899752475
2019-07-16,2019U29,16754,60.18,0,0
2019-07-17,2019U29,16754,60.18,0,0
2019-07-18,2019U29,16754,60.18,0,0
2019-07-19,2019U29,16754,60.18,0,0
2019-07-20,2019U29,16754,60.18,0,0
2019-07-21,2019U29,16754,60.18,0,0
2019-07-22,2019U30,18839,56.16,0.124447893,-0.0667996012
2019-07-23,2019U30,18839,56.16,0,0
2019-07-24,2019U30,18839,56.16,0,0
2019-07-25,2019U30,18839,56.16,0,0
2019-07-26,2019U30,18839,56.16,0,0
2019-07-27,2019U30,18839,56.16,0,0
2019-07-28,2019U30,18839,56.16,0,0
2019-07-29,2019U31,19422,54.13,0.03094644089,-0.03614672365
2019-07-30,2019U31,19422,54.13,0,0
2019-07-31,2019U31,19422,54.13,0,0
2019-08-01,2019U31,19422,54.13,0,0
2019-08-02,2019U31,19422,54.13,0,0
2019-08-03,2019U31,19422,54.13,0,0
2019-08-04,2019U31,19422,54.13,0,0
2019-08-05,2019U32,19035,54.45,-0.01992585728,0.00591169407
2019-08-06,2019U32,19035,54.45,0,0
2019-08-07,2019U32,19035,54.45,0,0
2019-08-08,2019U32,19035,54.45,0,0
2019-08-09,2019U32,19035,54.45,0,0
2019-08-10,2019U32,19035,54.45,0,0
2019-08-11,2019U32,19035,54.45,0,0
2019-08-12,2019U33,19510,55.05,0.02495403205,0.01101928375
2019-08-13,2019U33,19510,55.05,0,0
2019-08-14,2019U33,19510,55.05,0,0
2019-08-15,2019U33,19510,55.05,0,0
2019-08-16,2019U33,19510,55.05,0,0
2019-08-17,2019U33,19510,55.05,0,0
2019-08-18,2019U33,19510,55.05,0,0
2019-08-19,2019U34,20732,51.82,0.06263454639,-0.05867393279
2019-08-20,2019U34,20732,51.82,0,0
2019-08-21,2019U34,20732,51.82,0,0
2019-08-22,2019U34,20732,51.82,0,0
2019-08-23,2019U34,20732,51.82,0,0
2019-08-24,2019U34,20732,51.82,0,0
2019-08-25,2019U34,20732,51.82,0,0
2019-08-26,2019U35,19995,55.1,-0.0355489099,0.0632960247
2019-08-27,2019U35,19995,55.1,0,0
2019-08-28,2019U35,19995,55.1,0,0
2019-08-29,2019U35,19995,55.1,0,0
2019-08-30,2019U35,19995,55.1,0,0
2019-08-31,2019U35,19995,55.1,0,0
2019-09-01,2019U35,19995,55.1,0,0
2019-09-02,2019U36,20918,53.07,0.04616154039,-0.03684210526
2019-09-03,2019U36,20918,53.07,0,0
2019-09-04,2019U36,20918,53.07,0,0
2019-09-05,2019U36,20918,53.07,0,0
2019-09-06,2019U36,20918,53.07,0,0
2019-09-07,2019U36,20918,53.07,0,0
2019-09-08,2019U36,20918,53.07,0,0
2019-09-09,2019U37,21666,50.8,0.03575867674,-0.04277369512
2019-09-10,2019U37,21666,50.8,0,0
2019-09-11,2019U37,21666,50.8,0,0
2019-09-12,2019U37,21666,50.8,0,0
2019-09-13,2019U37,21666,50.8,0,0
2019-09-14,2019U37,21666,50.8,0,0
2019-09-15,2019U37,21666,50.8,0,0
2019-09-16,2019U38,22100,48.62,0.02003138558,-0.04291338583
2019-09-17,2019U38,22100,48.62,0,0
2019-09-18,2019U38,22100,48.62,0,0
2019-09-19,2019U38,22100,48.62,0,0
2019-09-20,2019U38,22100,48.62,0,0
2019-09-21,2019U38,22100,48.62,0,0
2019-09-22,2019U38,22100,48.62,0,0
2019-09-23,2019U39,22761,47.73,0.02990950226,-0.01830522419
2019-09-24,2019U39,22761,47.73,0,0
2019-09-25,2019U39,22761,47.73,0,0
2019-09-26,2019U39,22761,47.73,0,0
2019-09-27,2019U39,22761,47.73,0,0
2019-09-28,2019U39,22761,47.73,0,0
2019-09-29,2019U39,22761,47.73,0,0
2019-09-30,2019U40,21618,46.83,-0.05021747726,-0.01885606537
2019-10-01,2019U40,21618,46.83,0,0
2019-10-02,2019U40,21618,46.83,0,0
2019-10-03,2019U40,21618,46.83,0,0
2019-10-04,2019U40,21618,46.83,0,0
2019-10-05,2019U40,21618,46.83,0,0
2019-10-06,2019U40,21618,46.83,0,0
2019-10-07,2019U41,21887,50.7,0.01244333426,0.08263933376
2019-10-08,2019U41,21887,50.7,0,0
2019-10-09,2019U41,21887,50.7,0,0
2019-10-10,2019U41,21887,50.7,0,0
2019-10-11,2019U41,21887,50.7,0,0
2019-10-12,2019U41,21887,50.7,0,0
2019-10-13,2019U41,21887,50.7,0,0
2019-10-14,2019U42,21025,54.66,-0.03938410929,0.07810650888
2019-10-15,2019U42,21025,54.66,0,0
2019-10-16,2019U42,21025,54.66,0,0
2019-10-17,2019U42,21025,54.66,0,0
2019-10-18,2019U42,21025,54.66,0,0
2019-10-19,2019U42,21025,54.66,0,0
2019-10-20,2019U42,21025,54.66,0,0
2019-10-21,2019U43,21587,53.87,0.02673008323,-0.01445298207
2019-10-22,2019U43,21587,53.87,0,0
2019-10-23,2019U43,21587,53.87,0,0
2019-10-24,2019U43,21587,53.87,0,0
2019-10-25,2019U43,21587,53.87,0,0
2019-10-26,2019U43,21587,53.87,0,0
2019-10-27,2019U43,21587,53.87,0,0
2019-10-28,2019U44,21899,52.99,0.0144531431,-0.0163356228
2019-10-29,2019U44,21899,52.99,0,0
2019-10-30,2019U44,21899,52.99,0,0
2019-10-31,2019U44,21899,52.99,0,0
2019-11-01,2019U44,21899,52.99,0,0
2019-11-02,2019U44,21899,52.99,0,0
2019-11-03,2019U44,21899,52.99,0,0
2019-11-04,2019U45,19393,54.48,-0.1144344491,0.02811851293
2019-11-05,2019U45,19393,54.48,0,0
2019-11-06,2019U45,19393,54.48,0,0
2019-11-07,2019U45,19393,54.48,0,0
2019-11-08,2019U45,19393,54.48,0,0
2019-11-09,2019U45,19393,54.48,0,0
2019-11-10,2019U45,19393,54.48,0,0
2019-11-11,2019U46,20563,58.63,0.06033104729,0.07617474302
2019-11-12,2019U46,20563,58.63,0,0
2019-11-13,2019U46,20563,58.63,0,0
2019-11-14,2019U46,20563,58.63,0,0
2019-11-15,2019U46,20563,58.63,0,0
2019-11-16,2019U46,20563,58.63,0,0
2019-11-17,2019U46,20563,58.63,0,0
2019-11-18,2019U47,21543,61.56,0.0476584156,0.04997441583
2019-11-19,2019U47,21543,61.56,0,0
2019-11-20,2019U47,21543,61.56,0,0
2019-11-21,2019U47,21543,61.56,0,0
2019-11-22,2019U47,21543,61.56,0,0
2019-11-23,2019U47,21543,61.56,0,0
2019-11-24,2019U47,21543,61.56,0,0
2019-11-25,2019U48,21783,63.25,0.01114050968,0.02745289149
2019-11-26,2019U48,21783,63.25,0,0
2019-11-27,2019U48,21783,63.25,0,0
2019-11-28,2019U48,21783,63.25,0,0
2019-11-29,2019U48,21783,63.25,0,0
2019-11-30,2019U48,21783,63.25,0,0
2019-12-01,2019U48,21783,63.25,0,0
2019-12-02,2019U49,20399,63.72,-0.06353578479,0.00743083004
2019-12-03,2019U49,20399,63.72,0,0
2019-12-04,2019U49,20399,63.72,0,0
2019-12-05,2019U49,20399,63.72,0,0
2019-12-06,2019U49,20399,63.72,0,0
2019-12-07,2019U49,20399,63.72,0,0
2019-12-08,2019U49,20399,63.72,0,0
2019-12-09,2019U50,22556,68.76,0.1057404775,0.0790960452
2019-12-10,2019U50,22556,68.76,0,0
2019-12-11,2019U50,22556,68.76,0,0
2019-12-12,2019U50,22556,68.76,0,0
2019-12-13,2019U50,22556,68.76,0,0
2019-12-14,2019U50,22556,68.76,0,0
2019-12-15,2019U50,22556,68.76,0,0
2019-12-16,2019U51,20352,75.05,-0.09771236035,0.09147760326
2019-12-17,2019U51,20352,75.05,0,0
2019-12-18,2019U51,20352,75.05,0,0
2019-12-19,2019U51,20352,75.05,0,0
2019-12-20,2019U51,20352,75.05,0,0
2019-12-21,2019U51,20352,75.05,0,0
2019-12-22,2019U51,20352,75.05,0,0
2019-12-23,2019U52,8714,77.04,-0.5718356918,0.02651565623
2019-12-24,2019U52,8714,77.04,0,0
2019-12-25,2019U52,8714,77.04,0,0
2019-12-26,2019U52,8714,77.04,0,0
2019-12-27,2019U52,8714,77.04,0,0
2019-12-28,2019U52,8714,77.04,0,0
2019-12-29,2019U52,8714,77.04,0,0
2019-12-30,2020U01,11249,78.2,0.2909111774,0.01505711319
2019-12-31,2020U01,11249,78.2,0,0
2020-01-01,2020U01,11249,78.2,0,0
2020-01-02,2020U01,11249,78.2,0,0
2020-01-03,2020U01,11249,78.2,0,0
2020-01-04,2020U01,11249,78.2,0,0
2020-01-05,2020U01,11249,78.2,0,0
2020-01-06,2020U02,16141,77.63,0.4348831007,-0.007289002558
2020-01-07,2020U02,16141,77.63,0,0
2020-01-08,2020U02,16141,77.63,0,0
2020-01-09,2020U02,16141,77.63,0,0
2020-01-10,2020U02,16141,77.63,0,0
2020-01-11,2020U02,16141,77.63,0,0
2020-01-12,2020U02,16141,77.63,0,0
2020-01-13,2020U03,17512,76.38,0.08493897528,-0.01610202241
2020-01-14,2020U03,17512,76.38,0,0
2020-01-15,2020U03,17512,76.38,0,0
2020-01-16,2020U03,17512,76.38,0,0
2020-01-17,2020U03,17512,76.38,0,0
2020-01-18,2020U03,17512,76.38,0,0
2020-01-19,2020U03,17512,76.38,0,0
2020-01-20,2020U04,16034,75.53,-0.08439926907,-0.01112856769
2020-01-21,2020U04,16034,75.53,0,0
2020-01-22,2020U04,16034,75.53,0,0
2020-01-23,2020U04,16034,75.53,0,0
2020-01-24,2020U04,16034,75.53,0,0
2020-01-25,2020U04,16034,75.53,0,0
2020-01-26,2020U04,16034,75.53,0,0
2020-01-27,2020U05,16259,70.25,0.01403268055,-0.06990599762
2020-01-28,2020U05,16259,70.25,0,0
2020-01-29,2020U05,16259,70.25,0,0
2020-01-30,2020U05,16259,70.25,0,0
2020-01-31,2020U05,16259,70.25,0,0
2020-02-01,2020U05,16259,70.25,0,0
2020-02-02,2020U05,16259,70.25,0,0
2020-02-03,2020U06,15452,65.56,-0.04963404883,-0.06676156584
2020-02-04,2020U06,15452,65.56,0,0
2020-02-05,2020U06,15452,65.56,0,0
2020-02-06,2020U06,15452,65.56,0,0
2020-02-07,2020U06,15452,65.56,0,0
2020-02-08,2020U06,15452,65.56,0,0
2020-02-09,2020U06,15452,65.56,0,0
2020-02-10,2020U07,17375,64.49,0.1244499094,-0.01632092739
2020-02-11,2020U07,17375,64.49,0,0
2020-02-12,2020U07,17375,64.49,0,0
2020-02-13,2020U07,17375,64.49,0,0
2020-02-14,2020U07,17375,64.49,0,0
2020-02-15,2020U07,17375,64.49,0,0
2020-02-16,2020U07,17375,64.49,0,0
2020-02-17,2020U08,15504,68.42,-0.1076834532,0.06093968057
2020-02-18,2020U08,15504,68.42,0,0
2020-02-19,2020U08,15504,68.42,0,0
2020-02-20,2020U08,15504,68.42,0,0
2020-02-21,2020U08,15504,68.42,0,0
2020-02-22,2020U08,15504,68.42,0,0
2020-02-23,2020U08,15504,68.42,0,0
2020-02-24,2020U09,16153,72.8,0.04186016512,0.06401636948
2020-02-25,2020U09,16153,72.8,0,0
2020-02-26,2020U09,16153,72.8,0,0
2020-02-27,2020U09,16153,72.8,0,0
2020-02-28,2020U09,16153,72.8,0,0
2020-02-29,2020U09,16153,72.8,0,0
2020-03-01,2020U09,16153,72.8,0,0
2020-03-02,2020U10,14891,67.74,-0.07812790194,-0.06950549451
2020-03-03,2020U10,14891,67.74,0,0
2020-03-04,2020U10,14891,67.74,0,0
2020-03-05,2020U10,14891,67.74,0,0
2020-03-06,2020U10,14891,67.74,0,0
2020-03-07,2020U10,14891,67.74,0,0
2020-03-08,2020U10,14891,67.74,0,0
2020-03-09,2020U11,18009,66.17,0.2093882211,-0.02317685267
2020-03-10,2020U11,18009,66.17,0,0
2020-03-11,2020U11,18009,66.17,0,0
2020-03-12,2020U11,18009,66.17,0,0
2020-03-13,2020U11,18009,66.17,0,0
2020-03-14,2020U11,18009,66.17,0,0
2020-03-15,2020U11,18009,66.17,0,0
2020-03-16,2020U12,15332,61.29,-0.1486478983,-0.07374943328
2020-03-17,2020U12,15332,61.29,0,0
2020-03-18,2020U12,15332,61.29,0,0
2020-03-19,2020U12,15332,61.29,0,0
2020-03-20,2020U12,15332,61.29,0,0
2020-03-21,2020U12,15332,61.29,0,0
2020-03-22,2020U12,15332,61.29,0,0
2020-03-23,2020U13,15676,58.95,0.02243673363,-0.03817914831
2020-03-24,2020U13,15676,58.95,0,0
2020-03-25,2020U13,15676,58.95,0,0
2020-03-26,2020U13,15676,58.95,0,0
2020-03-27,2020U13,15676,58.95,0,0
2020-03-28,2020U13,15676,58.95,0,0
2020-03-29,2020U13,15676,58.95,0,0
2020-03-30,2020U14,16955,60.04,0.08158969125,0.01849024597
2020-03-31,2020U14,16955,60.04,0,0
2020-04-01,2020U14,16955,60.04,0,0
2020-04-02,2020U14,16955,60.04,0,0
2020-04-03,2020U14,16955,60.04,0,0
2020-04-04,2020U14,16955,60.04,0,0
2020-04-05,2020U14,16955,60.04,0,0
2020-04-06,2020U15,11992,59.34,-0.292716013,-0.01165889407
2020-04-07,2020U15,11992,59.34,0,0
2020-04-08,2020U15,11992,59.34,0,0
2020-04-09,2020U15,11992,59.34,0,0
2020-04-10,2020U15,11992,59.34,0,0
2020-04-11,2020U15,11992,59.34,0,0
2020-04-12,2020U15,11992,59.34,0,0
2020-04-13,2020U16,15119,56.11,0.2607571714,-0.05443208628
2020-04-14,2020U16,15119,56.11,0,0
2020-04-15,2020U16,15119,56.11,0,0
2020-04-16,2020U16,15119,56.11,0,0
2020-04-17,2020U16,15119,56.11,0,0
2020-04-18,2020U16,15119,56.11,0,0
2020-04-19,2020U16,15119,56.11,0,0
2020-04-20,2020U17,16029,56.46,0.06018916595,0.006237747282
2020-04-21,2020U17,16029,56.46,0,0
2020-04-22,2020U17,16029,56.46,0,0
2020-04-23,2020U17,16029,56.46,0,0
2020-04-24,2020U17,16029,56.46,0,0
2020-04-25,2020U17,16029,56.46,0,0
2020-04-26,2020U17,16029,56.46,0,0
2020-04-27,2020U18,15212,55.85,-0.05097011666,-0.0108041091
2020-04-28,2020U18,15212,55.85,0,0
2020-04-29,2020U18,15212,55.85,0,0
2020-04-30,2020U18,15212,55.85,0,0
2020-05-01,2020U18,15212,55.85,0,0
2020-05-02,2020U18,15212,55.85,0,0
2020-05-03,2020U18,15212,55.85,0,0
2020-05-04,2020U19,15927,54.66,0.04700236655,-0.02130707252
2020-05-05,2020U19,15927,54.66,0,0
2020-05-06,2020U19,15927,54.66,0,0
2020-05-07,2020U19,15927,54.66,0,0
2020-05-08,2020U19,15927,54.66,0,0
2020-05-09,2020U19,15927,54.66,0,0
2020-05-10,2020U19,15927,54.66,0,0
2020-05-11,2020U20,16824,59.17,0.05631945752,0.0825100622
2020-05-12,2020U20,16824,59.17,0,0
2020-05-13,2020U20,16824,59.17,0,0
2020-05-14,2020U20,16824,59.17,0,0
2020-05-15,2020U20,16824,59.17,0,0
2020-05-16,2020U20,16824,59.17,0,0
2020-05-17,2020U20,16824,59.17,0,0
2020-05-18,2020U21,15417,65.46,-0.08363052782,0.1063038702
2020-05-19,2020U21,15417,65.46,0,0
2020-05-20,2020U21,15417,65.46,0,0
2020-05-21,2020U21,15417,65.46,0,0
2020-05-22,2020U21,15417,65.46,0,0
2020-05-23,2020U21,15417,65.46,0,0
2020-05-24,2020U21,15417,65.46,0,0
2020-05-25,2020U22,16342,64.28,0.05999870273,-0.01802627559
2020-05-26,2020U22,16342,64.28,0,0
2020-05-27,2020U22,16342,64.28,0,0
2020-05-28,2020U22,16342,64.28,0,0
2020-05-29,2020U22,16342,64.28,0,0
2020-05-30,2020U22,16342,64.28,0,0
2020-05-31,2020U22,16342,64.28,0,0
2020-06-01,2020U23,13442,69.23,-0.1774568596,0.07700684505
2020-06-02,2020U23,13442,69.23,0,0
2020-06-03,2020U23,13442,69.23,0,0
2020-06-04,2020U23,13442,69.23,0,0
2020-06-05,2020U23,13442,69.23,0,0
2020-06-06,2020U23,13442,69.23,0,0
2020-06-07,2020U23,13442,69.23,0,0
2020-06-08,2020U24,17174,69.94,0.2776372564,0.01025566951
2020-06-09,2020U24,17174,69.94,0,0
2020-06-10,2020U24,17174,69.94,0,0
2020-06-11,2020U24,17174,69.94,0,0
2020-06-12,2020U24,17174,69.94,0,0
2020-06-13,2020U24,17174,69.94,0,0
2020-06-14,2020U24,17174,69.94,0,0
2020-06-15,2020U25,16081,61.92,-0.06364271573,-0.1146697169
2020-06-16,2020U25,16081,61.92,0,0
2020-06-17,2020U25,16081,61.92,0,0
2020-06-18,2020U25,16081,61.92,0,0
2020-06-19,2020U25,16081,61.92,0,0
2020-06-20,2020U25,16081,61.92,0,0
2020-06-21,2020U25,16081,61.92,0,0
2020-06-22,2020U26,15888,59.01,-0.01200174119,-0.04699612403
2020-06-23,2020U26,15888,59.01,0,0
2020-06-24,2020U26,15888,59.01,0,0
2020-06-25,2020U26,15888,59.01,0,0
2020-06-26,2020U26,15888,59.01,0,0
2020-06-27,2020U26,15888,59.01,0,0
2020-06-28,2020U26,15888,59.01,0,0
2020-06-29,2020U27,16147,59.81,0.01630161128,0.01355702423
2020-06-30,2020U27,16147,59.81,0,0
2020-07-01,2020U27,16147,59.81,0,0
2020-07-02,2020U27,16147,59.81,0,0
2020-07-03,2020U27,16147,59.81,0,0
2020-07-04,2020U27,16147,59.81,0,0
2020-07-05,2020U27,16147,59.81,0,0
2020-07-06,2020U28,18090,58.69,0.1203319502,-0.01872596556
2020-07-07,2020U28,18090,58.69,0,0
2020-07-08,2020U28,18090,58.69,0,0
2020-07-09,2020U28,18090,58.69,0,0
2020-07-10,2020U28,18090,58.69,0,0
2020-07-11,2020U28,18090,58.69,0,0
2020-07-12,2020U28,18090,58.69,0,0
2020-07-13,2020U29,17391,52.68,-0.03864013267,-0.1024024536
2020-07-14,2020U29,17391,52.68,0,0
2020-07-15,2020U29,17391,52.68,0,0
2020-07-16,2020U29,17391,52.68,0,0
2020-07-17,2020U29,17391,52.68,0,0
2020-07-18,2020U29,17391,52.68,0,0
2020-07-19,2020U29,17391,52.68,0,0
2020-07-20,2020U30,16482,52.23,-0.0522684147,-0.00854214123
2020-07-21,2020U30,16482,52.23,0,0
2020-07-22,2020U30,16482,52.23,0,0
2020-07-23,2020U30,16482,52.23,0,0
2020-07-24,2020U30,16482,52.23,0,0
2020-07-25,2020U30,16482,52.23,0,0
2020-07-26,2020U30,16482,52.23,0,0
2020-07-27,2020U31,16616,49.72,0.008130081301,-0.04805667241
2020-07-28,2020U31,16616,49.72,0,0
2020-07-29,2020U31,16616,49.72,0,0
2020-07-30,2020U31,16616,49.72,0,0
2020-07-31,2020U31,16616,49.72,0,0
2020-08-01,2020U31,16616,49.72,0,0
2020-08-02,2020U31,16616,49.72,0,0
2020-08-03,2020U32,18471,49.62,0.1116393837,-0.002011263073
2020-08-04,2020U32,18471,49.62,0,0
2020-08-05,2020U32,18471,49.62,0,0
2020-08-06,2020U32,18471,49.62,0,0
2020-08-07,2020U32,18471,49.62,0,0
2020-08-08,2020U32,18471,49.62,0,0
2020-08-09,2020U32,18471,49.62,0,0
2020-08-10,2020U33,17910,51.7,-0.03037193438,0.04191858122
2020-08-11,2020U33,17910,51.7,0,0
2020-08-12,2020U33,17910,51.7,0,0
2020-08-13,2020U33,17910,51.7,0,0
2020-08-14,2020U33,17910,51.7,0,0
2020-08-15,2020U33,17910,51.7,0,0
2020-08-16,2020U33,17910,51.7,0,0
2020-08-17,2020U34,18922,52.61,0.05650474595,0.01760154739
2020-08-18,2020U34,18922,52.61,0,0
2020-08-19,2020U34,18922,52.61,0,0
2020-08-20,2020U34,18922,52.61,0,0
2020-08-21,2020U34,18922,52.61,0,0
2020-08-22,2020U34,18922,52.61,0,0
2020-08-23,2020U34,18922,52.61,0,0
2020-08-24,2020U35,18760,49.25,-0.008561462847,-0.06386618514
2020-08-25,2020U35,18760,49.25,0,0
2020-08-26,2020U35,18760,49.25,0,0
2020-08-27,2020U35,18760,49.25,0,0
2020-08-28,2020U35,18760,49.25,0,0
2020-08-29,2020U35,18760,49.25,0,0
2020-08-30,2020U35,18760,49.25,0,0
2020-08-31,2020U36,21788,48.9,0.1614072495,-0.007106598985
2020-09-01,2020U36,21788,48.9,0,0
2020-09-02,2020U36,21788,48.9,0,0
2020-09-03,2020U36,21788,48.9,0,0
2020-09-04,2020U36,21788,48.9,0,0
2020-09-05,2020U36,21788,48.9,0,0
2020-09-06,2020U36,21788,48.9,0,0
2020-09-07,2020U37,21188,49.46,-0.02753809436,0.01145194274
2020-09-08,2020U37,21188,49.46,0,0
2020-09-09,2020U37,21188,49.46,0,0
2020-09-10,2020U37,21188,49.46,0,0
2020-09-11,2020U37,21188,49.46,0,0
2020-09-12,2020U37,21188,49.46,0,0
2020-09-13,2020U37,21188,49.46,0,0
2020-09-14,2020U38,20791,48.5,-0.01873702096,-0.01940962394
2020-09-15,2020U38,20791,48.5,0,0
2020-09-16,2020U38,20791,48.5,0,0
2020-09-17,2020U38,20791,48.5,0,0
2020-09-18,2020U38,20791,48.5,0,0
2020-09-19,2020U38,20791,48.5,0,0
2020-09-20,2020U38,20791,48.5,0,0
2020-09-21,2020U39,20748,50.77,-0.002068202588,0.04680412371
2020-09-22,2020U39,20748,50.77,0,0
2020-09-23,2020U39,20748,50.77,0,0
2020-09-24,2020U39,20748,50.77,0,0
2020-09-25,2020U39,20748,50.77,0,0
2020-09-26,2020U39,20748,50.77,0,0
2020-09-27,2020U39,20748,50.77,0,0
2020-09-28,2020U40,23535,49.83,0.1343262001,-0.01851487099
2020-09-29,2020U40,23535,49.83,0,0
2020-09-30,2020U40,23535,49.83,0,0
2020-10-01,2020U40,23535,49.83,0,0
2020-10-02,2020U40,23535,49.83,0,0
2020-10-03,2020U40,23535,49.83,0,0
2020-10-04,2020U40,23535,49.83,0,0
2020-10-05,2020U41,22748,48.58,-0.0334395581,-0.02508528999
2020-10-06,2020U41,22748,48.58,0,0
2020-10-07,2020U41,22748,48.58,0,0
2020-10-08,2020U41,22748,48.58,0,0
2020-10-09,2020U41,22748,48.58,0,0
2020-10-10,2020U41,22748,48.58,0,0
2020-10-11,2020U41,22748,48.58,0,0
2020-10-12,2020U42,21602,50,-0.05037805521,0.02923013586
2020-10-13,2020U42,21602,50,0,0
2020-10-14,2020U42,21602,50,0,0
2020-10-15,2020U42,21602,50,0,0
2020-10-16,2020U42,21602,50,0,0
2020-10-17,2020U42,21602,50,0,0
2020-10-18,2020U42,21602,50,0,0
2020-10-19,2020U43,21738,48.04,0.00629571336,-0.0392
2020-10-20,2020U43,21738,48.04,0,0
2020-10-21,2020U43,21738,48.04,0,0
2020-10-22,2020U43,21738,48.04,0,0
2020-10-23,2020U43,21738,48.04,0,0
2020-10-24,2020U43,21738,48.04,0,0
2020-10-25,2020U43,21738,48.04,0,0
2020-10-26,2020U44,21486,47.09,-0.01159260282,-0.01977518734
2020-10-27,2020U44,21486,47.09,0,0
2020-10-28,2020U44,21486,47.09,0,0
2020-10-29,2020U44,21486,47.09,0,0
2020-10-30,2020U44,21486,47.09,0,0
2020-10-31,2020U44,21486,47.09,0,0
2020-11-01,2020U44,21486,47.09,0,0
2020-11-02,2020U45,21382,46.9,-0.004840361165,-0.004034826927
2020-11-03,2020U45,21382,46.9,0,0
2020-11-04,2020U45,21382,46.9,0,0
2020-11-05,2020U45,21382,46.9,0,0
2020-11-06,2020U45,21382,46.9,0,0
2020-11-07,2020U45,21382,46.9,0,0
2020-11-08,2020U45,21382,46.9,0,0
2020-11-09,2020U46,20136,47.98,-0.058273314,0.02302771855
2020-11-10,2020U46,20136,47.98,0,0
2020-11-11,2020U46,20136,47.98,0,0
2020-11-12,2020U46,20136,47.98,0,0
2020-11-13,2020U46,20136,47.98,0,0
2020-11-14,2020U46,20136,47.98,0,0
2020-11-15,2020U46,20136,47.98,0,0
2020-11-16,2020U47,21750,48.58,0.08015494636,0.0125052105
2020-11-17,2020U47,21750,48.58,0,0
2020-11-18,2020U47,21750,48.58,0,0
2020-11-19,2020U47,21750,48.58,0,0
2020-11-20,2020U47,21750,48.58,0,0
2020-11-21,2020U47,21750,48.58,0,0
2020-11-22,2020U47,21750,48.58,0,0
2020-11-23,2020U48,21964,47.67,0.00983908046,-0.01873198847
2020-11-24,2020U48,21964,47.67,0,0
2020-11-25,2020U48,21964,47.67,0,0
2020-11-26,2020U48,21964,47.67,0,0
2020-11-27,2020U48,21964,47.67,0,0
2020-11-28,2020U48,21964,47.67,0,0
2020-11-29,2020U48,21964,47.67,0,0
2020-11-30,2020U49,23507,46.35,0.07025132034,-0.0276903713
2020-12-01,2020U49,23507,46.35,0,0
2020-12-02,2020U49,23507,46.35,0,0
2020-12-03,2020U49,23507,46.35,0,0
2020-12-04,2020U49,23507,46.35,0,0
2020-12-05,2020U49,23507,46.35,0,0
2020-12-06,2020U49,23507,46.35,0,0
2020-12-07,2020U50,24043,46.09,0.02280171864,-0.005609492988
2020-12-08,2020U50,24043,46.09,0,0
2020-12-09,2020U50,24043,46.09,0,0
2020-12-10,2020U50,24043,46.09,0,0
2020-12-11,2020U50,24043,46.09,0,0
2020-12-12,2020U50,24043,46.09,0,0
2020-12-13,2020U50,24043,46.09,0,0
2020-12-14,2020U51,24827,46.24,0.03260824356,0.003254502061
2020-12-15,2020U51,24827,46.24,0,0
2020-12-16,2020U51,24827,46.24,0,0
2020-12-17,2020U51,24827,46.24,0,0
2020-12-18,2020U51,24827,46.24,0,0
2020-12-19,2020U51,24827,46.24,0,0
2020-12-20,2020U51,24827,46.24,0,0
2020-12-21,2020U52,14127,50.22,-0.4309823982,0.08607266436
2020-12-22,2020U52,14127,50.22,0,0
2020-12-23,2020U52,14127,50.22,0,0
2020-12-24,2020U52,14127,50.22,0,0
2020-12-25,2020U52,14127,50.22,0,0
2020-12-26,2020U52,14127,50.22,0,0
2020-12-27,2020U52,14127,50.22,0,0
2020-12-28,2020U53,13597,54.01,-0.03751681178,0.07546794106
2020-12-29,2020U53,13597,54.01,0,0
2020-12-30,2020U53,13597,54.01,0,0
2020-12-31,2020U53,13597,54.01,0,0
2021-01-01,2020U53,13597,54.01,0,0
2021-01-02,2020U53,13597,54.01,0,0
2021-01-03,2020U53,13597,54.01,0,0
2021-01-04,2021U01,18590,50.38,0.3672133559,-0.06720977597
2021-01-05,2021U01,18590,50.38,0,0
2021-01-06,2021U01,18590,50.38,0,0
2021-01-07,2021U01,18590,50.38,0,0
2021-01-08,2021U01,18590,50.38,0,0
2021-01-09,2021U01,18590,50.38,0,0
2021-01-10,2021U01,18590,50.38,0,0
2021-01-11,2021U02,18720,46.55,0.006993006993,-0.07602223104
2021-01-12,2021U02,18720,46.55,0,0
2021-01-13,2021U02,18720,46.55,0,0
2021-01-14,2021U02,18720,46.55,0,0
2021-01-15,2021U02,18720,46.55,0,0
2021-01-16,2021U02,18720,46.55,0,0
2021-01-17,2021U02,18720,46.55,0,0
2021-01-18,2021U03,19141,49.81,0.02248931624,0.07003222342
2021-01-19,2021U03,19141,49.81,0,0
2021-01-20,2021U03,19141,49.81,0,0
2021-01-21,2021U03,19141,49.81,0,0
2021-01-22,2021U03,19141,49.81,0,0
2021-01-23,2021U03,19141,49.81,0,0
2021-01-24,2021U03,19141,49.81,0,0
2021-01-25,2021U04,20045,47.94,0.04722846246,-0.03754266212
2021-01-26,2021U04,20045,47.94,0,0
2021-01-27,2021U04,20045,47.94,0,0
2021-01-28,2021U04,20045,47.94,0,0
2021-01-29,2021U04,20045,47.94,0,0
2021-01-30,2021U04,20045,47.94,0,0
2021-01-31,2021U04,20045,47.94,0,0
2021-02-01,2021U05,19322,47.31,-0.0360688451,-0.01314142678
2021-02-02,2021U05,19322,47.31,0,0
2021-02-03,2021U05,19322,47.31,0,0
2021-02-04,2021U05,19322,47.31,0,0
2021-02-05,2021U05,19322,47.31,0,0
2021-02-06,2021U05,19322,47.31,0,0
2021-02-07,2021U05,19322,47.31,0,0
2021-02-08,2021U06,20115,51.21,0.04104130007,0.08243500317
2021-02-09,2021U06,20115,51.21,0,0
2021-02-10,2021U06,20115,51.21,0,0
2021-02-11,2021U06,20115,51.21,0,0
2021-02-12,2021U06,20115,51.21,0,0
2021-02-13,2021U06,20115,51.21,0,0
2021-02-14,2021U06,20115,51.21,0,0
2021-02-15,2021U07,19128,51.07,-0.04906785981,-0.002733841047
2021-02-16,2021U07,19128,51.07,0,0
2021-02-17,2021U07,19128,51.07,0,0
2021-02-18,2021U07,19128,51.07,0,0
2021-02-19,2021U07,19128,51.07,0,0
2021-02-20,2021U07,19128,51.07,0,0
2021-02-21,2021U07,19128,51.07,0,0
2021-02-22,2021U08,16754,55.51,-0.1241112505,0.08693949481
2021-02-23,2021U08,16754,55.51,0,0
2021-02-24,2021U08,16754,55.51,0,0
2021-02-25,2021U08,16754,55.51,0,0
2021-02-26,2021U08,16754,55.51,0,0
2021-02-27,2021U08,16754,55.51,0,0
2021-02-28,2021U08,16754,55.51,0,0
2021-03-01,2021U09,17969,63.31,0.07251999523,0.1405152225
2021-03-02,2021U09,17969,63.31,0,0
2021-03-03,2021U09,17969,63.31,0,0
2021-03-04,2021U09,17969,63.31,0,0
2021-03-05,2021U09,17969,63.31,0,0
2021-03-06,2021U09,17969,63.31,0,0
2021-03-07,2021U09,17969,63.31,0,0
2021-03-08,2021U10,16959,62.79,-0.05620791363,-0.008213552361
2021-03-09,2021U10,16959,62.79,0,0
2021-03-10,2021U10,16959,62.79,0,0
2021-03-11,2021U10,16959,62.79,0,0
2021-03-12,2021U10,16959,62.79,0,0
2021-03-13,2021U10,16959,62.79,0,0
2021-03-14,2021U10,16959,62.79,0,0
2021-03-15,2021U11,17699,59.97,0.04363464827,-0.04491161013
2021-03-16,2021U11,17699,59.97,0,0
2021-03-17,2021U11,17699,59.97,0,0
2021-03-18,2021U11,17699,59.97,0,0
2021-03-19,2021U11,17699,59.97,0,0
2021-03-20,2021U11,17699,59.97,0,0
2021-03-21,2021U11,17699,59.97,0,0
2021-03-22,2021U12,20495,62.06,0.1579750268,0.03485075871
2021-03-23,2021U12,20495,62.06,0,0
2021-03-24,2021U12,20495,62.06,0,0
2021-03-25,2021U12,20495,62.06,0,0
2021-03-26,2021U12,20495,62.06,0,0
2021-03-27,2021U12,20495,62.06,0,0
2021-03-28,2021U12,20495,62.06,0,0
2021-03-29,2021U13,14286,65.25,-0.3029519395,0.05140186916
2021-03-30,2021U13,14286,65.25,0,0
2021-03-31,2021U13,14286,65.25,0,0
2021-04-01,2021U13,14286,65.25,0,0
2021-04-02,2021U13,14286,65.25,0,0
2021-04-03,2021U13,14286,65.25,0,0
2021-04-04,2021U13,14286,65.25,0,0
2021-04-05,2021U14,15144,65.17,0.06005879882,-0.00122605364
2021-04-06,2021U14,15144,65.17,0,0
2021-04-07,2021U14,15144,65.17,0,0
2021-04-08,2021U14,15144,65.17,0,0
2021-04-09,2021U14,15144,65.17,0,0
2021-04-10,2021U14,15144,65.17,0,0
2021-04-11,2021U14,15144,65.17,0,0
2021-04-12,2021U15,17979,60.99,0.1872028526,-0.06413994169
2021-04-13,2021U15,17979,60.99,0,0
2021-04-14,2021U15,17979,60.99,0,0
2021-04-15,2021U15,17979,60.99,0,0
2021-04-16,2021U15,17979,60.99,0,0
2021-04-17,2021U15,17979,60.99,0,0
2021-04-18,2021U15,17979,60.99,0,0
2021-04-19,2021U16,16234,61.13,-0.0970576784,0.002295458272
2021-04-20,2021U16,16234,61.13,0,0
2021-04-21,2021U16,16234,61.13,0,0
2021-04-22,2021U16,16234,61.13,0,0
2021-04-23,2021U16,16234,61.13,0,0
2021-04-24,2021U16,16234,61.13,0,0
2021-04-25,2021U16,16234,61.13,0,0
2021-04-26,2021U17,14629,65.74,-0.09886657632,0.07541305415
2021-04-27,2021U17,14629,65.74,0,0
2021-04-28,2021U17,14629,65.74,0,0
2021-04-29,2021U17,14629,65.74,0,0
2021-04-30,2021U17,14629,65.74,0,0
2021-05-01,2021U17,14629,65.74,0,0
2021-05-02,2021U17,14629,65.74,0,0
2021-05-03,2021U18,14137,65.06,-0.03363182719,-0.01034377852
2021-05-04,2021U18,14137,65.06,0,0
2021-05-05,2021U18,14137,65.06,0,0
2021-05-06,2021U18,14137,65.06,0,0
2021-05-07,2021U18,14137,65.06,0,0
2021-05-08,2021U18,14137,65.06,0,0
2021-05-09,2021U18,14137,65.06,0,0
2021-05-10,2021U19,14863,71.08,0.0513546014,0.09252997233
2021-05-11,2021U19,14863,71.08,0,0
2021-05-12,2021U19,14863,71.08,0,0
2021-05-13,2021U19,14863,71.08,0,0
2021-05-14,2021U19,14863,71.08,0,0
2021-05-15,2021U19,14863,71.08,0,0
2021-05-16,2021U19,14863,71.08,0,0
2021-05-17,2021U20,14746,68.48,-0.007871896656,-0.0365785031
2021-05-18,2021U20,14746,68.48,0,0
2021-05-19,2021U20,14746,68.48,0,0
2021-05-20,2021U20,14746,68.48,0,0
2021-05-21,2021U20,14746,68.48,0,0
2021-05-22,2021U20,14746,68.48,0,0
2021-05-23,2021U20,14746,68.48,0,0
2021-05-24,2021U21,15977,63.53,0.08348026583,-0.0722838785
2021-05-25,2021U21,15977,63.53,0,0
2021-05-26,2021U21,15977,63.53,0,0
2021-05-27,2021U21,15977,63.53,0,0
2021-05-28,2021U21,15977,63.53,0,0
2021-05-29,2021U21,15977,63.53,0,0
2021-05-30,2021U21,15977,63.53,0,0
2021-05-31,2021U22,17993,59.59,0.1261813857,-0.06201794428
2021-06-01,2021U22,17993,59.59,0,0
2021-06-02,2021U22,17993,59.59,0,0
2021-06-03,2021U22,17993,59.59,0,0
2021-06-04,2021U22,17993,59.59,0,0
2021-06-05,2021U22,17993,59.59,0,0
2021-06-06,2021U22,17993,59.59,0,0
2021-06-07,2021U23,17277,57.64,-0.03979325293,-0.03272361134
2021-06-08,2021U23,17277,57.64,0,0
2021-06-09,2021U23,17277,57.64,0,0
2021-06-10,2021U23,17277,57.64,0,0
2021-06-11,2021U23,17277,57.64,0,0
2021-06-12,2021U23,17277,57.64,0,0
2021-06-13,2021U23,17277,57.64,0,0
2021-06-14,2021U24,17738,61.45,0.02668287318,0.0660999306
2021-06-15,2021U24,17738,61.45,0,0
2021-06-16,2021U24,17738,61.45,0,0
2021-06-17,2021U24,17738,61.45,0,0
2021-06-18,2021U24,17738,61.45,0,0
2021-06-19,2021U24,17738,61.45,0,0
2021-06-20,2021U24,17738,61.45,0,0
2021-06-21,2021U25,19385,60.12,0.09285150524,-0.02164361269
2021-06-22,2021U25,19385,60.12,0,0
2021-06-23,2021U25,19385,60.12,0,0
2021-06-24,2021U25,19385,60.12,0,0
2021-06-25,2021U25,19385,60.12,0,0
2021-06-26,2021U25,19385,60.12,0,0
2021-06-27,2021U25,19385,60.12,0,0
2021-06-28,2021U26,18688,59.17,-0.0359556358,-0.01580172987
2021-06-29,2021U26,18688,59.17,0,0
2021-06-30,2021U26,18688,59.17,0,0
2021-07-01,2021U26,18688,59.17,0,0
2021-07-02,2021U26,18688,59.17,0,0
2021-07-03,2021U26,18688,59.17,0,0
2021-07-04,2021U26,18688,59.17,0,0
2021-07-05,2021U27,18410,59.85,-0.01487585616,0.01149231029
2021-07-06,2021U27,18410,59.85,0,0
2021-07-07,2021U27,18410,59.85,0,0
2021-07-08,2021U27,18410,59.85,0,0
2021-07-09,2021U27,18410,59.85,0,0
2021-07-10,2021U27,18410,59.85,0,0
2021-07-11,2021U27,18410,59.85,0,0
2021-07-12,2021U28,17066,64.69,-0.07300380228,0.08086883876
2021-07-13,2021U28,17066,64.69,0,0
2021-07-14,2021U28,17066,64.69,0,0
2021-07-15,2021U28,17066,64.69,0,0
2021-07-16,2021U28,17066,64.69,0,0
2021-07-17,2021U28,17066,64.69,0,0
2021-07-18,2021U28,17066,64.69,0,0
2021-07-19,2021U29,19289,66.05,0.1302589945,0.02102334209
2021-07-20,2021U29,19289,66.05,0,0
2021-07-21,2021U29,19289,66.05,0,0
2021-07-22,2021U29,19289,66.05,0,0
2021-07-23,2021U29,19289,66.05,0,0
2021-07-24,2021U29,19289,66.05,0,0
2021-07-25,2021U29,19289,66.05,0,0
2021-07-26,2021U30,19460,62.03,0.008865156307,-0.06086298259
2021-07-27,2021U30,19460,62.03,0,0
2021-07-28,2021U30,19460,62.03,0,0
2021-07-29,2021U30,19460,62.03,0,0
2021-07-30,2021U30,19460,62.03,0,0
2021-07-31,2021U30,19460,62.03,0,0
2021-08-01,2021U30,19460,62.03,0,0
2021-08-02,2021U31,20239,58.52,0.04003083248,-0.05658552313
2021-08-03,2021U31,20239,58.52,0,0
2021-08-04,2021U31,20239,58.52,0,0
2021-08-05,2021U31,20239,58.52,0,0
2021-08-06,2021U31,20239,58.52,0,0
2021-08-07,2021U31,20239,58.52,0,0
2021-08-08,2021U31,20239,58.52,0,0
2021-08-09,2021U32,21558,59.08,0.06517120411,0.00956937799
2021-08-10,2021U32,21558,59.08,0,0
2021-08-11,2021U32,21558,59.08,0,0
2021-08-12,2021U32,21558,59.08,0,0
2021-08-13,2021U32,21558,59.08,0,0
2021-08-14,2021U32,21558,59.08,0,0
2021-08-15,2021U32,21558,59.08,0,0
2021-08-16,2021U33,22000,56.91,0.02050282958,-0.03672985782
2021-08-17,2021U33,22000,56.91,0,0
2021-08-18,2021U33,22000,56.91,0,0
2021-08-19,2021U33,22000,56.91,0,0
2021-08-20,2021U33,22000,56.91,0,0
2021-08-21,2021U33,22000,56.91,0,0
2021-08-22,2021U33,22000,56.91,0,0
2021-08-23,2021U34,23881,54.08,0.0855,-0.04972764013
2021-08-24,2021U34,23881,54.08,0,0
2021-08-25,2021U34,23881,54.08,0,0
2021-08-26,2021U34,23881,54.08,0,0
2021-08-27,2021U34,23881,54.08,0,0
2021-08-28,2021U34,23881,54.08,0,0
2021-08-29,2021U34,23881,54.08,0,0
2021-08-30,2021U35,24787,54.41,0.03793810979,0.006102071006
2021-08-31,2021U35,24787,54.41,0,0
2021-09-01,2021U35,24787,54.41,0,0
2021-09-02,2021U35,24787,54.41,0,0
2021-09-03,2021U35,24787,54.41,0,0
2021-09-04,2021U35,24787,54.41,0,0
2021-09-05,2021U35,24787,54.41,0,0
2021-09-06,2021U36,26422,52.3,0.06596199621,-0.0387796361
2021-09-07,2021U36,26422,52.3,0,0
2021-09-08,2021U36,26422,52.3,0,0
2021-09-09,2021U36,26422,52.3,0,0
2021-09-10,2021U36,26422,52.3,0,0
2021-09-11,2021U36,26422,52.3,0,0
2021-09-12,2021U36,26422,52.3,0,0
2021-09-13,2021U37,25827,53.43,-0.02251911286,0.02160611855
2021-09-14,2021U37,25827,53.43,0,0
2021-09-15,2021U37,25827,53.43,0,0
2021-09-16,2021U37,25827,53.43,0,0
2021-09-17,2021U37,25827,53.43,0,0
2021-09-18,2021U37,25827,53.43,0,0
2021-09-19,2021U37,25827,53.43,0,0
2021-09-20,2021U38,26728,52.88,0.03488597204,-0.01029384241
2021-09-21,2021U38,26728,52.88,0,0
2021-09-22,2021U38,26728,52.88,0,0
2021-09-23,2021U38,26728,52.88,0,0
2021-09-24,2021U38,26728,52.88,0,0
2021-09-25,2021U38,26728,52.88,0,0
2021-09-26,2021U38,26728,52.88,0,0
2021-09-27,2021U39,26410,53.54,-0.01189763544,0.01248108926
2021-09-28,2021U39,26410,53.54,0,0
2021-09-29,2021U39,26410,53.54,0,0
2021-09-30,2021U39,26410,53.54,0,0
2021-10-01,2021U39,26410,53.54,0,0
2021-10-02,2021U39,26410,53.54,0,0
2021-10-03,2021U39,26410,53.54,0,0
2021-10-04,2021U40,25798,55.33,-0.02317304051,0.03343294733
2021-10-05,2021U40,25798,55.33,0,0
2021-10-06,2021U40,25798,55.33,0,0
2021-10-07,2021U40,25798,55.33,0,0
2021-10-08,2021U40,25798,55.33,0,0
2021-10-09,2021U40,25798,55.33,0,0
2021-10-10,2021U40,25798,55.33,0,0
2021-10-11,2021U41,24509,58.39,-0.04996511357,0.05530453642
2021-10-12,2021U41,24509,58.39,0,0
2021-10-13,2021U41,24509,58.39,0,0
2021-10-14,2021U41,24509,58.39,0,0
2021-10-15,2021U41,24509,58.39,0,0
2021-10-16,2021U41,24509,58.39,0,0
2021-10-17,2021U41,24509,58.39,0,0
2021-10-18,2021U42,22881,59.63,-0.06642457873,0.0212365131
2021-10-19,2021U42,22881,59.63,0,0
2021-10-20,2021U42,22881,59.63,0,0
2021-10-21,2021U42,22881,59.63,0,0
2021-10-22,2021U42,22881,59.63,0,0
2021-10-23,2021U42,22881,59.63,0,0
2021-10-24,2021U42,22881,59.63,0,0
2021-10-25,2021U43,24174,57.98,0.05650976793,-0.02767063559
2021-10-26,2021U43,24174,57.98,0,0
2021-10-27,2021U43,24174,57.98,0,0
2021-10-28,2021U43,24174,57.98,0,0
2021-10-29,2021U43,24174,57.98,0,0
2021-10-30,2021U43,24174,57.98,0,0
2021-10-31,2021U43,24174,57.98,0,0
2021-11-01,2021U44,25120,56.09,0.03913295276,-0.0325974474
2021-11-02,2021U44,25120,56.09,0,0
2021-11-03,2021U44,25120,56.09,0,0
2021-11-04,2021U44,25120,56.09,0,0
2021-11-05,2021U44,25120,56.09,0,0
2021-11-06,2021U44,25120,56.09,0,0
2021-11-07,2021U44,25120,56.09,0,0
2021-11-08,2021U45,24527,54.86,-0.0236066879,-0.02192904261
2021-11-09,2021U45,24527,54.86,0,0
2021-11-10,2021U45,24527,54.86,0,0
2021-11-11,2021U45,24527,54.86,0,0
2021-11-12,2021U45,24527,54.86,0,0
2021-11-13,2021U45,24527,54.86,0,0
2021-11-14,2021U45,24527,54.86,0,0
2021-11-15,2021U46,24388,58.13,-0.005667223876,0.05960627051
2021-11-16,2021U46,24388,58.13,0,0
2021-11-17,2021U46,24388,58.13,0,0
2021-11-18,2021U46,24388,58.13,0,0
2021-11-19,2021U46,24388,58.13,0,0
2021-11-20,2021U46,24388,58.13,0,0
2021-11-21,2021U46,24388,58.13,0,0
2021-11-22,2021U47,24322,61.84,-0.002706248975,0.06382246688
2021-11-23,2021U47,24322,61.84,0,0
2021-11-24,2021U47,24322,61.84,0,0
2021-11-25,2021U47,24322,61.84,0,0
2021-11-26,2021U47,24322,61.84,0,0
2021-11-27,2021U47,24322,61.84,0,0
2021-11-28,2021U47,24322,61.84,0,0
2021-11-29,2021U48,23677,61.11,-0.02651920072,-0.01180465718
2021-11-30,2021U48,23677,61.11,0,0
2021-12-01,2021U48,23677,61.11,0,0
2021-12-02,2021U48,23677,61.11,0,0
2021-12-03,2021U48,23677,61.11,0,0
2021-12-04,2021U48,23677,61.11,0,0
2021-12-05,2021U48,23677,61.11,0,0
2021-12-06,2021U49,23597,65.06,-0.003378806437,0.06463753886
2021-12-07,2021U49,23597,65.06,0,0
2021-12-08,2021U49,23597,65.06,0,0
2021-12-09,2021U49,23597,65.06,0,0
2021-12-10,2021U49,23597,65.06,0,0
2021-12-11,2021U49,23597,65.06,0,0
2021-12-12,2021U49,23597,65.06,0,0
2021-12-13,2021U50,25735,71.77,0.09060473789,0.1031355672
2021-12-14,2021U50,25735,71.77,0,0
2021-12-15,2021U50,25735,71.77,0,0
2021-12-16,2021U50,25735,71.77,0,0
2021-12-17,2021U50,25735,71.77,0,0
2021-12-18,2021U50,25735,71.77,0,0
2021-12-19,2021U50,25735,71.77,0,0
2021-12-20,2021U51,18099,71.32,-0.2967165339,-0.00627002926
2021-12-21,2021U51,18099,71.32,0,0
2021-12-22,2021U51,18099,71.32,0,0
2021-12-23,2021U51,18099,71.32,0,0
2021-12-24,2021U51,18099,71.32,0,0
2021-12-25,2021U51,18099,71.32,0,0
2021-12-26,2021U51,18099,71.32,0,0
2021-12-27,2021U52,14360,68.38,-0.2065859992,-0.04122265844
2021-12-28,2021U52,14360,68.38,0,0
2021-12-29,2021U52,14360,68.38,0,0
2021-12-30,2021U52,14360,68.38,0,0
2021-12-31,2021U52,14360,68.38,0,0
2022-01-01,2021U52,14360,68.38,0,0
2022-01-02,2021U52,14360,68.38,0,0
2022-01-03,2022U01,18114,67.32,0.2614206128,-0.01550160866
2022-01-04,2022U01,18114,67.32,0,0
2022-01-05,2022U01,18114,67.32,0,0
2022-01-06,2022U01,18114,67.32,0,0
2022-01-07,2022U01,18114,67.32,0,0
2022-01-08,2022U01,18114,67.32,0,0
2022-01-09,2022U01,18114,67.32,0,0
2022-01-10,2022U02,17600,72.05,-0.02837584189,0.07026143791
2022-01-11,2022U02,17600,72.05,0,0
2022-01-12,2022U02,17600,72.05,0,0
2022-01-13,2022U02,17600,72.05,0,0
2022-01-14,2022U02,17600,72.05,0,0
2022-01-15,2022U02,17600,72.05,0,0
2022-01-16,2022U02,17600,72.05,0,0
2022-01-17,2022U03,17699,72.97,0.005625,0.01276891048
2022-01-18,2022U03,17699,72.97,0,0
2022-01-19,2022U03,17699,72.97,0,0
2022-01-20,2022U03,17699,72.97,0,0
2022-01-21,2022U03,17699,72.97,0,0
2022-01-22,2022U03,17699,72.97,0,0
2022-01-23,2022U03,17699,72.97,0,0
2022-01-24,2022U04,18163,70.56,0.02621617041,-0.03302727148
2022-01-25,2022U04,18163,70.56,0,0
2022-01-26,2022U04,18163,70.56,0,0
2022-01-27,2022U04,18163,70.56,0,0
2022-01-28,2022U04,18163,70.56,0,0
2022-01-29,2022U04,18163,70.56,0,0
2022-01-30,2022U04,18163,70.56,0,0
2022-01-31,2022U05,17327,74.42,-0.04602763861,0.05470521542
2022-02-01,2022U05,17327,74.42,0,0
2022-02-02,2022U05,17327,74.42,0,0
2022-02-03,2022U05,17327,74.42,0,0
2022-02-04,2022U05,17327,74.42,0,0
2022-02-05,2022U05,17327,74.42,0,0
2022-02-06,2022U05,17327,74.42,0,0
2022-02-07,2022U06,17680,77.55,0.02037282853,0.0420585864
2022-02-08,2022U06,17680,77.55,0,0
2022-02-09,2022U06,17680,77.55,0,0
2022-02-10,2022U06,17680,77.55,0,0
2022-02-11,2022U06,17680,77.55,0,0
2022-02-12,2022U06,17680,77.55,0,0
2022-02-13,2022U06,17680,77.55,0,0
2022-02-14,2022U07,17933,87.6,0.01430995475,0.1295938104
2022-02-15,2022U07,17933,87.6,0,0
2022-02-16,2022U07,17933,87.6,0,0
2022-02-17,2022U07,17933,87.6,0,0
2022-02-18,2022U07,17933,87.6,0,0
2022-02-19,2022U07,17933,87.6,0,0
2022-02-20,2022U07,17933,87.6,0,0
2022-02-21,2022U08,17513,87.92,-0.02342050967,0.003652968037
2022-02-22,2022U08,17513,87.92,0,0
2022-02-23,2022U08,17513,87.92,0,0
2022-02-24,2022U08,17513,87.92,0,0
2022-02-25,2022U08,17513,87.92,0,0
2022-02-26,2022U08,17513,87.92,0,0
2022-02-27,2022U08,17513,87.92,0,0
2022-02-28,2022U09,16643,83.75,-0.04967738252,-0.04742948135
2022-03-01,2022U09,16643,83.75,0,0
2022-03-02,2022U09,16643,83.75,0,0
2022-03-03,2022U09,16643,83.75,0,0
2022-03-04,2022U09,16643,83.75,0,0
2022-03-05,2022U09,16643,83.75,0,0
2022-03-06,2022U09,16643,83.75,0,0
2022-03-07,2022U10,16738,83.23,0.00570810551,-0.006208955224
2022-03-08,2022U10,16738,83.23,0,0
2022-03-09,2022U10,16738,83.23,0,0
2022-03-10,2022U10,16738,83.23,0,0
2022-03-11,2022U10,16738,83.23,0,0
2022-03-12,2022U10,16738,83.23,0,0
2022-03-13,2022U10,16738,83.23,0,0
2022-03-14,2022U11,17326,78.28,0.03512964512,-0.05947374745
2022-03-15,2022U11,17326,78.28,0,0
2022-03-16,2022U11,17326,78.28,0,0
2022-03-17,2022U11,17326,78.28,0,0
2022-03-18,2022U11,17326,78.28,0,0
2022-03-19,2022U11,17326,78.28,0,0
2022-03-20,2022U11,17326,78.28,0,0
2022-03-21,2022U12,17129,83.53,-0.01137019508,0.06706693919
2022-03-22,2022U12,17129,83.53,0,0
2022-03-23,2022U12,17129,83.53,0,0
2022-03-24,2022U12,17129,83.53,0,0
2022-03-25,2022U12,17129,83.53,0,0
2022-03-26,2022U12,17129,83.53,0,0
2022-03-27,2022U12,17129,83.53,0,0
2022-03-28,2022U13,16023,84.16,-0.06456885983,0.007542200407
2022-03-29,2022U13,16023,84.16,0,0
2022-03-30,2022U13,16023,84.16,0,0
2022-03-31,2022U13,16023,84.16,0,0
2022-04-01,2022U13,16023,84.16,0,0
2022-04-02,2022U13,16023,84.16,0,0
2022-04-03,2022U13,16023,84.16,0,0
2022-04-04,2022U14,17628,93.21,0.1001685078,0.10753327
2022-04-05,2022U14,17628,93.21,0,0
2022-04-06,2022U14,17628,93.21,0,0
2022-04-07,2022U14,17628,93.21,0,0
2022-04-08,2022U14,17628,93.21,0,0
2022-04-09,2022U14,17628,93.21,0,0
2022-04-10,2022U14,17628,93.21,0,0
2022-04-11,2022U15,12041,94.63,-0.3169389607,0.01523441691
2022-04-12,2022U15,12041,94.63,0,0
2022-04-13,2022U15,12041,94.63,0,0
2022-04-14,2022U15,12041,94.63,0,0
2022-04-15,2022U15,12041,94.63,0,0
2022-04-16,2022U15,12041,94.63,0,0
2022-04-17,2022U15,12041,94.63,0,0
2022-04-18,2022U16,13181,98.93,0.09467652188,0.04544013526
2022-04-19,2022U16,13181,98.93,0,0
2022-04-20,2022U16,13181,98.93,0,0
2022-04-21,2022U16,13181,98.93,0,0
2022-04-22,2022U16,13181,98.93,0,0
2022-04-23,2022U16,13181,98.93,0,0
2022-04-24,2022U16,13181,98.93,0,0
2022-04-25,2022U17,14245,107.75,0.08072225173,0.08915394724
2022-04-26,2022U17,14245,107.75,0,0
2022-04-27,2022U17,14245,107.75,0,0
2022-04-28,2022U17,14245,107.75,0,0
2022-04-29,2022U17,14245,107.75,0,0
2022-04-30,2022U17,14245,107.75,0,0
2022-05-01,2022U17,14245,107.75,0,0
2022-05-02,2022U18,13902,108.21,-0.02407862408,0.004269141531
2022-05-03,2022U18,13902,108.21,0,0
2022-05-04,2022U18,13902,108.21,0,0
2022-05-05,2022U18,13902,108.21,0,0
2022-05-06,2022U18,13902,108.21,0,0
2022-05-07,2022U18,13902,108.21,0,0
2022-05-08,2022U18,13902,108.21,0,0
2022-05-09,2022U19,16113,97.65,0.1590418645,-0.09758802329
2022-05-10,2022U19,16113,97.65,0,0
2022-05-11,2022U19,16113,97.65,0,0
2022-05-12,2022U19,16113,97.65,0,0
2022-05-13,2022U19,16113,97.65,0,0
2022-05-14,2022U19,16113,97.65,0,0
2022-05-15,2022U19,16113,97.65,0,0
2022-05-16,2022U20,13367,92.71,-0.1704213989,-0.05058883769
2022-05-17,2022U20,13367,92.71,0,0
2022-05-18,2022U20,13367,92.71,0,0
2022-05-19,2022U20,13367,92.71,0,0
2022-05-20,2022U20,13367,92.71,0,0
2022-05-21,2022U20,13367,92.71,0,0
2022-05-22,2022U20,13367,92.71,0,0
2022-05-23,2022U21,14301,95.13,0.06987356924,0.02610290152
2022-05-24,2022U21,14301,95.13,0,0
2022-05-25,2022U21,14301,95.13,0,0
2022-05-26,2022U21,14301,95.13,0,0
2022-05-27,2022U21,14301,95.13,0,0
2022-05-28,2022U21,14301,95.13,0,0
2022-05-29,2022U21,14301,95.13,0,0
2022-05-30,2022U22,16537,95.88,0.1563527026,0.007883948281
2022-05-31,2022U22,16537,95.88,0,0
2022-06-01,2022U22,16537,95.88,0,0
2022-06-02,2022U22,16537,95.88,0,0
2022-06-03,2022U22,16537,95.88,0,0
2022-06-04,2022U22,16537,95.88,0,0
2022-06-05,2022U22,16537,95.88,0,0
2022-06-06,2022U23,13618,96.66,-0.1765132733,0.008135168961
2022-06-07,2022U23,13618,96.66,0,0
2022-06-08,2022U23,13618,96.66,0,0
2022-06-09,2022U23,13618,96.66,0,0
2022-06-10,2022U23,13618,96.66,0,0
2022-06-11,2022U23,13618,96.66,0,0
2022-06-12,2022U23,13618,96.66,0,0
2022-06-13,2022U24,15317,98.43,0.1247613453,0.0183116077
2022-06-14,2022U24,15317,98.43,0,0
2022-06-15,2022U24,15317,98.43,0,0
2022-06-16,2022U24,15317,98.43,0,0
2022-06-17,2022U24,15317,98.43,0,0
2022-06-18,2022U24,15317,98.43,0,0
2022-06-19,2022U24,15317,98.43,0,0
2022-06-20,2022U25,16619,97.43,0.08500359078,-0.01015950422
2022-06-21,2022U25,16619,97.43,0,0
2022-06-22,2022U25,16619,97.43,0,0
2022-06-23,2022U25,16619,97.43,0,0
2022-06-24,2022U25,16619,97.43,0,0
2022-06-25,2022U25,16619,97.43,0,0
2022-06-26,2022U25,16619,97.43,0,0
2022-06-27,2022U26,16407,93.13,-0.01275648354,-0.04413425023
2022-06-28,2022U26,16407,93.13,0,0
2022-06-29,2022U26,16407,93.13,0,0
2022-06-30,2022U26,16407,93.13,0,0
2022-07-01,2022U26,16407,93.13,0,0
2022-07-02,2022U26,16407,93.13,0,0
2022-07-03,2022U26,16407,93.13,0,0
2022-07-04,2022U27,16656,90.29,0.01517644908,-0.03049500698
2022-07-05,2022U27,16656,90.29,0,0
2022-07-06,2022U27,16656,90.29,0,0
2022-07-07,2022U27,16656,90.29,0,0
2022-07-08,2022U27,16656,90.29,0,0
2022-07-09,2022U27,16656,90.29,0,0
2022-07-10,2022U27,16656,90.29,0,0
2022-07-11,2022U28,17935,88.52,0.07678914505,-0.01960349983
2022-07-12,2022U28,17935,88.52,0,0
2022-07-13,2022U28,17935,88.52,0,0
2022-07-14,2022U28,17935,88.52,0,0
2022-07-15,2022U28,17935,88.52,0,0
2022-07-16,2022U28,17935,88.52,0,0
2022-07-17,2022U28,17935,88.52,0,0
2022-07-18,2022U29,18927,80.74,0.05531084472,-0.08788974243
2022-07-19,2022U29,18927,80.74,0,0
2022-07-20,2022U29,18927,80.74,0,0
2022-07-21,2022U29,18927,80.74,0,0
2022-07-22,2022U29,18927,80.74,0,0
2022-07-23,2022U29,18927,80.74,0,0
2022-07-24,2022U29,18927,80.74,0,0
2022-07-25,2022U30,18358,74.23,-0.03006287314,-0.08062918008
2022-07-26,2022U30,18358,74.23,0,0
2022-07-27,2022U30,18358,74.23,0,0
2022-07-28,2022U30,18358,74.23,0,0
2022-07-29,2022U30,18358,74.23,0,0
2022-07-30,2022U30,18358,74.23,0,0
2022-07-31,2022U30,18358,74.23,0,0
2022-08-01,2022U31,18577,75.23,0.01192940407,0.01347164219
2022-08-02,2022U31,18577,75.23,0,0
2022-08-03,2022U31,18577,75.23,0,0
2022-08-04,2022U31,18577,75.23,0,0
2022-08-05,2022U31,18577,75.23,0,0
2022-08-06,2022U31,18577,75.23,0,0
2022-08-07,2022U31,18577,75.23,0,0
2022-08-08,2022U32,20183,73.83,0.08645098778,-0.01860959724
2022-08-09,2022U32,20183,73.83,0,0
2022-08-10,2022U32,20183,73.83,0,0
2022-08-11,2022U32,20183,73.83,0,0
2022-08-12,2022U32,20183,73.83,0,0
2022-08-13,2022U32,20183,73.83,0,0
2022-08-14,2022U32,20183,73.83,0,0
2022-08-15,2022U33,22368,69.86,0.1082594262,-0.05377217933
2022-08-16,2022U33,22368,69.86,0,0
2022-08-17,2022U33,22368,69.86,0,0
2022-08-18,2022U33,22368,69.86,0,0
2022-08-19,2022U33,22368,69.86,0,0
2022-08-20,2022U33,22368,69.86,0,0
2022-08-21,2022U33,22368,69.86,0,0
2022-08-22,2022U34,24160,64.62,0.08011444921,-0.07500715717
2022-08-23,2022U34,24160,64.62,0,0
2022-08-24,2022U34,24160,64.62,0,0
2022-08-25,2022U34,24160,64.62,0,0
2022-08-26,2022U34,24160,64.62,0,0
2022-08-27,2022U34,24160,64.62,0,0
2022-08-28,2022U34,24160,64.62,0,0
2022-08-29,2022U35,24010,61.94,-0.006208609272,-0.0414732281
2022-08-30,2022U35,24010,61.94,0,0
2022-08-31,2022U35,24010,61.94,0,0
2022-09-01,2022U35,24010,61.94,0,0
2022-09-02,2022U35,24010,61.94,0,0
2022-09-03,2022U35,24010,61.94,0,0
2022-09-04,2022U35,24010,61.94,0,0
2022-09-05,2022U36,25032,61.8,0.04256559767,-0.002260251857
2022-09-06,2022U36,25032,61.8,0,0
2022-09-07,2022U36,25032,61.8,0,0
2022-09-08,2022U36,25032,61.8,0,0
2022-09-09,2022U36,25032,61.8,0,0
2022-09-10,2022U36,25032,61.8,0,0
2022-09-11,2022U36,25032,61.8,0,0
2022-09-12,2022U37,25816,64.49,0.03131991051,0.04352750809
2022-09-13,2022U37,25816,64.49,0,0
2022-09-14,2022U37,25816,64.49,0,0
2022-09-15,2022U37,25816,64.49,0,0
2022-09-16,2022U37,25816,64.49,0,0
2022-09-17,2022U37,25816,64.49,0,0
2022-09-18,2022U37,25816,64.49,0,0
2022-09-19,2022U38,27882,64.55,0.08002788968,0.0009303768026
2022-09-20,2022U38,27882,64.55,0,0
2022-09-21,2022U38,27882,64.55,0,0
2022-09-22,2022U38,27882,64.55,0,0
2022-09-23,2022U38,27882,64.55,0,0
2022-09-24,2022U38,27882,64.55,0,0
2022-09-25,2022U38,27882,64.55,0,0
2022-09-26,2022U39,26236,65.67,-0.05903450255,0.01735089078
2022-09-27,2022U39,26236,65.67,0,0
2022-09-28,2022U39,26236,65.67,0,0
2022-09-29,2022U39,26236,65.67,0,0
2022-09-30,2022U39,26236,65.67,0,0
2022-10-01,2022U39,26236,65.67,0,0
2022-10-02,2022U39,26236,65.67,0,0
2022-10-03,2022U40,24934,69.38,-0.04962646745,0.05649459418
2022-10-04,2022U40,24934,69.38,0,0
2022-10-05,2022U40,24934,69.38,0,0
2022-10-06,2022U40,24934,69.38,0,0
2022-10-07,2022U40,24934,69.38,0,0
2022-10-08,2022U40,24934,69.38,0,0
2022-10-09,2022U40,24934,69.38,0,0
2022-10-10,2022U41,25531,72.88,0.02394321007,0.05044681464
2022-10-11,2022U41,25531,72.88,0,0
2022-10-12,2022U41,25531,72.88,0,0
2022-10-13,2022U41,25531,72.88,0,0
2022-10-14,2022U41,25531,72.88,0,0
2022-10-15,2022U41,25531,72.88,0,0
2022-10-16,2022U41,25531,72.88,0,0
2022-10-17,2022U42,25004,72.09,-0.02064157299,-0.01083973655
2022-10-18,2022U42,25004,72.09,0,0
2022-10-19,2022U42,25004,72.09,0,0
2022-10-20,2022U42,25004,72.09,0,0
2022-10-21,2022U42,25004,72.09,0,0
2022-10-22,2022U42,25004,72.09,0,0
2022-10-23,2022U42,25004,72.09,0,0
2022-10-24,2022U43,23779,70.64,-0.04899216125,-0.02011374671
2022-10-25,2022U43,23779,70.64,0,0
2022-10-26,2022U43,23779,70.64,0,0
2022-10-27,2022U43,23779,70.64,0,0
2022-10-28,2022U43,23779,70.64,0,0
2022-10-29,2022U43,23779,70.64,0,0
2022-10-30,2022U43,23779,70.64,0,0
2022-10-31,2022U44,23740,70.76,-0.001640102612,0.001698754247
2022-11-01,2022U44,23740,70.76,0,0
2022-11-02,2022U44,23740,70.76,0,0
2022-11-03,2022U44,23740,70.76,0,0
2022-11-04,2022U44,23740,70.76,0,0
2022-11-05,2022U44,23740,70.76,0,0
2022-11-06,2022U44,23740,70.76,0,0
2022-11-07,2022U45,24421,68.43,0.02868576243,-0.03292820803
2022-11-08,2022U45,24421,68.43,0,0
2022-11-09,2022U45,24421,68.43,0,0
2022-11-10,2022U45,24421,68.43,0,0
2022-11-11,2022U45,24421,68.43,0,0
2022-11-12,2022U45,24421,68.43,0,0
2022-11-13,2022U45,24421,68.43,0,0
2022-11-14,2022U46,22962,70.55,-0.05974366324,0.03098056408
2022-11-15,2022U46,22962,70.55,0,0
2022-11-16,2022U46,22962,70.55,0,0
2022-11-17,2022U46,22962,70.55,0,0
2022-11-18,2022U46,22962,70.55,0,0
2022-11-19,2022U46,22962,70.55,0,0
2022-11-20,2022U46,22962,70.55,0,0
2022-11-21,2022U47,22492,78,-0.0204686003,0.1055988661
2022-11-22,2022U47,22492,78,0,0
2022-11-23,2022U47,22492,78,0,0
2022-11-24,2022U47,22492,78,0,0
2022-11-25,2022U47,22492,78,0,0
2022-11-26,2022U47,22492,78,0,0
2022-11-27,2022U47,22492,78,0,0
2022-11-28,2022U48,22316,81.7,-0.007825004446,0.04743589744
2022-11-29,2022U48,22316,81.7,0,0
2022-11-30,2022U48,22316,81.7,0,0
2022-12-01,2022U48,22316,81.7,0,0
2022-12-02,2022U48,22316,81.7,0,0
2022-12-03,2022U48,22316,81.7,0,0
2022-12-04,2022U48,22316,81.7,0,0
2022-12-05,2022U49,23460,77.77,0.05126366732,-0.04810281518
2022-12-06,2022U49,23460,77.77,0,0
2022-12-07,2022U49,23460,77.77,0,0
2022-12-08,2022U49,23460,77.77,0,0
2022-12-09,2022U49,23460,77.77,0,0
2022-12-10,2022U49,23460,77.77,0,0
2022-12-11,2022U49,23460,77.77,0,0
2022-12-12,2022U50,24342,77.35,0.03759590793,-0.005400540054
2022-12-13,2022U50,24342,77.35,0,0
2022-12-14,2022U50,24342,77.35,0,0
2022-12-15,2022U50,24342,77.35,0,0
2022-12-16,2022U50,24342,77.35,0,0
2022-12-17,2022U50,24342,77.35,0,0
2022-12-18,2022U50,24342,77.35,0,0
2022-12-19,2022U51,18401,74.71,-0.2440637581,-0.03413057531
2022-12-20,2022U51,18401,74.71,0,0
2022-12-21,2022U51,18401,74.71,0,0
2022-12-22,2022U51,18401,74.71,0,0
2022-12-23,2022U51,18401,74.71,0,0
2022-12-24,2022U51,18401,74.71,0,0
2022-12-25,2022U51,18401,74.71,0,0
2022-12-26,2022U52,13731,86.33,-0.2537905549,0.1555347343
2022-12-27,2022U52,13731,86.33,0,0
2022-12-28,2022U52,13731,86.33,0,0
2022-12-29,2022U52,13731,86.33,0,0
2022-12-30,2022U52,13731,86.33,0,0
2022-12-31,2022U52,13731,86.33,0,0
2023-01-01,2022U52,13731,86.33,0,0
2023-01-02,2023U01,14932,89.67,0.08746631709,0.03868875246
2023-01-03,2023U01,14932,89.67,0,0
2023-01-04,2023U01,14932,89.67,0,0
2023-01-05,2023U01,14932,89.67,0,0
2023-01-06,2023U01,14932,89.67,0,0
2023-01-07,2023U01,14932,89.67,0,0
2023-01-08,2023U01,14932,89.67,0,0
2023-01-09,2023U02,15402,97.51,0.03147602465,0.08743169399
2023-01-10,2023U02,15402,97.51,0,0
2023-01-11,2023U02,15402,97.51,0,0
2023-01-12,2023U02,15402,97.51,0,0
2023-01-13,2023U02,15402,97.51,0,0
2023-01-14,2023U02,15402,97.51,0,0
2023-01-15,2023U02,15402,97.51,0,0
2023-01-16,2023U03,16564,94.98,0.07544474744,-0.02594605681
2023-01-17,2023U03,16564,94.98,0,0
2023-01-18,2023U03,16564,94.98,0,0
2023-01-19,2023U03,16564,94.98,0,0
2023-01-20,2023U03,16564,94.98,0,0
2023-01-21,2023U03,16564,94.98,0,0
2023-01-22,2023U03,16564,94.98,0,0
2023-01-23,2023U04,16916,89.77,0.02125090558,-0.0548536534
2023-01-24,2023U04,16916,89.77,0,0
2023-01-25,2023U04,16916,89.77,0,0
2023-01-26,2023U04,16916,89.77,0,0
2023-01-27,2023U04,16916,89.77,0,0
2023-01-28,2023U04,16916,89.77,0,0
2023-01-29,2023U04,16916,89.77,0,0
2023-01-30,2023U05,16946,93.07,0.001773468905,0.03676061045
2023-01-31,2023U05,16946,93.07,0,0
2023-02-01,2023U05,16946,93.07,0,0
2023-02-02,2023U05,16946,93.07,0,0
2023-02-03,2023U05,16946,93.07,0,0
2023-02-04,2023U05,16946,93.07,0,0
2023-02-05,2023U05,16946,93.07,0,0
2023-02-06,2023U06,15269,93.3,-0.09896140682,0.002471258193
2023-02-07,2023U06,15269,93.3,0,0
2023-02-08,2023U06,15269,93.3,0,0
2023-02-09,2023U06,15269,93.3,0,0
2023-02-10,2023U06,15269,93.3,0,0
2023-02-11,2023U06,15269,93.3,0,0
2023-02-12,2023U06,15269,93.3,0,0
2023-02-13,2023U07,14851,103.22,-0.0273757286,0.106323687
2023-02-14,2023U07,14851,103.22,0,0
2023-02-15,2023U07,14851,103.22,0,0
2023-02-16,2023U07,14851,103.22,0,0
2023-02-17,2023U07,14851,103.22,0,0
2023-02-18,2023U07,14851,103.22,0,0
2023-02-19,2023U07,14851,103.22,0,0
2023-02-20,2023U08,14905,112.46,0.00363611878,0.08951753536
2023-02-21,2023U08,14905,112.46,0,0
2023-02-22,2023U08,14905,112.46,0,0
2023-02-23,2023U08,14905,112.46,0,0
2023-02-24,2023U08,14905,112.46,0,0
2023-02-25,2023U08,14905,112.46,0,0
2023-02-26,2023U08,14905,112.46,0,0
2023-02-27,2023U09,15004,119.48,0.006642066421,0.06242219456
2023-02-28,2023U09,15004,119.48,0,0
2023-03-01,2023U09,15004,119.48,0,0
2023-03-02,2023U09,15004,119.48,0,0
2023-03-03,2023U09,15004,119.48,0,0
2023-03-04,2023U09,15004,119.48,0,0
2023-03-05,2023U09,15004,119.48,0,0
2023-03-06,2023U10,13901,118.23,-0.07351372967,-0.01046200201
2023-03-07,2023U10,13901,118.23,0,0
2023-03-08,2023U10,13901,118.23,0,0
2023-03-09,2023U10,13901,118.23,0,0
2023-03-10,2023U10,13901,118.23,0,0
2023-03-11,2023U10,13901,118.23,0,0
2023-03-12,2023U10,13901,118.23,0,0
2023-03-13,2023U11,13786,122.88,-0.00827278613,0.03933011926
2023-03-14,2023U11,13786,122.88,0,0
2023-03-15,2023U11,13786,122.88,0,0
2023-03-16,2023U11,13786,122.88,0,0
2023-03-17,2023U11,13786,122.88,0,0
2023-03-18,2023U11,13786,122.88,0,0
2023-03-19,2023U11,13786,122.88,0,0
2023-03-20,2023U12,15972,117.32,0.1585666618,-0.04524739583
2023-03-21,2023U12,15972,117.32,0,0
2023-03-22,2023U12,15972,117.32,0,0
2023-03-23,2023U12,15972,117.32,0,0
2023-03-24,2023U12,15972,117.32,0,0
2023-03-25,2023U12,15972,117.32,0,0
2023-03-26,2023U12,15972,117.32,0,0
2023-03-27,2023U13,17460,111.04,0.09316303531,-0.05352881009
2023-03-28,2023U13,17460,111.04,0,0
2023-03-29,2023U13,17460,111.04,0,0
2023-03-30,2023U13,17460,111.04,0,0
2023-03-31,2023U13,17460,111.04,0,0
2023-04-01,2023U13,17460,111.04,0,0
2023-04-02,2023U13,17460,111.04,0,0
2023-04-03,2023U14,11722,109.21,-0.3286368843,-0.01648054755
2023-04-04,2023U14,11722,109.21,0,0
2023-04-05,2023U14,11722,109.21,0,0
2023-04-06,2023U14,11722,109.21,0,0
2023-04-07,2023U14,11722,109.21,0,0
2023-04-08,2023U14,11722,109.21,0,0
2023-04-09,2023U14,11722,109.21,0,0
2023-04-10,2023U15,15265,113.39,0.3022521754,0.03827488325
2023-04-11,2023U15,15265,113.39,0,0
2023-04-12,2023U15,15265,113.39,0,0
2023-04-13,2023U15,15265,113.39,0,0
2023-04-14,2023U15,15265,113.39,0,0
2023-04-15,2023U15,15265,113.39,0,0
2023-04-16,2023U15,15265,113.39,0,0
2023-04-17,2023U16,16060,120.57,0.05207992139,0.06332128054
2023-04-18,2023U16,16060,120.57,0,0
2023-04-19,2023U16,16060,120.57,0,0
2023-04-20,2023U16,16060,120.57,0,0
2023-04-21,2023U16,16060,120.57,0,0
2023-04-22,2023U16,16060,120.57,0,0
2023-04-23,2023U16,16060,120.57,0,0
2023-04-24,2023U17,17281,111.63,0.07602739726,-0.07414779796
2023-04-25,2023U17,17281,111.63,0,0
2023-04-26,2023U17,17281,111.63,0,0
2023-04-27,2023U17,17281,111.63,0,0
2023-04-28,2023U17,17281,111.63,0,0
2023-04-29,2023U17,17281,111.63,0,0
2023-04-30,2023U17,17281,111.63,0,0
2023-05-01,2023U18,13735,112.37,-0.2051964585,0.006629042372
2023-05-02,2023U18,13735,112.37,0,0
2023-05-03,2023U18,13735,112.37,0,0
2023-05-04,2023U18,13735,112.37,0,0
2023-05-05,2023U18,13735,112.37,0,0
2023-05-06,2023U18,13735,112.37,0,0
2023-05-07,2023U18,13735,112.37,0,0
2023-05-08,2023U19,15822,108.66,0.1519475792,-0.03301592952
2023-05-09,2023U19,15822,108.66,0,0
2023-05-10,2023U19,15822,108.66,0,0
2023-05-11,2023U19,15822,108.66,0,0
2023-05-12,2023U19,15822,108.66,0,0
2023-05-13,2023U19,15822,108.66,0,0
2023-05-14,2023U19,15822,108.66,0,0
2023-05-15,2023U20,11512,110.87,-0.2724055113,0.02033867108
2023-05-16,2023U20,11512,110.87,0,0
2023-05-17,2023U20,11512,110.87,0,0
2023-05-18,2023U20,11512,110.87,0,0
2023-05-19,2023U20,11512,110.87,0,0
2023-05-20,2023U20,11512,110.87,0,0
2023-05-21,2023U20,11512,110.87,0,0
2023-05-22,2023U21,15492,108.65,0.3457261987,-0.02002345089
2023-05-23,2023U21,15492,108.65,0,0
2023-05-24,2023U21,15492,108.65,0,0
2023-05-25,2023U21,15492,108.65,0,0
2023-05-26,2023U21,15492,108.65,0,0
2023-05-27,2023U21,15492,108.65,0,0
2023-05-28,2023U21,15492,108.65,0,0
2023-05-29,2023U22,15666,112.95,0.01123160341,0.03957662218
2023-05-30,2023U22,15666,112.95,0,0
2023-05-31,2023U22,15666,112.95,0,0
2023-06-01,2023U22,15666,112.95,0,0
2023-06-02,2023U22,15666,112.95,0,0
2023-06-03,2023U22,15666,112.95,0,0
2023-06-04,2023U22,15666,112.95,0,0
2023-06-05,2023U23,18299,110.08,0.1680709817,-0.02540947322
2023-06-06,2023U23,18299,110.08,0,0
2023-06-07,2023U23,18299,110.08,0,0
2023-06-08,2023U23,18299,110.08,0,0
2023-06-09,2023U23,18299,110.08,0,0
2023-06-10,2023U23,18299,110.08,0,0
2023-06-11,2023U23,18299,110.08,0,0
2023-06-12,2023U24,17359,100.75,-0.05136892726,-0.0847565407
2023-06-13,2023U24,17359,100.75,0,0
2023-06-14,2023U24,17359,100.75,0,0
2023-06-15,2023U24,17359,100.75,0,0
2023-06-16,2023U24,17359,100.75,0,0
2023-06-17,2023U24,17359,100.75,0,0
2023-06-18,2023U24,17359,100.75,0,0
2023-06-19,2023U25,16792,89.46,-0.03266317184,-0.1120595533
2023-06-20,2023U25,16792,89.46,0,0
2023-06-21,2023U25,16792,89.46,0,0
2023-06-22,2023U25,16792,89.46,0,0
2023-06-23,2023U25,16792,89.46,0,0
2023-06-24,2023U25,16792,89.46,0,0
2023-06-25,2023U25,16792,89.46,0,0
2023-06-26,2023U26,17238,92.04,0.02656026679,0.0288397049
2023-06-27,2023U26,17238,92.04,0,0
2023-06-28,2023U26,17238,92.04,0,0
2023-06-29,2023U26,17238,92.04,0,0
2023-06-30,2023U26,17238,92.04,0,0
2023-07-01,2023U26,17238,92.04,0,0
2023-07-02,2023U26,17238,92.04,0,0
2023-07-03,2023U27,19220,94.9,0.1149785358,0.03107344633
2023-07-04,2023U27,19220,94.9,0,0
2023-07-05,2023U27,19220,94.9,0,0
2023-07-06,2023U27,19220,94.9,0,0
2023-07-07,2023U27,19220,94.9,0,0
2023-07-08,2023U27,19220,94.9,0,0
2023-07-09,2023U27,19220,94.9,0,0
2023-07-10,2023U28,17844,97.02,-0.07159209157,0.02233930453
2023-07-11,2023U28,17844,97.02,0,0
2023-07-12,2023U28,17844,97.02,0,0
2023-07-13,2023U28,17844,97.02,0,0
2023-07-14,2023U28,17844,97.02,0,0
2023-07-15,2023U28,17844,97.02,0,0
2023-07-16,2023U28,17844,97.02,0,0
2023-07-17,2023U29,17898,92.67,0.003026227303,-0.04483611626
2023-07-18,2023U29,17898,92.67,0,0
2023-07-19,2023U29,17898,92.67,0,0
2023-07-20,2023U29,17898,92.67,0,0
2023-07-21,2023U29,17898,92.67,0,0
2023-07-22,2023U29,17898,92.67,0,0
2023-07-23,2023U29,17898,92.67,0,0
2023-07-24,2023U30,19604,86.14,0.09531791262,-0.07046509118
2023-07-25,2023U30,19604,86.14,0,0
2023-07-26,2023U30,19604,86.14,0,0
2023-07-27,2023U30,19604,86.14,0,0
2023-07-28,2023U30,19604,86.14,0,0
2023-07-29,2023U30,19604,86.14,0,0
2023-07-30,2023U30,19604,86.14,0,0
2023-07-31,2023U31,20469,83.28,0.04412364824,-0.03320176457
2023-08-01,2023U31,20469,83.28,0,0
2023-08-02,2023U31,20469,83.28,0,0
2023-08-03,2023U31,20469,83.28,0,0
2023-08-04,2023U31,20469,83.28,0,0
2023-08-05,2023U31,20469,83.28,0,0
2023-08-06,2023U31,20469,83.28,0,0
2023-08-07,2023U32,21060,80.26,0.0288729298,-0.03626320845
2023-08-08,2023U32,21060,80.26,0,0
2023-08-09,2023U32,21060,80.26,0,0
2023-08-10,2023U32,21060,80.26,0,0
2023-08-11,2023U32,21060,80.26,0,0
2023-08-12,2023U32,21060,80.26,0,0
2023-08-13,2023U32,21060,80.26,0,0
2023-08-14,2023U33,22698,78.14,0.07777777778,-0.026414154
2023-08-15,2023U33,22698,78.14,0,0
2023-08-16,2023U33,22698,78.14,0,0
2023-08-17,2023U33,22698,78.14,0,0
2023-08-18,2023U33,22698,78.14,0,0
2023-08-19,2023U33,22698,78.14,0,0
2023-08-20,2023U33,22698,78.14,0,0
2023-08-21,2023U34,24089,76.87,0.06128293242,-0.01625287945
2023-08-22,2023U34,24089,76.87,0,0
2023-08-23,2023U34,24089,76.87,0,0
2023-08-24,2023U34,24089,76.87,0,0
2023-08-25,2023U34,24089,76.87,0,0
2023-08-26,2023U34,24089,76.87,0,0
2023-08-27,2023U34,24089,76.87,0,0
2023-08-28,2023U35,25260,75.15,0.04861139939,-0.02237543905
2023-08-29,2023U35,25260,75.15,0,0
2023-08-30,2023U35,25260,75.15,0,0
2023-08-31,2023U35,25260,75.15,0,0
2023-09-01,2023U35,25260,75.15,0,0
2023-09-02,2023U35,25260,75.15,0,0
2023-09-03,2023U35,25260,75.15,0,0
2023-09-04,2023U36,25523,76.81,0.01041171813,0.02208915502
2023-09-05,2023U36,25523,76.81,0,0
2023-09-06,2023U36,25523,76.81,0,0
2023-09-07,2023U36,25523,76.81,0,0
2023-09-08,2023U36,25523,76.81,0,0
2023-09-09,2023U36,25523,76.81,0,0
2023-09-10,2023U36,25523,76.81,0,0
2023-09-11,2023U37,25480,77.05,-0.001684754927,0.003124593152
2023-09-12,2023U37,25480,77.05,0,0
2023-09-13,2023U37,25480,77.05,0,0
2023-09-14,2023U37,25480,77.05,0,0
2023-09-15,2023U37,25480,77.05,0,0
2023-09-16,2023U37,25480,77.05,0,0
2023-09-17,2023U37,25480,77.05,0,0
2023-09-18,2023U38,24851,76.93,-0.02468602826,-0.00155743024
2023-09-19,2023U38,24851,76.93,0,0
2023-09-20,2023U38,24851,76.93,0,0
2023-09-21,2023U38,24851,76.93,0,0
2023-09-22,2023U38,24851,76.93,0,0
2023-09-23,2023U38,24851,76.93,0,0
2023-09-24,2023U38,24851,76.93,0,0
2023-09-25,2023U39,24952,80.54,0.004064222768,0.04692577668
2023-09-26,2023U39,24952,80.54,0,0
2023-09-27,2023U39,24952,80.54,0,0
2023-09-28,2023U39,24952,80.54,0,0
2023-09-29,2023U39,24952,80.54,0,0
2023-09-30,2023U39,24952,80.54,0,0
2023-10-01,2023U39,24952,80.54,0,0
2023-10-02,2023U40,25979,82.68,0.04115902533,0.02657064813
2023-10-03,2023U40,25979,82.68,0,0
2023-10-04,2023U40,25979,82.68,0,0
2023-10-05,2023U40,25979,82.68,0,0
2023-10-06,2023U40,25979,82.68,0,0
2023-10-07,2023U40,25979,82.68,0,0
2023-10-08,2023U40,25979,82.68,0,0
2023-10-09,2023U41,24679,81.28,-0.05004041726,-0.01693275278
2023-10-10,2023U41,24679,81.28,0,0
2023-10-11,2023U41,24679,81.28,0,0
2023-10-12,2023U41,24679,81.28,0,0
2023-10-13,2023U41,24679,81.28,0,0
2023-10-14,2023U41,24679,81.28,0,0
2023-10-15,2023U41,24679,81.28,0,0
2023-10-16,2023U42,24609,85.69,-0.002836419628,0.05425688976
2023-10-17,2023U42,24609,85.69,0,0
2023-10-18,2023U42,24609,85.69,0,0
2023-10-19,2023U42,24609,85.69,0,0
2023-10-20,2023U42,24609,85.69,0,0
2023-10-21,2023U42,24609,85.69,0,0
2023-10-22,2023U42,24609,85.69,0,0
2023-10-23,2023U43,26459,83.27,0.07517574871,-0.02824133504
2023-10-24,2023U43,26459,83.27,0,0
2023-10-25,2023U43,26459,83.27,0,0
2023-10-26,2023U43,26459,83.27,0,0
2023-10-27,2023U43,26459,83.27,0,0
2023-10-28,2023U43,26459,83.27,0,0
2023-10-29,2023U43,26459,83.27,0,0
2023-10-30,2023U44,24437,81.11,-0.0764201217,-0.02593971418
2023-10-31,2023U44,24437,81.11,0,0
2023-11-01,2023U44,24437,81.11,0,0
2023-11-02,2023U44,24437,81.11,0,0
2023-11-03,2023U44,24437,81.11,0,0
2023-11-04,2023U44,24437,81.11,0,0
2023-11-05,2023U44,24437,81.11,0,0
2023-11-06,2023U45,23852,81.99,-0.02393910873,0.01084946369
2023-11-07,2023U45,23852,81.99,0,0
2023-11-08,2023U45,23852,81.99,0,0
2023-11-09,2023U45,23852,81.99,0,0
2023-11-10,2023U45,23852,81.99,0,0
2023-11-11,2023U45,23852,81.99,0,0
2023-11-12,2023U45,23852,81.99,0,0
2023-11-13,2023U46,24833,81.52,0.04112862653,-0.005732406391
2023-11-14,2023U46,24833,81.52,0,0
2023-11-15,2023U46,24833,81.52,0,0
2023-11-16,2023U46,24833,81.52,0,0
2023-11-17,2023U46,24833,81.52,0,0
2023-11-18,2023U46,24833,81.52,0,0
2023-11-19,2023U46,24833,81.52,0,0
2023-11-20,2023U47,22141,83.51,-0.1084041397,0.02441118744
2023-11-21,2023U47,22141,83.51,0,0
2023-11-22,2023U47,22141,83.51,0,0
2023-11-23,2023U47,22141,83.51,0,0
2023-11-24,2023U47,22141,83.51,0,0
2023-11-25,2023U47,22141,83.51,0,0
2023-11-26,2023U47,22141,83.51,0,0
2023-11-27,2023U48,22910,85.52,0.03473194526,0.02406897378
2023-11-28,2023U48,22910,85.52,0,0
2023-11-29,2023U48,22910,85.52,0,0
2023-11-30,2023U48,22910,85.52,0,0
2023-12-01,2023U48,22910,85.52,0,0
2023-12-02,2023U48,22910,85.52,0,0
2023-12-03,2023U48,22910,85.52,0,0
2023-12-04,2023U49,22243,86.73,-0.02911392405,0.01414873714
2023-12-05,2023U49,22243,86.73,0,0
2023-12-06,2023U49,22243,86.73,0,0
2023-12-07,2023U49,22243,86.73,0,0
2023-12-08,2023U49,22243,86.73,0,0
2023-12-09,2023U49,22243,86.73,0,0
2023-12-10,2023U49,22243,86.73,0,0
2023-12-11,2023U50,24551,87.82,0.1037629816,0.01256773896
2023-12-12,2023U50,24551,87.82,0,0
2023-12-13,2023U50,24551,87.82,0,0
2023-12-14,2023U50,24551,87.82,0,0
2023-12-15,2023U50,24551,87.82,0,0
2023-12-16,2023U50,24551,87.82,0,0
2023-12-17,2023U50,24551,87.82,0,0
2023-12-18,2023U51,18480,91.03,-0.2472811698,0.03655203826
2023-12-19,2023U51,18480,91.03,0,0
2023-12-20,2023U51,18480,91.03,0,0
2023-12-21,2023U51,18480,91.03,0,0
2023-12-22,2023U51,18480,91.03,0,0
2023-12-23,2023U51,18480,91.03,0,0
2023-12-24,2023U51,18480,91.03,0,0
2023-12-25,2023U52,10440,100.7,-0.4350649351,0.1062287158
2023-12-26,2023U52,10440,100.7,0,0
2023-12-27,2023U52,10440,100.7,0,0
2023-12-28,2023U52,10440,100.7,0,0
2023-12-29,2023U52,10440,100.7,0,0
2023-12-30,2023U52,10440,100.7,0,0
2023-12-31,2023U52,10440,100.7,0,0
2024-01-01,2024U01,12105,112.9,0.1594827586,0.1211519364
2024-01-02,2024U01,12105,112.9,0,0
2024-01-03,2024U01,12105,112.9,0,0
2024-01-04,2024U01,12105,112.9,0,0
2024-01-05,2024U01,12105,112.9,0,0
2024-01-06,2024U01,12105,112.9,0,0
2024-01-07,2024U01,12105,112.9,0,0
2024-01-08,2024U02,16016,108.85,0.3230896324,-0.0358724535
2024-01-09,2024U02,16016,108.85,0,0
2024-01-10,2024U02,16016,108.85,0,0
2024-01-11,2024U02,16016,108.85,0,0
2024-01-12,2024U02,16016,108.85,0,0
2024-01-13,2024U02,16016,108.85,0,0
2024-01-14,2024U02,16016,108.85,0,0
2024-01-15,2024U03,14622,99.87,-0.08703796204,-0.08249885163
2024-01-16,2024U03,14622,99.87,0,0
2024-01-17,2024U03,14622,99.87,0,0
2024-01-18,2024U03,14622,99.87,0,0
2024-01-19,2024U03,14622,99.87,0,0
2024-01-20,2024U03,14622,99.87,0,0
2024-01-21,2024U03,14622,99.87,0,0
2024-01-22,2024U04,15342,104.48,0.04924086992,0.04616000801
2024-01-23,2024U04,15342,104.48,0,0
2024-01-24,2024U04,15342,104.48,0,0
2024-01-25,2024U04,15342,104.48,0,0
2024-01-26,2024U04,15342,104.48,0,0
2024-01-27,2024U04,15342,104.48,0,0
2024-01-28,2024U04,15342,104.48,0,0
2024-01-29,2024U05,13511,109.18,-0.1193455873,0.04498468606
2024-01-30,2024U05,13511,109.18,0,0
2024-01-31,2024U05,13511,109.18,0,0
2024-02-01,2024U05,13511,109.18,0,0
2024-02-02,2024U05,13511,109.18,0,0
2024-02-03,2024U05,13511,109.18,0,0
2024-02-04,2024U05,13511,109.18,0,0
2024-02-05,2024U06,15862,106.91,0.1740063652,-0.02079135373
2024-02-06,2024U06,15862,106.91,0,0
2024-02-07,2024U06,15862,106.91,0,0
2024-02-08,2024U06,15862,106.91,0,0
2024-02-09,2024U06,15862,106.91,0,0
2024-02-10,2024U06,15862,106.91,0,0
2024-02-11,2024U06,15862,106.91,0,0
2024-02-12,2024U07,13639,107.78,-0.1401462615,0.008137685904
2024-02-13,2024U07,13639,107.78,0,0
2024-02-14,2024U07,13639,107.78,0,0
2024-02-15,2024U07,13639,107.78,0,0
2024-02-16,2024U07,13639,107.78,0,0
2024-02-17,2024U07,13639,107.78,0,0
2024-02-18,2024U07,13639,107.78,0,0
2024-02-19,2024U08,10687,111.25,-0.2164381553,0.03219521247
2024-02-20,2024U08,10687,111.25,0,0
2024-02-21,2024U08,10687,111.25,0,0
2024-02-22,2024U08,10687,111.25,0,0
2024-02-23,2024U08,10687,111.25,0,0
2024-02-24,2024U08,10687,111.25,0,0
2024-02-25,2024U08,10687,111.25,0,0
2024-02-26,2024U09,12959,109.58,0.2125947413,-0.01501123596
2024-02-27,2024U09,12959,109.58,0,0
2024-02-28,2024U09,12959,109.58,0,0
2024-02-29,2024U09,12959,109.58,0,0
2024-03-01,2024U09,12959,109.58,0,0
2024-03-02,2024U09,12959,109.58,0,0
2024-03-03,2024U09,12959,109.58,0,0
2024-03-04,2024U10,14487,107.29,0.1179103326,-0.02089797408
2024-03-05,2024U10,14487,107.29,0,0
2024-03-06,2024U10,14487,107.29,0,0
2024-03-07,2024U10,14487,107.29,0,0
2024-03-08,2024U10,14487,107.29,0,0
2024-03-09,2024U10,14487,107.29,0,0
2024-03-10,2024U10,14487,107.29,0,0
2024-03-11,2024U11,14619,106.19,0.009111617312,-0.01025258645
2024-03-12,2024U11,14619,106.19,0,0
2024-03-13,2024U11,14619,106.19,0,0
2024-03-14,2024U11,14619,106.19,0,0
2024-03-15,2024U11,14619,106.19,0,0
2024-03-16,2024U11,14619,106.19,0,0
2024-03-17,2024U11,14619,106.19,0,0
2024-03-18,2024U12,13493,106.78,-0.07702305219,0.005556078727
2024-03-19,2024U12,13493,106.78,0,0
2024-03-20,2024U12,13493,106.78,0,0
2024-03-21,2024U12,13493,106.78,0,0
2024-03-22,2024U12,13493,106.78,0,0
2024-03-23,2024U12,13493,106.78,0,0
2024-03-24,2024U12,13493,106.78,0,0
2024-03-25,2024U13,9512,115.19,-0.2950418736,0.07876006743
2024-03-26,2024U13,9512,115.19,0,0
2024-03-27,2024U13,9512,115.19,0,0
2024-03-28,2024U13,9512,115.19,0,0
2024-03-29,2024U13,9512,115.19,0,0
2024-03-30,2024U13,9512,115.19,0,0
2024-03-31,2024U13,9512,115.19,0,0
2024-04-01,2024U14,11675,120.04,0.2273969722,0.04210434934
2024-04-02,2024U14,11675,120.04,0,0
2024-04-03,2024U14,11675,120.04,0,0
2024-04-04,2024U14,11675,120.04,0,0
2024-04-05,2024U14,11675,120.04,0,0
2024-04-06,2024U14,11675,120.04,0,0
2024-04-07,2024U14,11675,120.04,0,0
2024-04-08,2024U15,13015,123.28,0.1147751606,0.026991003
2024-04-09,2024U15,13015,123.28,0,0
2024-04-10,2024U15,13015,123.28,0,0
2024-04-11,2024U15,13015,123.28,0,0
2024-04-12,2024U15,13015,123.28,0,0
2024-04-13,2024U15,13015,123.28,0,0
2024-04-14,2024U15,13015,123.28,0,0
2024-04-15,2024U16,11766,121.22,-0.09596619285,-0.01670992862
2024-04-16,2024U16,11766,121.22,0,0
2024-04-17,2024U16,11766,121.22,0,0
2024-04-18,2024U16,11766,121.22,0,0
2024-04-19,2024U16,11766,121.22,0,0
2024-04-20,2024U16,11766,121.22,0,0
2024-04-21,2024U16,11766,121.22,0,0
2024-04-22,2024U17,12923,113.18,0.09833418324,-0.06632568883
2024-04-23,2024U17,12923,113.18,0,0
2024-04-24,2024U17,12923,113.18,0,0
2024-04-25,2024U17,12923,113.18,0,0
2024-04-26,2024U17,12923,113.18,0,0
2024-04-27,2024U17,12923,113.18,0,0
2024-04-28,2024U17,12923,113.18,0,0
2024-04-29,2024U18,11511,119.65,-0.1092625551,0.05716557696
2024-04-30,2024U18,11511,119.65,0,0
2024-05-01,2024U18,11511,119.65,0,0
2024-05-02,2024U18,11511,119.65,0,0
2024-05-03,2024U18,11511,119.65,0,0
2024-05-04,2024U18,11511,119.65,0,0
2024-05-05,2024U18,11511,119.65,0,0
2024-05-06,2024U19,10617,122.05,-0.07766484232,0.02005850397
2024-05-07,2024U19,10617,122.05,0,0
2024-05-08,2024U19,10617,122.05,0,0
2024-05-09,2024U19,10617,122.05,0,0
2024-05-10,2024U19,10617,122.05,0,0
2024-05-11,2024U19,10617,122.05,0,0
2024-05-12,2024U19,10617,122.05,0,0
2024-05-13,2024U20,11698,120.83,0.1018178393,-0.009995903318
2024-05-14,2024U20,11698,120.83,0,0
2024-05-15,2024U20,11698,120.83,0,0
2024-05-16,2024U20,11698,120.83,0,0
2024-05-17,2024U20,11698,120.83,0,0
2024-05-18,2024U20,11698,120.83,0,0
2024-05-19,2024U20,11698,120.83,0,0
2024-05-20,2024U21,12567,118.07,0.07428620277,-0.02284200943
2024-05-21,2024U21,12567,118.07,0,0
2024-05-22,2024U21,12567,118.07,0,0
2024-05-23,2024U21,12567,118.07,0,0
2024-05-24,2024U21,12567,118.07,0,0
2024-05-25,2024U21,12567,118.07,0,0
2024-05-26,2024U21,12567,118.07,0,0
2024-05-27,2024U22,15060,104.9,0.1983767009,-0.1115439993
2024-05-28,2024U22,15060,104.9,0,0
2024-05-29,2024U22,15060,104.9,0,0
2024-05-30,2024U22,15060,104.9,0,0
2024-05-31,2024U22,15060,104.9,0,0
2024-06-01,2024U22,15060,104.9,0,0
2024-06-02,2024U22,15060,104.9,0,0
2024-06-03,2024U23,16605,92.2,0.1025896414,-0.1210676835
2024-06-04,2024U23,16605,92.2,0,0
2024-06-05,2024U23,16605,92.2,0,0
2024-06-06,2024U23,16605,92.2,0,0
2024-06-07,2024U23,16605,92.2,0,0
2024-06-08,2024U23,16605,92.2,0,0
2024-06-09,2024U23,16605,92.2,0,0
2024-06-10,2024U24,16797,84.87,0.01156278229,-0.0795010846
2024-06-11,2024U24,16797,84.87,0,0
2024-06-12,2024U24,16797,84.87,0,0
2024-06-13,2024U24,16797,84.87,0,0
2024-06-14,2024U24,16797,84.87,0,0
2024-06-15,2024U24,16797,84.87,0,0
2024-06-16,2024U24,16797,84.87,0,0
2024-06-17,2024U25,18125,85.58,0.07906173721,0.008365735831
2024-06-18,2024U25,18125,85.58,0,0
2024-06-19,2024U25,18125,85.58,0,0
2024-06-20,2024U25,18125,85.58,0,0
2024-06-21,2024U25,18125,85.58,0,0
2024-06-22,2024U25,18125,85.58,0,0
2024-06-23,2024U25,18125,85.58,0,0
2024-06-24,2024U26,17377,79.29,-0.04126896552,-0.07349848095
2024-06-25,2024U26,17377,79.29,0,0
2024-06-26,2024U26,17377,79.29,0,0
2024-06-27,2024U26,17377,79.29,0,0
2024-06-28,2024U26,17377,79.29,0,0
2024-06-29,2024U26,17377,79.29,0,0
2024-06-30,2024U26,17377,79.29,0,0
2024-07-01,2024U27,19201,78.24,0.1049663348,-0.01324252743
2024-07-02,2024U27,19201,78.24,0,0
2024-07-03,2024U27,19201,78.24,0,0
2024-07-04,2024U27,19201,78.24,0,0
2024-07-05,2024U27,19201,78.24,0,0
2024-07-06,2024U27,19201,78.24,0,0
2024-07-07,2024U27,19201,78.24,0,0
2024-07-08,2024U28,18421,79.78,-0.04062288422,0.01968302658
2024-07-09,2024U28,18421,79.78,0,0
2024-07-10,2024U28,18421,79.78,0,0
2024-07-11,2024U28,18421,79.78,0,0
2024-07-12,2024U28,18421,79.78,0,0
2024-07-13,2024U28,18421,79.78,0,0
2024-07-14,2024U28,18421,79.78,0,0
2024-07-15,2024U29,18177,81.46,-0.01324575213,0.02105790925
2024-07-16,2024U29,18177,81.46,0,0
2024-07-17,2024U29,18177,81.46,0,0
2024-07-18,2024U29,18177,81.46,0,0
2024-07-19,2024U29,18177,81.46,0,0
2024-07-20,2024U29,18177,81.46,0,0
2024-07-21,2024U29,18177,81.46,0,0
2024-07-22,2024U30,21986,81.55,0.2095505309,0.00110483673
2024-07-23,2024U30,21986,81.55,0,0
2024-07-24,2024U30,21986,81.55,0,0
2024-07-25,2024U30,21986,81.55,0,0
2024-07-26,2024U30,21986,81.55,0,0
2024-07-27,2024U30,21986,81.55,0,0
2024-07-28,2024U30,21986,81.55,0,0
2024-07-29,2024U31,22624,81.19,0.0290184663,-0.004414469651
2024-07-30,2024U31,22624,81.19,0,0
2024-07-31,2024U31,22624,81.19,0,0
2024-08-01,2024U31,22624,81.19,0,0
2024-08-02,2024U31,22624,81.19,0,0
2024-08-03,2024U31,22624,81.19,0,0
2024-08-04,2024U31,22624,81.19,0,0
2024-08-05,2024U32,20669,80.41,-0.08641265912,-0.00960709447
2024-08-06,2024U32,20669,80.41,0,0
2024-08-07,2024U32,20669,80.41,0,0
2024-08-08,2024U32,20669,80.41,0,0
2024-08-09,2024U32,20669,80.41,0,0
2024-08-10,2024U32,20669,80.41,0,0
2024-08-11,2024U32,20669,80.41,0,0
2024-08-12,2024U33,21367,80.89,0.03377038076,0.00596940679
2024-08-13,2024U33,21367,80.89,0,0
2024-08-14,2024U33,21367,80.89,0,0
2024-08-15,2024U33,21367,80.89,0,0
2024-08-16,2024U33,21367,80.89,0,0
2024-08-17,2024U33,21367,80.89,0,0
2024-08-18,2024U33,21367,80.89,0,0
2024-08-19,2024U34,24242,76.82,0.1345532831,-0.05031524292
2024-08-20,2024U34,24242,76.82,0,0
2024-08-21,2024U34,24242,76.82,0,0
2024-08-22,2024U34,24242,76.82,0,0
2024-08-23,2024U34,24242,76.82,0,0
2024-08-24,2024U34,24242,76.82,0,0
2024-08-25,2024U34,24242,76.82,0,0
2024-08-26,2024U35,25506,73.93,0.05214091247,-0.03762041135
2024-08-27,2024U35,25506,73.93,0,0
2024-08-28,2024U35,25506,73.93,0,0
2024-08-29,2024U35,25506,73.93,0,0
2024-08-30,2024U35,25506,73.93,0,0
2024-08-31,2024U35,25506,73.93,0,0
2024-09-01,2024U35,25506,73.93,0,0
2024-09-02,2024U36,26416,73.08,0.03567787971,-0.01149736237
2024-09-03,2024U36,26416,73.08,0,0
2024-09-04,2024U36,26416,73.08,0,0
2024-09-05,2024U36,26416,73.08,0,0
2024-09-06,2024U36,26416,73.08,0,0
2024-09-07,2024U36,26416,73.08,0,0
2024-09-08,2024U36,26416,73.08,0,0
2024-09-09,2024U37,27899,74.12,0.05614021805,0.01423097975
2024-09-10,2024U37,27899,74.12,0,0
2024-09-11,2024U37,27899,74.12,0,0
2024-09-12,2024U37,27899,74.12,0,0
2024-09-13,2024U37,27899,74.12,0,0
2024-09-14,2024U37,27899,74.12,0,0
2024-09-15,2024U37,27899,74.12,0,0
2024-09-16,2024U38,28673,74.57,0.02774292985,0.006071235834
2024-09-17,2024U38,28673,74.57,0,0
2024-09-18,2024U38,28673,74.57,0,0
2024-09-19,2024U38,28673,74.57,0,0
2024-09-20,2024U38,28673,74.57,0,0
2024-09-21,2024U38,28673,74.57,0,0
2024-09-22,2024U38,28673,74.57,0,0
2024-09-23,2024U39,29238,73.23,0.01970494891,-0.01796969291
2024-09-24,2024U39,29238,73.23,0,0
2024-09-25,2024U39,29238,73.23,0,0
2024-09-26,2024U39,29238,73.23,0,0
2024-09-27,2024U39,29238,73.23,0,0
2024-09-28,2024U39,29238,73.23,0,0
2024-09-29,2024U39,29238,73.23,0,0
2024-09-30,2024U40,26543,69.7,-0.09217456734,-0.04820428786
2024-10-01,2024U40,26543,69.7,0,0
2024-10-02,2024U40,26543,69.7,0,0
2024-10-03,2024U40,26543,69.7,0,0
2024-10-04,2024U40,26543,69.7,0,0
2024-10-05,2024U40,26543,69.7,0,0
2024-10-06,2024U40,26543,69.7,0,0
2024-10-07,2024U41,25180,72.76,-0.05135063859,0.04390243902
2024-10-08,2024U41,25180,72.76,0,0
2024-10-09,2024U41,25180,72.76,0,0
2024-10-10,2024U41,25180,72.76,0,0
2024-10-11,2024U41,25180,72.76,0,0
2024-10-12,2024U41,25180,72.76,0,0
2024-10-13,2024U41,25180,72.76,0,0
2024-10-14,2024U42,25561,76.02,0.01513105639,0.04480483782
2024-10-15,2024U42,25561,76.02,0,0
2024-10-16,2024U42,25561,76.02,0,0
2024-10-17,2024U42,25561,76.02,0,0
2024-10-18,2024U42,25561,76.02,0,0
2024-10-19,2024U42,25561,76.02,0,0
2024-10-20,2024U42,25561,76.02,0,0
2024-10-21,2024U43,24910,77.59,-0.02546848715,0.02065245988
2024-10-22,2024U43,24910,77.59,0,0
2024-10-23,2024U43,24910,77.59,0,0
2024-10-24,2024U43,24910,77.59,0,0
2024-10-25,2024U43,24910,77.59,0,0
2024-10-26,2024U43,24910,77.59,0,0
2024-10-27,2024U43,24910,77.59,0,0
2024-10-28,2024U44,25749,76.49,0.03368125251,-0.01417708468
2024-10-29,2024U44,25749,76.49,0,0
2024-10-30,2024U44,25749,76.49,0,0
2024-10-31,2024U44,25749,76.49,0,0
2024-11-01,2024U44,25749,76.49,0,0
2024-11-02,2024U44,25749,76.49,0,0
2024-11-03,2024U44,25749,76.49,0,0
2024-11-04,2024U45,23871,77.8,-0.07293487126,0.01712642175
2024-11-05,2024U45,23871,77.8,0,0
2024-11-06,2024U45,23871,77.8,0,0
2024-11-07,2024U45,23871,77.8,0,0
2024-11-08,2024U45,23871,77.8,0,0
2024-11-09,2024U45,23871,77.8,0,0
2024-11-10,2024U45,23871,77.8,0,0
2024-11-11,2024U46,22825,81.68,-0.0438188597,0.0498714653
2024-11-12,2024U46,22825,81.68,0,0
2024-11-13,2024U46,22825,81.68,0,0
2024-11-14,2024U46,22825,81.68,0,0
2024-11-15,2024U46,22825,81.68,0,0
2024-11-16,2024U46,22825,81.68,0,0
2024-11-17,2024U46,22825,81.68,0,0
2024-11-18,2024U47,23333,86.59,0.02225629792,0.06011263467
2024-11-19,2024U47,23333,86.59,0,0
2024-11-20,2024U47,23333,86.59,0,0
2024-11-21,2024U47,23333,86.59,0,0
2024-11-22,2024U47,23333,86.59,0,0
2024-11-23,2024U47,23333,86.59,0,0
2024-11-24,2024U47,23333,86.59,0,0
2024-11-25,2024U48,25376,89.32,0.08755839369,0.03152789006
2024-11-26,2024U48,25376,89.32,0,0
2024-11-27,2024U48,25376,89.32,0,0
2024-11-28,2024U48,25376,89.32,0,0
2024-11-29,2024U48,25376,89.32,0,0
2024-11-30,2024U48,25376,89.32,0,0
2024-12-01,2024U48,25376,89.32,0,0
2024-12-02,2024U49,25742,87.46,0.01442307692,-0.02082400358
2024-12-03,2024U49,25742,87.46,0,0
2024-12-04,2024U49,25742,87.46,0,0
2024-12-05,2024U49,25742,87.46,0,0
2024-12-06,2024U49,25742,87.46,0,0
2024-12-07,2024U49,25742,87.46,0,0
2024-12-08,2024U49,25742,87.46,0,0
2024-12-09,2024U50,25658,90.74,-0.003263149716,0.03750285845
2024-12-10,2024U50,25658,90.74,0,0
2024-12-11,2024U50,25658,90.74,0,0
2024-12-12,2024U50,25658,90.74,0,0
2024-12-13,2024U50,25658,90.74,0,0
2024-12-14,2024U50,25658,90.74,0,0
2024-12-15,2024U50,25658,90.74,0,0
2024-12-16,2024U51,22450,92.15,-0.1250292306,0.01553890236
2024-12-17,2024U51,22450,92.15,0,0
2024-12-18,2024U51,22450,92.15,0,0
2024-12-19,2024U51,22450,92.15,0,0
2024-12-20,2024U51,22450,92.15,0,0
2024-12-21,2024U51,22450,92.15,0,0
2024-12-22,2024U51,22450,92.15,0,0
2024-12-23,2024U52,9134,111.82,-0.5931403118,0.2134563212
2024-12-24,2024U52,9134,111.82,0,0
2024-12-25,2024U52,9134,111.82,0,0
2024-12-26,2024U52,9134,111.82,0,0
2024-12-27,2024U52,9134,111.82,0,0
2024-12-28,2024U52,9134,111.82,0,0
2024-12-29,2024U52,9134,111.82,0,0
2024-12-30,2025U01,11364,125.36,0.2441427633,0.121087462
2024-12-31,2025U01,11364,125.36,0,0
2025-01-01,2025U01,11364,125.36,0,0
2025-01-02,2025U01,11364,125.36,0,0
2025-01-03,2025U01,11364,125.36,0,0
2025-01-04,2025U01,11364,125.36,0,0
2025-01-05,2025U01,11364,125.36,0,0
2025-01-06,2025U02,15939,117.77,0.4025871172,-0.06054562859
2025-01-07,2025U02,15939,117.77,0,0
2025-01-08,2025U02,15939,117.77,0,0
2025-01-09,2025U02,15939,117.77,0,0
2025-01-10,2025U02,15939,117.77,0,0
2025-01-11,2025U02,15939,117.77,0,0
2025-01-12,2025U02,15939,117.77,0,0