월별,총지수,농축수산물,(농산물)곡물,(농산물)채소,(농산물)과실,축산물,국산쇠고기,수입쇠고기,돼지고기,닭고기,달걀,수산물,갈치,명태,조기,고등어,오징어,게,굴,조개,전복,새우,마른멸치,마른오징어,낙지,김,미역,소주,맥주,막걸리,석유류,쇠고기(외식),돼지갈비(외식),삼겹살(외식),오리고기(외식),생선초밥,생선회(외식)
2015.01 ,94.643,83.728,86.778,78.03,86.044,85.279,74.267,90.063,88.175,110.477,100.066,84.233,99.339,83.114,105.291,99.115,48.16,67.412,88.395,80.862,134.746,,93.046,47.882,80.059,69.044,93.04,82.431,91.408,92.83,110.37,86.03,88.879,87.521,93.76,90.965,90.456
2015.02 ,94.587,84.803,86.044,83.019,86.906,85.088,74.855,91.944,86.751,109.139,99.804,83.918,100.603,82.292,104.797,99.633,47.906,67.971,83.62,80.756,134.885,,93.53,47.995,77.158,68.831,93.518,82.465,91.233,92.868,104.73,86.048,89.013,88.002,93.647,90.992,90.584
2015.03 ,94.596,83.141,85.292,78.934,85.252,83.837,74.252,91.043,84.424,109.907,98.405,84.026,100.823,82.002,105.238,101.654,48.611,67.488,83.225,79.948,128.789,,93.356,47.388,76.926,68.673,93.546,82.639,91.215,92.942,109.071,85.484,88.924,88.145,93.863,91.341,90.156
2015.04 ,94.625,83.208,85.395,76.993,88.168,83.811,73.408,89.394,85.675,109.191,98.832,83.67,102.418,83.363,105.375,99.905,46.478,66.425,83.225,80.087,130.716,,93.009,47.345,78.303,68.714,93.781,82.656,91.729,92.83,109.028,86.048,88.816,88.225,94.07,91.56,90.275
2015.05 ,94.89,84.988,85.685,78.506,91.728,86.364,72.897,87.941,93.878,106.4,99.882,83.289,102.548,83.687,104.934,99.604,44.994,67.136,83.225,81.425,125.076,,92.516,47.454,77.738,68.315,93.574,82.481,91.775,92.533,110.933,86.056,88.789,88.234,94.07,91.515,90.229
2015.06 ,94.909,84.61,85.429,77.36,88.786,88.301,73.57,87.326,99.535,102.437,99.134,83.107,104.143,83.089,104.535,98.683,44.557,68.012,83.225,81.221,124.645,,92.689,47.176,77.877,68.315,93.724,82.581,91.729,92.868,113.055,86.152,89.165,88.964,94.212,91.515,90.166
2015.07 ,95.08,84.182,85.258,77.944,87.289,88.102,75.614,87.665,97.409,102.582,96.559,82.063,101.575,82.267,104.892,94.094,46.098,68.937,83.225,81.547,120.26,,92.086,46.761,73.878,68.666,93.846,83.013,92.206,93.268,112.373,86.143,89.693,89.758,94.212,91.606,90.302
2015.08 ,95.213,85.206,85.105,81.6,88.629,88.831,78.346,88.966,96.497,101.68,95.655,80.606,97.433,82.94,104.577,86.675,46.333,68.371,83.225,81.784,121.945,,90.359,46.945,75.557,68.886,93.612,83.021,92.151,92.979,110.013,86.681,89.997,89.963,94.212,91.826,90.529
2015.09 ,94.966,85.046,85.181,79.909,88.133,89.813,81.822,88.832,96.104,98.567,95.227,80.54,95.728,82.774,104.188,85.293,47.517,68.723,83.225,82.119,124.315,,89.29,46.672,77.088,69.044,93.931,83.071,91.922,93.212,107.166,87.688,90.095,90.194,94.183,91.826,91.192
2015.10 ,94.966,83.376,85.642,72.761,88.838,88.215,82.975,90.045,89.918,99.159,95.733,81.533,96.23,82.591,105.249,86.892,47.502,70.476,90.681,83.081,125.101,,89.208,46.822,77.328,68.542,93.996,82.639,92.151,93.547,105.769,88.113,89.997,90.087,94.193,92.11,91.81
2015.11 ,94.786,81.294,84.618,70.306,82.144,86.946,83.253,88.734,87.18,97.509,93.76,82.85,100.572,83.853,105.406,88.65,48.212,72.167,97.065,82.902,125,,89.171,46.86,78.728,68.824,93.921,82.755,91.784,93.464,104.232,88.269,89.997,90.159,94.212,92.229,92.064
2015.12 ,95.07,83.779,83.79,79.971,82.623,87.737,83.563,87.772,89.461,97.862,93.002,83.769,102.087,84.202,105.868,88.123,47.347,75.045,112.821,83.334,125.355,,88.212,46.017,77.668,68.879,94.193,86.516,91.775,93.845,102.359,88.703,90.06,90.141,94.23,92.229,92.501
2016.01 ,95.232,85.004,81.878,86.253,83.319,87.798,85.096,89.849,87.18,100.082,92.594,83.314,107.001,83.579,105.249,90.361,46.196,77.923,99.219,82.649,120.893,,88.194,46.516,75.309,68.604,94.165,88.118,92.041,93.845,98.841,89.129,90.23,90.328,94.249,92.514,93.818
2016.02 ,95.64,89.017,81.392,98.841,87.837,88.805,87.542,90.767,87.682,98.827,91.098,84.597,110.792,85.19,105.406,94.348,45.68,80.635,97.232,83.473,126.597,,87.655,46.497,76.206,67.662,94.137,88.143,92.123,94.078,95.918,89.398,90.677,90.462,94.23,92.889,94.163
2016.03 ,95.393,87.002,81.639,93.245,86.566,86.946,86.768,90.464,84.169,99.937,87.269,84.647,110.642,85.14,105.858,96.078,45.229,81.794,89.344,83.873,121.274,,90.688,46.266,77.39,68.824,93.827,88.143,92.068,94.851,94.965,89.823,90.874,90.577,94.315,92.99,94.272
2016.04 ,95.573,86.818,80.231,91.234,87.332,87.754,87.069,88.975,86.833,98.484,86.773,85.193,113.259,85.256,105.616,94.856,45.877,85.714,89.344,86.263,119.005,,90.368,46.94,77.529,71.291,93.106,88.168,92.27,94.907,95.864,89.944,91.026,90.88,94.362,93.018,94.763
2016.05 ,95.63,85.5,78.806,85.154,86.322,88.605,87.511,89.278,89.626,95.714,84.645,85.16,113.069,81.429,105.879,95.382,44.562,89.689,89.344,86.843,119.03,,90.771,46.898,76.57,72.831,93.659,88.135,92.307,95.13,97.78,90.101,91.24,90.872,94.39,93.311,95.045
2016.06 ,95.611,83.384,78.439,73.852,83.633,91.715,88.463,89.501,96.761,98.744,84.451,84.763,110.541,84.833,105.606,92.007,44.862,92.761,89.344,86.337,116.217,,89.637,45.527,76.361,73.814,93.696,88.16,92.068,95.111,102.143,90.161,91.258,90.996,94.418,93.769,95.126
2016.07 ,95.431,83.888,77.892,75.84,82.832,92.601,89.693,90.829,97.355,99.771,84.665,85.202,107.533,85.372,106.005,90.568,47.925,96.239,89.344,86.435,114.975,,89.775,46.408,75.796,75.47,93.49,88.185,91.995,94.674,102.359,90.404,91.455,91.371,94.418,93.888,95.09
2016.08 ,95.677,85.6,77.722,85.817,83.833,91.229,90.127,89.724,93.166,100.248,85.258,84.258,102.869,86.999,106.079,86.685,47.329,95.528,89.344,88.115,112.782,,88.989,45.8,74.319,76.033,94.624,88.758,92.839,94.711,100.508,90.691,91.679,91.522,94.55,94.246,95.353
2016.09 ,96.247,92.811,77.064,114.266,85.67,94.06,91.535,92.648,97.501,102.323,89.047,84.597,106.891,86.086,103.316,89.017,46.798,90.49,89.344,89.894,114.278,,89.409,47.75,75.17,77.484,94.559,88.517,92.078,94.702,100.021,90.778,91.724,91.798,94.625,94.438,95.326
2016.10 ,96.379,89.764,75.562,99.145,87.419,93.93,91.45,94.11,96.022,106.027,90.009,84.796,108.415,86.194,104.598,87.287,49.419,86.984,92.633,90.179,114.189,,88.322,47.336,76.083,77.834,94.643,88.484,92.16,95.028,100.248,91.142,91.858,91.887,94.682,94.475,94.708
2016.11 ,96.237,87.833,74.615,93.463,84.251,92.514,89.848,93.004,94.033,102.831,91.418,87.073,111.444,87.132,103.243,86.064,57.865,87.778,105.655,90.139,116.293,,89.546,50.393,75.905,78.494,94.624,88.575,93.757,95.158,101.591,91.159,92.099,92.039,94.691,94.466,94.672
2016.12 ,96.342,89.412,74.359,96.604,88.438,92.201,89.291,94.163,91.761,100.497,99.406,88.406,111.294,89.066,103.82,86.628,62.568,86.977,108.495,89.886,114.531,,90.624,53.601,77.351,79.14,94.259,88.592,93.738,95.195,103.463,91.142,92.224,92.155,94.71,94.466,94.59
2017.01 ,97.366,93.827,74.222,101.25,99.144,95.884,89.221,94.377,91.077,95.891,149.75,90.004,114.222,88.917,104.776,86.422,61.403,89.31,102.103,90.318,122.655,,91.511,57.38,80.701,79.958,94.521,89.214,96.097,95.158,107.307,91.402,92.296,92.44,94.729,94.484,95.09
2017.02 ,97.632,94.121,73.915,99.379,102.391,95.528,88.656,95.572,91.56,104.325,137.254,90.94,118.164,88.103,103.894,88.941,64.832,89.331,96.862,90.073,123.834,,91.721,59.975,81.459,82.185,94.671,92.394,97.656,95.121,108.681,91.446,92.555,92.583,95.03,94.484,96.017
2017.03 ,97.565,92.719,72.754,94.461,103.427,94.321,88.331,94.181,90.712,110.944,124.913,91.13,119.618,88.427,102.949,91.903,66.03,87.267,89.951,90.685,119.499,,93.274,61.134,78.837,83.752,94.502,93.589,98.134,95.717,108.617,91.663,92.672,92.805,95.171,94.566,96.289
2017.04 ,97.442,90.99,72.771,85.598,102.539,95.189,87.294,93.165,93.23,107.956,132.065,91.685,119.979,87.63,104.041,93.944,67.378,88.613,90.488,90.865,112.884,,93.073,61.935,79.687,85.401,93.94,93.747,98.143,97.094,107.003,91.776,92.779,93.108,95.34,94.566,95.926
2017.05 ,97.546,90.99,73.403,77.827,104.402,98.655,87.093,91.311,100.338,113.652,142.093,92.463,119.568,87.049,104.776,95.561,70.925,89.048,91.253,90.677,114.417,,94.133,62.566,77.537,86.886,94.493,93.772,98.381,97.076,106.43,92.027,92.967,93.313,95.463,94.896,96.571
2017.06 ,97.338,89.378,72.148,75.084,98.979,99.585,85.839,92.826,103.423,112.521,142.87,91.734,116.409,87.73,104.146,92.862,73.02,88.654,90.523,90.473,113.15,,92.461,63.372,75.696,89.085,94.708,93.772,98.39,97.793,104.979,92.357,93.199,93.492,95.594,94.97,96.68
2017.07 ,97.499,89.731,72.771,84.047,91.658,100.08,87.271,91.676,105.631,105.612,139.508,89.714,97.804,88.651,102.991,91.104,72.268,87.792,88.474,90.955,109.12,,95.047,64.177,76.407,90.24,93.706,93.789,98.354,98.426,102.944,92.4,93.584,93.652,95.707,95.107,96.644
2017.08 ,98.058,94.776,73.428,105.443,96.211,99.081,87.456,92.666,104.436,104.834,130.733,88.795,90.413,88.942,102.623,89.929,72.428,85.618,87.568,91.379,107.865,,94.124,65.567,77.87,90.934,94.802,93.863,98.528,98.556,104.145,92.696,93.96,94.089,95.773,95.19,96.807
2017.09 ,98.172,96.589,76.638,109.699,100.215,97.674,88.679,93.004,104.308,100.736,110.882,88.994,93.141,87.912,102.276,87.456,76.477,82.905,87.771,92.905,108.195,,94.8,66.618,78.581,91.703,95.215,93.872,98.684,98.612,106.148,93.034,94.282,94.178,96.131,95.364,96.989
2017.10 ,98.077,92.341,80.743,89.433,97.795,95.989,89.84,94.859,99.079,100.196,106.655,90.774,100.492,86.418,101.037,87.578,80.658,85.666,95.79,93.516,112.554,,94.252,68.177,78.829,93.552,95.571,93.863,98.51,98.798,108.476,93.034,94.38,94.329,96.328,95.373,98.561
2017.11 ,97.347,87.968,82.228,79.745,87.088,93.122,88.432,93.423,92.436,102.966,108.044,92.19,97.875,87.887,101.006,90.446,84.628,87.888,101.813,92.831,113.517,,93.959,70.98,78.883,94.844,96.18,93.872,98.785,98.789,109.862,93.242,94.595,94.49,96.366,95.373,99.206
2017.12 ,97.698,90.058,83.474,81.109,93.756,93.73,88.199,94.252,94.033,103.485,107.451,92.745,96.009,88.236,100.039,91.405,85.652,87.702,107.792,92.953,114.544,,93.841,73.519,79.873,95.353,95.683,93.755,98.675,98.891,111.226,93.555,95.06,94.793,96.385,95.345,99.669
2018.01 ,98.106,92.106,84.345,88.56,98.108,91.976,89.252,93.593,90.255,99.47,102.34,92.786,97.193,88.776,100.417,91.838,87.287,88.33,99.219,91.24,115.368,,94.38,78.032,80.825,95.373,95.796,93.789,98.721,98.714,111.908,94.023,95.498,95.327,96.535,95.913,99.551
2018.02 ,98.855,96.765,86.078,103.993,103.67,92.08,89.577,95.144,90.347,100.238,99.017,93.208,101.826,86.294,101.205,92.919,87.118,88.627,93.363,91.012,115.013,,94.078,81.796,86.309,95.724,95.955,94.021,98.886,98.714,112.958,94.353,95.972,95.621,96.911,96.088,100.223
2018.03 ,98.751,93.794,87.938,94.905,98.526,91.194,89.531,94.921,89.151,101.659,92.837,93.689,101.244,88.518,102.308,93.85,87.738,88.716,85.062,92.953,113.53,,93.758,83.045,93.798,95.119,96.686,94.038,98.969,98.612,112.157,94.509,96.232,95.826,97.495,96.564,100.296
2018.04 ,98.931,94.18,89.816,92.044,102.234,91.489,90.018,94.823,90.94,102.499,85.763,94.243,101.174,89.124,102.171,95.514,87.118,89.786,85.546,94.055,110.108,,93.274,83.328,97.851,94.576,98.401,93.996,98.638,98.789,111.193,94.77,96.393,96.12,97.711,96.766,100.959
2018.05 ,98.979,92.509,90.337,87.812,97.107,91.385,89.368,93.575,91.661,100.694,86.968,94.839,101.365,88.635,102.791,97.921,86.418,91.87,86.091,93.043,106.116,,94.727,83.761,100.845,94.762,98.72,94.013,98.868,98.742,112.979,94.935,96.795,96.388,98.134,96.839,101.086
2018.06 ,98.779,90.217,90.695,79.986,91.562,92.801,89.415,94.137,96.36,99.034,82.984,94.798,97.845,88.153,103.579,98.993,84.656,94.803,86.038,91.624,100.945,,93.356,83.987,108.612,95.69,98.439,94.121,98.73,98.994,115.523,95.117,97.18,96.459,98.115,96.876,100.996
2018.07 ,98.59,90.771,91.369,83.143,86.34,95.936,89.794,94.564,103.733,101.701,83.431,94.409,95.899,89.083,103.894,94.743,85.586,95.066,85.704,93.174,97.992,,94.188,84.534,113.339,95.703,98.795,94.254,98.565,98.994,115.805,95.429,97.413,96.762,98.426,97.068,101.005
2018.08 ,99.462,99.166,92.206,107.493,104.114,95.676,90.196,93.388,100.484,109.046,90.301,93.084,91.055,88.477,103.663,89.468,86.803,95.01,84.482,94.414,98.867,,93.219,85.772,112.341,96.501,98.72,94.254,98.381,99.04,116.639,95.681,97.404,96.851,98.492,96.894,101.268
2018.09 ,100.221,104.874,93.392,123.222,113.672,97.005,91.435,94.832,101.214,107.261,97.414,92.488,88.698,86.269,102.497,87.634,88.475,93.651,83.91,94.92,101.668,,95.303,85.24,111.76,95.8,98.579,94.27,97.638,99.161,117.537,95.811,97.744,97.359,98.68,96.922,101.423
2018.10 ,100.041,100.207,98.3,101.476,111.409,95.771,91.528,96.945,97.537,105.269,96.413,93.631,89.139,87.074,102.192,87.042,90.918,96.929,94.638,94.773,104.937,,95.696,85.9,110.02,96.597,98.607,94.254,98.574,99.245,121.283,95.967,97.86,97.6,98.68,97.233,101.568
2018.11 ,99.33,94.641,100.852,90.688,98.369,91.889,91.288,96.303,88.549,103.755,92.633,94.218,91.637,89.058,101.426,84.823,92.722,96.156,104.952,94.797,106.813,,95.175,86.587,107.746,96.535,98.073,94.245,98.647,99.366,117.104,96.167,98.092,97.796,98.68,97.673,101.214
2018.12 ,98.988,94.7,102.047,85.567,103.984,91.437,90.994,97.087,87.536,103.661,91.739,94.343,89.621,89.855,100.964,84.973,93.643,95.342,110.878,93.198,106.927,,95.467,87.977,106.539,96.274,98.186,94.038,98.473,99.413,108.097,96.427,98.316,97.885,98.765,97.71,100.905
2019.01 ,98.884,94.406,102.124,86.822,103,90.586,91.195,96.731,84.205,112.978,89.64,93.275,90.824,88.037,100.512,84.738,90.307,95.045,101.531,92.081,104.481,,95.897,91.671,106.361,96.831,98.148,94.104,98.684,99.012,101.028,96.662,98.71,98.135,98.783,98.269,101.068
2019.02 ,99.311,95.397,102.081,88.303,106.83,90.595,91.845,97.881,83.777,113.258,86.929,93.2,93.161,86.983,100.176,85.998,88.964,95.252,95.526,92.309,104.126,,96.655,93.791,105.719,96.796,98.27,94.013,98.537,99.068,100.205,96.861,98.745,98.108,99.056,98.553,100.814
2019.03 ,99.121,93.525,102.038,82.707,105.324,89.648,91.35,97.052,83.512,107.873,83.489,92.761,93.021,88.967,99.976,85.66,89.189,94.003,87.542,92.187,103.949,,97.176,95.336,103.924,96.885,98.42,93.988,98.179,99.124,101.439,96.861,98.906,98.331,99.216,98.635,100.151
2019.04 ,99.481,94.801,101.569,81.124,108.571,93.096,91.474,96.775,91.341,107.22,90.553,93.142,94.013,87.929,100.05,87.907,88.175,94.265,87.894,94.161,101.376,,97.486,97.267,103.537,95.463,98.223,94.245,100.143,99.813,105.022,97.07,98.933,98.241,99.357,98.754,99.996
2019.05 ,99.652,93.634,101.706,79.152,102.748,93.748,91.52,97.141,92.938,104.782,92.021,93.647,94.966,87.912,99.378,89.553,89.913,94.589,88.395,93.671,101.566,,97.55,97.573,101.936,96.611,98.561,98.894,99.794,99.766,111.074,97.252,98.969,98.277,99.357,99.139,100.123
2019.06 ,99.491,91.804,101.39,77.983,95.018,93.452,91.164,98.103,92.838,102.25,90.398,93.987,97.423,84.866,99.84,91.659,89.452,95.707,88.755,93.892,100.59,,97.751,97.456,101.495,96.336,98.382,99.177,100.29,99.72,111.864,97.399,99.166,98.634,99.357,99.093,100.178
2019.07 ,99.187,90.511,101.031,77.82,88.995,93.313,91.636,97.114,92.537,99.107,91.865,94.252,96.761,85.953,100.438,93.859,87.78,97.06,88.984,93.361,95.977,,97.934,98.209,99.708,98.074,98.757,99.052,100.317,99.804,108.985,97.434,99.3,98.803,99.414,99.112,100.142
2019.08 ,99.425,91.955,100.485,88.35,87.01,93.365,92.286,97.907,92.016,100.518,89.825,92.24,91.857,88.112,100.838,85.989,85.403,97.626,87.05,93.851,94.735,,97.998,97.941,98.455,98.074,97.736,99.235,99.693,99.645,108.93,97.53,99.318,98.803,99.621,99.249,100.151
2019.09 ,99.794,96.32,100.673,96.924,95.201,96.284,93.432,99.842,97.437,100.725,93.031,93.382,92.77,90.768,100.481,88.311,88.569,95.618,88.14,94.194,99.31,,97.532,97.281,98.362,97.91,98.926,99.26,100.51,99.469,110.922,97.634,99.318,98.874,99.649,99.46,100.014
2019.10 ,100.041,96.421,100.698,99.87,90.814,96.97,94.237,100.154,96.971,103.153,98.142,94.558,92.579,95.849,100.459,88.716,88.644,95.901,96.731,95.287,99.64,,97.779,97.272,97.975,98.116,98.851,99.417,100.767,99.124,111.875,97.955,99.747,99.097,99.649,99.46,99.569
2019.11 ,99.481,92.064,100.622,91.631,83.206,92.827,94.005,100.154,86.204,100.061,99.503,95.386,91.727,97.368,99.693,89.177,91.256,95.714,103.633,95.964,100.692,,98.345,96.377,97.008,98.947,98.551,99.451,100.189,99.245,111.54,98.111,99.747,99.266,99.856,99.772,98.96
2019.12 ,99.719,93.953,99.58,91.257,89.891,94.321,94.214,100.894,89.954,99.076,99.415,97.473,92.158,100.365,99.861,92.458,97.077,97.191,105.989,96.29,102.238,,98.665,98.398,100.683,99.621,98.476,99.467,99.987,99.385,112.211,98.25,99.747,99.346,99.856,99.772,99.324
2020.01 ,100.09,95.63,98.83,100.61,90.19,92.76,95.84,100.59,84.68,99.18,99.41,99.15,100.51,100.34,99.49,95.32,102.31,98.05,100.58,97.62,102.64,99.38,98.89,99.79,101.28,100.31,98.7,99.64,100.17,99.26,113.76,98.63,99.73,100.12,99.97,99.88,99.2
2020.02 ,100.16,94.73,98.37,97.27,90.39,91.86,96.62,99.96,82.11,101.08,97.37,100.28,104.49,100.38,100.48,98.67,101.8,97.61,97.44,99.43,104.07,101,99.12,100.33,99.82,99.56,98.83,100.1,99.98,99.37,112.85,98.84,99.48,99.84,99.99,99.88,98.83
2020.03 ,99.94,96.57,98.22,97.04,95.31,95.42,96.18,99.29,90.99,102.26,100.57,99.79,102.65,100.44,100.55,99.42,99.33,98.44,92.94,97.85,102.65,100.29,99.61,100,100.78,101.08,98.57,100.03,99.93,99.48,108.13,98.91,99.66,99.84,99.88,99.88,98.7
2020.04 ,99.5,95.78,97.99,90.12,97.04,96.2,96.7,98.76,92.84,99.55,101.87,100.53,105.65,99.56,100.6,102.86,99.03,99.97,93.65,96.17,99.93,99.74,99.87,99.96,100.96,100.21,98.66,99.94,100.03,99.74,97.91,98.91,99.71,99.69,99.89,99.88,98.69
2020.05 ,99.44,96.98,97.6,87.73,97.46,100.98,97.61,98.04,105.15,100.09,100.08,100.53,104.05,99.6,100.47,103.45,98.31,101.61,93.66,97.53,100.02,98.81,100.03,100.55,100.85,99.83,98.75,99.94,100,99.58,90.32,99.35,99.94,99.75,99.9,99.88,99.43
2020.06 ,99.71,97.4,97.72,86.07,97,103.86,101.06,100.77,109.27,100.2,98.62,100.24,100.94,100.12,100.74,104.46,94.83,102.35,93.4,97.34,100.11,99.66,100.29,100.35,100.89,100.29,98.72,100.03,99.99,99.67,94.56,99.75,99.98,99.83,99.91,99.92,99.95
2020.07 ,99.63,98.45,97.48,90.34,100.8,102.68,100.68,100.42,106.94,99.9,97.44,99.23,99.13,100.34,101.09,101.5,91.93,101.17,92.48,97.25,98.54,101.58,100.51,100.39,101.16,99.84,99.52,99.97,99.99,100.13,97.85,100,100.14,99.83,99.94,99.99,100.18
2020.08 ,100.19,103.3,97.89,112.27,102.22,103.23,100.96,101.35,107.9,99.42,97.54,98.19,95.47,100.13,100.58,98.24,91.79,102.59,91.49,97.33,98.39,101.15,100.78,100.13,99.85,99.78,100.46,99.99,99.98,100.37,97.95,100.64,100.13,99.83,99.94,99.99,100.35
2020.09 ,100.74,108.68,99.55,127.79,110.31,103.56,102.99,101.2,105.79,101.42,101.42,98.72,96.04,100.54,98.81,98.23,100.17,97.88,91.95,100.36,98.2,100.66,99.99,99.52,98.88,99.98,101.22,100.04,99.92,100.55,97.6,100.82,100.25,99.99,100.05,99.93,100.35
2020.10 ,100.18,108.45,102.44,119,113.62,104.51,103.84,100.76,107.65,98.49,103.39,100,97.22,100.66,99.12,99.12,104.21,98.92,95.27,104.9,99.61,100.16,101.01,100.46,98.66,99.49,101.73,100.07,99.96,100.25,96.16,101.11,100.31,100.25,100.07,100.04,101.14
2020.11 ,100.09,101.74,106.08,98.92,99.95,101.81,103.52,99.3,101.93,98.47,101.31,101.36,97.07,99.7,99.08,99.02,106.71,100.9,122.33,106.86,98.81,99.29,100.04,99.02,98.69,99.86,102.14,100.08,100.01,100.65,94.93,101.45,100.33,100.51,100.21,100.21,101.55
2020.12 ,100.33,102.3,107.84,92.82,105.69,103.14,104.01,99.55,104.73,99.94,100.99,101.97,96.76,98.18,98.99,99.7,109.56,100.51,134.8,107.35,97.02,98.28,99.86,99.5,98.18,99.79,102.72,100.17,100.02,100.96,97.97,101.59,100.34,100.55,100.26,100.52,101.63
2021.01 ,101.04,105.7,108.76,105.41,107.09,104.46,105.12,101.13,102.23,106.2,114.97,102.26,100.69,98.39,98.39,102.23,107.8,100.88,119.43,109.72,97.3,98.81,99.74,100.15,98.56,98.87,103.5,100.24,100.09,100.92,103.68,101.87,100.58,100.74,100.26,101.36,102.05
2021.02 ,101.58,109.97,109.24,119.45,111.39,106.27,107.12,102.16,98.42,108.67,139.08,102.31,103.36,98.08,97.68,103.03,109.2,100.56,106.7,111.47,95.96,99.61,99.05,98.94,98.73,99.38,103.76,100.32,100.12,101,105.69,102.4,100.69,100.84,100.6,101.74,102.34
2021.03 ,101.84,109.41,109.47,116.51,112.81,105.48,107.1,100.12,96.63,107.93,141.28,102.14,105.27,98.3,99.29,104.76,106.87,100.35,100.05,108.93,93.88,99.09,99.6,99.68,97.15,99.23,103.82,100.27,100.05,101.04,109.4,102.68,101.03,101.08,101.18,102.08,103.47
2021.04 ,101.98,108.4,109.54,108.46,112.96,107.56,106.83,100.11,102.73,106.88,140.16,101.83,106.65,97.74,99.64,105.14,104.38,99.75,99.75,107.04,95.61,97.61,99.47,99.61,96.58,98.45,103.98,100.34,100.25,110.99,111.05,102.75,101.35,101.24,101.69,102.44,103.65
2021.05 ,102.05,107.94,110.1,98.44,113.67,111.54,106.9,102.36,110.7,105.51,147.12,101.91,107.48,97.45,99.27,106.5,102.33,100.06,99.85,108.21,94.87,96.66,98.96,99.05,97.18,98.15,104.5,100.37,100.34,114.7,111.3,102.79,101.57,101.29,101.87,102.73,104.11
2021.06 ,102.05,106.63,110.24,91.44,110.93,113.76,107.93,103.51,113.95,102.94,153.72,101.51,103.95,96.35,99.15,108.91,97.8,100.86,99.5,108,94.18,96.52,99.01,98.76,98.17,98.27,104.65,100.37,100.37,116.22,113.4,103.5,101.8,101.61,101.99,102.76,104.56
2021.07 ,102.26,106.81,110.49,90.25,112.47,114.96,108.34,105.85,115.2,106.6,154.35,100.08,100.28,95.89,99.12,106.56,92.28,99.61,98.13,108.17,90.65,98.55,99.04,98.72,99.47,98.7,105.11,100.37,100.32,117.53,117.14,104.25,102.14,101.97,102.07,102.85,104.99
2021.08 ,102.75,109.06,110.44,99.19,112.91,116.26,108.34,107.97,118,110.02,151.67,99.92,99.18,95.54,99.55,104.81,91.68,100.13,97.95,109.08,91.86,101.06,98.3,98.97,100.36,98.97,105.39,100.85,100.27,117.73,119.05,104.76,102.55,102.41,102.13,103.49,106.63
2021.09 ,103.17,112.01,109.78,113.58,110.03,118.13,110.61,111.13,121.65,107.84,146.05,100.45,101.1,95.85,99.18,104.75,95.37,99.57,98.46,109.33,91.23,101.64,96.8,99.02,100.41,99.8,105.82,100.92,100.3,117.92,118.97,105.53,103.15,103.5,102.51,103.85,107.38
2021.10 ,103.35,109.01,107.9,99.16,111.29,118.03,113.11,118.25,118.57,110.47,138.13,100.28,96.45,94.84,100.93,103.55,94.79,98.24,104.63,112.31,94.95,101.43,98.05,99.38,100.45,99.44,105.91,100.93,99.94,117.86,122.34,106.6,103.82,103.76,102.69,104.2,108.51
2021.11 ,103.87,109.47,107.52,107.04,106,116.99,112.98,123.31,115.04,111.73,134.44,101.93,95.44,95.1,99.07,104.09,97.68,96.75,138.51,114.89,95.13,101.68,97.98,100.52,100.66,99.77,105.84,101,100.01,118.45,128.67,108.25,104.69,104.7,103.06,104.68,109.95
2021.12 ,104.04,110.3,106.34,102.06,113.44,118.34,112.46,121.64,120.17,107.24,134.47,102.7,95.65,95.19,98.7,105.26,101.22,96.06,142.63,115.59,96.81,102.06,98.02,101.08,101.06,98.15,106.24,101,100,118.65,122.1,109.18,105.92,105.91,103.81,104.92,110.7
2022.01 ,104.85,112.71,104.72,108.02,122.42,117.18,113.11,125.56,114.04,113.75,133.17,102.7,97.08,95.77,99.2,104.44,102.89,96.14,133.57,117.22,98.27,102.95,98.01,100.82,101.41,98.22,106.27,101.12,100.23,119.25,121.11,110.05,107.02,106.68,104.92,105.27,110.44
2022.02 ,105.42,111.98,103.53,109.53,119.8,116.36,113.17,129.04,111.53,113.91,130,102.69,99.31,95.55,99.78,105.49,101.94,95.82,119.07,115.22,102.7,102.5,97.62,100.97,102.55,97.66,107,101.29,101.06,119.58,126.63,110.76,108.24,107.38,105.34,106.16,111.24
2022.03 ,106.1,110.2,102.54,104.47,119.19,114.3,111.26,127.3,107.26,119.35,130.87,102.91,100.07,98.17,98.62,106.7,102.84,96.12,109.09,113.45,102.32,101.24,100.58,101.55,101.69,98.61,110.61,108.86,103.45,120.04,144.02,110.98,108.92,107.76,105.58,106.99,113.37
2022.04 ,106.83,110.62,101.08,102.61,120.6,115.81,110.49,128.6,109.73,124.58,135.18,104.27,101.58,101.93,100.45,108.85,102.87,96.53,110.53,114.9,101.85,102.33,101.22,101.89,102.77,100.23,112.23,109.72,106.58,119.79,149.66,111.39,109.4,108.15,106.3,107.57,114.94
2022.05 ,107.5,112.24,99.7,98.66,118.71,124.24,109.89,131.04,132.09,122.41,137.84,104.78,101.96,104.79,99.98,111.11,102.35,96.85,111.08,114.01,98.52,102.77,101.47,101.88,102.69,101.26,113.51,109.78,107.16,120.57,150.27,112.15,110.16,109.78,107.34,108.36,115.46
2022.06 ,108.21,111.59,98.49,96.91,117.85,124.53,108.48,131.47,133.78,123.62,138.26,104.68,101.88,104.88,101.48,111.57,100,95.14,111.01,113.83,98.02,102.62,101.46,103.59,103.64,102.96,112.38,109.71,107.22,121.38,158.6,113.25,111.28,111.81,108.12,108.99,115.79
2022.07 ,108.73,114.19,97.32,113.03,121.1,122.01,108.84,131.86,126.13,126.81,137.81,103.7,101.27,105.13,100.48,109.44,94.99,94.02,110.01,115.28,97.11,102.39,101.96,104.34,103.43,104.61,113.41,109.68,106.95,121.91,158.33,113.41,112.77,113.43,109.39,109.2,116.72
2022.08 ,108.63,116.5,95.49,126.21,123.75,120.3,109.12,129.21,122.29,127.49,136.49,103.15,97.65,105.71,99.62,107.08,93.49,95.32,109.4,115.76,98.2,105.09,102.77,101.57,104.29,104.9,114.68,109.74,107.15,121.69,142.19,114.04,113.11,113.93,110.33,109.5,117.65
2022.09 ,108.82,118.59,93.92,138.29,118.12,121.59,111.23,125.12,125.75,121.95,136.75,105.03,98.23,106.98,101.59,108.1,100.25,96.05,111.41,117.01,101.7,107.75,103.4,104.29,106.06,105.3,115.7,109.58,106.96,121.63,138.33,114.36,113.69,114.68,110.76,109.81,118.15
2022.10 ,109.16,114.59,94.44,121.09,115.45,120.09,110.92,126.2,122.19,120.27,135.86,106.67,100.82,105.9,101.99,110.06,106.09,95.2,125.57,118.85,101.72,107.61,103.1,102.9,107.42,104.68,117.56,109.58,106.99,121.7,134.89,114.49,114.08,114.81,110.84,110.16,118.8
2022.11 ,109.07,109.85,97.9,104.54,106.64,118.33,109.96,124.25,118.18,123.23,136.77,108.52,101.7,105.9,101.49,112.84,112.03,93.59,142.43,119.93,103.47,108.64,103.26,104.84,107.98,105.86,117.96,109.58,107.03,121.46,135.3,114.76,114.91,115.22,111.36,110.43,120.09
2022.12 ,109.26,110.75,97.23,99.82,114.38,118.68,108.65,125.68,118.14,133.12,138.03,110.11,101.79,105.94,103.43,115,115.52,95.24,149.78,119.76,106.1,109.18,104.46,104.57,108.63,106.92,118.38,109.96,107.01,121.74,129.84,115.5,115.58,115.83,111.44,111.1,120.33
2023.01 ,110.07,113.65,95.91,113.6,117.05,117.48,108.72,122.6,116.29,134.82,134.49,110.55,99.56,107.44,101.1,118.34,118.66,96.53,136.75,119.7,106.19,110.12,104.57,105.26,108.91,109.12,118.48,110.07,107.05,121.75,126.04,115.75,116.01,116.17,112.55,111.79,120.88
2023.02 ,110.33,113.04,96.16,117.64,115.84,113.73,104.7,124.19,110.88,132.8,130.22,111.14,104.14,105.62,103.16,120.38,117.27,97.42,126.17,119.91,105.95,110.96,104.93,106.31,108.4,109.2,118.77,110.02,106.92,121.69,124.49,116.22,116.48,116.89,113.52,112.32,121.41
2023.03 ,110.52,113.3,95.82,118.92,120.18,111.98,103.17,120.29,109.24,135.11,127.1,110.56,103.42,105.04,104.29,122.52,112.79,97.79,116.79,118.15,104.3,109.97,105.41,106.72,108.98,107.89,117.95,110.07,107.17,122.05,123.01,116.27,117.26,117.02,115.14,112.47,122.42
2023.04 ,110.77,111.75,95.46,110.19,118.35,113.86,102,121.89,113.5,139.93,129.74,110.74,105.42,106.38,103.44,124.27,111.35,97.89,117.02,116.51,99.87,109.88,105.36,106.84,109.34,108.64,117.99,110.11,107.34,121.93,124.8,116.26,117.68,117.51,116.51,113.31,122.81
2023.05 ,111.13,112.19,95.83,105.6,117.92,117.45,101.71,122.37,122.38,140.66,133.05,111.38,106.23,107.96,104.79,124.07,115.75,98.52,117.72,116,97.37,110.11,105.73,106.81,109.4,108.09,118.48,110.12,107.05,121.96,123.06,116.26,118.29,117.63,117.24,113.4,123.17
2023.06 ,111.16,112.25,96.04,100.75,121.51,118.89,102.48,122.86,125.1,140.55,134.11,111.09,104.39,108.37,104.59,123.14,114.46,100.79,117.49,116.41,95.73,110.69,107.23,107.12,108.77,107,119.33,110.09,107.19,122.04,118.12,116.51,118.41,117.83,117.82,113.56,123.54
2023.07 ,111.29,114.3,96.85,107.93,128.71,117.2,101.25,124.35,121.79,139.77,132.52,110.06,105.89,109.11,103.31,119.8,108.31,101.47,116.42,116.23,94.34,111.08,107.65,106.3,108.77,108.23,119.53,110.09,107.46,121.98,117.33,116.34,118.89,118.02,118.39,113.9,123.67
2023.08 ,112.28,120.23,100.08,125.65,141.28,117.02,102.07,120.79,121.51,141.01,132.1,109.36,104.02,108.86,105.37,117.79,106.12,101.47,115.71,115.83,92.04,111.23,107.49,106.99,108.94,109.05,119.21,110.09,107.56,122.03,126.98,116.6,118.7,117.93,118.63,114.05,123.6
2023.09 ,112.85,123.76,102.67,131.37,148.26,119.82,105.17,124.92,124.6,137.94,134.83,108.74,98.36,109.05,104.1,116.24,112.71,97.77,115.04,117.49,92.63,109.83,108.96,108.42,109.11,107.68,120.44,110.08,107.83,122.07,132.05,116.89,119.14,118,118.78,114.08,123.82
2023.10 ,113.27,123.77,106.58,128.21,147.58,120.27,107.81,126.68,122.44,136.53,136.9,110.13,99.07,109.52,106.23,116.25,123.63,96.12,117.72,118.52,95.19,108.84,107.47,112.08,108.78,108.2,120.55,110.09,108.02,122.16,133.8,116.99,119.07,118.04,118.94,114.21,124.15
2023.11 ,112.68,117.79,105.42,115.32,134,117.23,106.32,128.12,116.03,133.29,135.72,110.85,98.34,109.42,105.63,116.82,123.25,96.14,139.54,118.27,95.47,109.08,108.31,112.11,108.3,109.09,121.15,114.72,112.21,121.99,128.9,117.44,119.75,118.06,119.16,114.07,124.45
2023.12 ,112.73,119.27,105.2,111.72,143.75,117.51,107.04,128.38,116.14,132.31,135.97,112.13,98.09,110.16,105.06,117.85,125.11,96.26,150.28,119.63,99.3,110.56,109.33,113.53,109.35,111.33,121.43,116.79,112.38,122.18,122.82,117.84,120.41,118.62,119.58,114.15,124.77
2024.01 ,113.17,122.71,104.76,123.65,149.99,116.79,107.46,129.63,113.61,129.7,136.53,112.93,100.19,108.3,107.54,118.69,132.89,95.97,132.56,120.07,101.01,113.1,108.27,115.21,109.09,110.41,121.78,109.41,112.51,122.37,119.69,118.18,120.91,119,119.97,114.22,125.1
2024.02 ,113.78,125.98,103.79,132,162.91,115.03,105.13,130.22,110.79,130.47,136.45,113.15,102.27,107.74,107.67,118.4,134.14,98.67,119.78,119.98,100.39,111.72,109.78,116.42,110.25,112.61,121.49,108.78,112.68,122.37,122.66,118.41,120.72,119.66,120.31,114.5,125.46
2024.03 ,113.95,126.54,102.58,131.9,168.62,114.35,103.5,130.96,110.67,131.82,134.38,112.42,104.28,106.77,107.13,117.75,132.85,97.47,105.24,120.34,97.69,111.04,109.37,116.68,111.45,115.05,121.18,108.56,112.43,122.41,124.49,118.49,120.92,119.73,120.77,114.81,125.72
2024.04 ,114.01,123.54,100.2,124.29,163.55,114.25,100.95,128.69,113.8,130.89,133.78,111.13,104.36,105.68,108.27,114.44,127.95,92.53,104.04,119.2,96.51,111.67,110.37,115.99,112.31,119.45,121.09,108.64,112.46,122.64,126.46,118.51,121.27,119.75,121.19,114.82,126.16
2024.05 ,114.1,121.9,102.27,113.46,163.75,114.44,99.4,128.22,115.96,129.7,134.31,111.48,105.4,106.6,108.04,116.25,125.74,92.17,104.3,116.78,96.24,109.99,110.65,115.29,112.04,127.38,120.86,108.28,111.67,122.7,126.88,118.64,121.37,119.95,121.24,114.99,126.29
2024.06 ,113.84,119.5,102.39,99.93,158.97,117.94,100.2,129.81,124.49,127.79,134.38,111.62,107.29,107.61,107.53,113.46,123.89,92.73,104.41,116.22,95.13,111.69,110.62,116,112.05,137.59,121.07,108.38,112.13,122.7,123.18,118.58,121.49,120,121.32,115.04,126.38
2024.07 ,114.13,120.59,102.4,106.18,155.76,119.76,99.52,132.33,128.92,129.78,134.75,111.07,105.63,107.19,107.05,112.95,122.94,91.34,103.9,113.73,93.2,111.87,111.32,118.82,112.32,140.26,121.08,108.38,112.31,122.77,127.19,118.56,121.52,120.07,121.3,115.15,126.25
2024.08 ,114.54,123.15,101.69,123.52,154.61,117.99,99.33,130.62,124.9,129.73,134.49,111.31,105.79,108.22,108.23,114.12,120.48,90.51,104.14,113.73,92.88,112.27,111.82,119.55,113.11,141.54,121.12,108.39,112.25,122.9,127.15,118.64,121.65,120.17,121.51,115.41,126.56
2024.09 ,114.65,126.65,101.68,146.5,143.95,120.57,102.74,132.42,128.26,130.02,133.65,111.56,104.38,108.6,106.33,114.89,121.7,90.4,104.4,116.65,94.73,112.49,111.27,120.21,112.76,142.87,121.35,108.35,112.46,122.9,121.96,118.88,121.86,120.45,121.57,115.53,127.21
2024.10 ,114.69,125.27,102.34,148.24,131.98,121.35,105.02,131.46,128.19,129.26,135.23,112.45,103.12,108.22,108.56,115.84,122.29,91.41,113.85,118.92,94.21,112.82,111.75,122.12,112.7,143.94,121.66,108.39,112.63,122.9,119.2,119.07,122.07,120.68,121.54,115.53,129.1
2024.11 ,114.4,119,103.35,127.28,122.53,119.17,104.45,131.87,123.59,124.72,134.38,113.36,101.12,108.52,108.11,117.75,122.32,93.66,129.88,118.57,92.61,113.12,111.87,121.14,113.05,147.24,121.57,108.4,112.69,123.01,122.07,119.38,122.2,121.02,121.8,115.81,129.89
2024.12 ,114.91,122.32,104.12,123.62,140.14,120.03,105.92,133.96,123.68,125.33,134.37,115.6,103.12,108.85,108.59,121.26,123.57,95.7,143.2,120.02,94.27,115.86,111.63,122.48,113.61,149.53,126.68,108.29,112.76,122.93,124.06,119.58,122.67,121.13,121.83,116.09,130.68