날짜,산지매입가_생계유통(대),산지매입가_위탁생계(중),도매(10호),도매(전체),소매가
2025-01-08,"2,005","1,607","3,630","3,586","5,754"
2025-01-07,"2,005","1,642","3,590","3,668","5,754"
2025-01-06,"2,000","1,626","3,694","3,609","5,754"
2025-01-03,"2,000","1,625","3,698","3,725","5,638"
2025-01-02,"1,900","1,651","3,787","3,598","5,403"
2024-12-31,"1,800","1,640","3,588","3,575","5,384"
2024-12-30,"1,700","1,648","3,429","3,305","5,384"
2024-12-27,"1,600","1,673","3,500","3,272","5,383"
2024-12-26,"1,700","1,648","3,494","3,378","5,393"
2024-12-24,"1,700","1,655","3,505","3,351","5,460"
2024-12-23,"1,600","1,645","3,440","3,092","5,471"
2024-12-20,"1,665","1,646","3,510","3,257","5,390"
2024-12-19,"1,800","1,646","3,496","3,431","5,329"
2024-12-18,"1,778","1,649","3,483","3,369","5,274"
2024-12-17,"1,681","1,642","3,440","3,405","5,292"
2024-12-16,"1,600","1,642","3,389","3,215","5,335"
2024-12-13,"1,500","1,654","3,233","3,089","5,271"
2024-12-12,"1,300","1,644","3,227","2,891","5,242"
2024-12-11,"1,300","1,636","3,395","2,720","5,307"
2024-12-10,"1,400","1,641","3,421","2,879","5,293"
2024-12-09,"1,600","1,645","3,410","3,173","5,318"
2024-12-06,"1,650","1,649","3,497","3,302","5,226"
2024-12-05,"1,700","1,571","3,549","3,411","5,167"
2024-12-04,"1,700","1,627","3,511","3,364","5,221"
2024-12-03,"1,600","1,626","3,380","3,256","5,274"
2024-12-02,"1,400","1,640","3,359","2,984","5,312"
2024-11-29,"1,259","1,698","3,069","2,827","5,204"
2024-11-28,"1,200","1,633","2,878","2,540","5,210"
2024-11-27,"1,200","1,630","2,985","2,599","5,108"
2024-11-26,"1,300","1,634","3,131","2,706","5,108"
2024-11-25,"1,400","1,623","3,312","2,887","5,108"
2024-11-22,"1,347","1,640","3,311","2,886","4,979"
2024-11-21,"1,231","1,625","3,114","2,857","4,846"
2024-11-20,"1,200","1,615","3,019","2,790","4,922"
2024-11-19,"1,099","1,636","2,810","2,577","4,922"
2024-11-18,"1,000","1,641","2,817","2,281","4,922"
2024-11-15,906,"1,709","2,856","2,342","4,909"
2024-11-14,910,"1,637","2,934","2,419","4,960"
2024-11-13,"1,025","1,609","3,038","2,451","5,192"
2024-11-12,"1,171","1,704","3,178","2,590","5,260"
2024-11-11,"1,268","1,642","3,186","2,763","5,271"
2024-11-08,"1,287","1,635","3,078","2,746","5,243"
2024-11-07,"1,194","1,632","2,986","2,564","5,163"
2024-11-06,"1,097","1,628","2,885","2,433","5,434"
2024-11-05,"1,005","1,632","2,816","2,346","5,439"
2024-11-04,"1,000","1,630","2,860","2,364","5,439"
2024-11-01,"1,000","1,632","2,956","2,494","5,404"
2024-10-31,"1,000","1,660","2,925","2,550","5,391"
2024-10-30,"1,000","1,629","3,009","2,409","5,571"
2024-10-29,"1,055","1,630","2,957","2,422","5,595"
2024-10-28,"1,166","1,637","3,074","2,556","5,630"
2024-10-25,"1,100","1,657","2,978","2,546","5,627"
2024-10-24,"1,220","1,634","3,001","2,540","5,674"
2024-10-23,"1,237","1,634","2,940","2,562","5,787"
2024-10-22,"1,200","1,629","2,991","2,673","5,804"
2024-10-21,"1,264","1,640","3,197","2,639","5,887"
2024-10-18,"1,313","1,622","3,197","2,709","5,768"
2024-10-17,"1,335","1,630","3,166","2,703","5,675"
2024-10-16,"1,434","1,633","3,311","2,964","5,681"
2024-10-15,"1,444","1,640","3,256","2,993","5,798"
2024-10-14,"1,322","1,639","3,338","2,884","5,827"
2024-10-11,"1,444","1,637","3,357","2,968","5,734"
2024-10-10,"1,774","1,682","3,544","3,323","5,862"
2024-10-08,"1,704","1,652","3,408","3,317","5,848"
2024-10-07,"1,617","1,645","3,458","3,177","5,865"
2024-10-04,"1,600","1,633","3,374","2,976","5,880"
2024-10-02,"1,796","1,647","3,464","3,243","5,869"
2024-09-30,"2,027","1,695","3,722","3,660","5,898"
2024-09-27,"2,079","1,656","3,737","3,760","5,844"
2024-09-26,"1,995","1,643","3,608","3,594","5,851"
2024-09-25,"1,892","1,653","3,585","3,506","5,921"
2024-09-24,"1,800","1,642","3,497","3,506","5,940"
2024-09-23,"1,800","1,626","3,526","3,433","5,941"
2024-09-20,"1,800","1,638","3,411","3,405","5,859"
2024-09-19,"1,800","1,692","3,518","3,354","5,867"
2024-09-13,"1,798","1,638","3,509","3,428","5,560"
2024-09-12,"1,701","1,645","3,322","3,240","5,634"
2024-09-11,"1,605","1,644","3,296","3,132","5,655"
2024-09-10,"1,415","1,655","3,211","2,926","5,961"
2024-09-09,"1,254","1,640","3,104","2,649","6,151"
2024-09-06,"1,320","1,635","3,199","2,827","6,027"
2024-09-05,"1,567","1,639","3,722","3,100","5,981"
2024-09-04,"1,600","1,625","3,459","3,394","5,959"
2024-09-03,"1,800","1,633","3,456","3,389","5,927"
2024-09-02,"1,800","1,652","3,560","3,397","5,927"
2024-08-30,"1,700","1,649","3,437","3,255","5,795"
2024-08-29,"1,524","1,692","3,460","3,256","5,851"
2024-08-28,"1,400","1,656","3,555","3,132","5,885"
2024-08-27,"1,400","1,705","3,458","3,099","6,005"
2024-08-26,"1,610","1,644","3,472","3,261","6,019"
2024-08-23,"1,756","1,724","3,599","3,425","5,968"
2024-08-22,"1,900","1,656","3,601","3,464","6,031"
2024-08-21,"1,979","1,662","3,557","3,520","6,035"
2024-08-20,"1,986","1,659","3,452","3,554","6,089"
2024-08-19,"2,000","1,654","3,726","3,623","6,120"
2024-08-16,"2,000","1,664","3,719","3,733","5,985"
2024-08-14,"2,000","1,666","3,719","3,732","5,979"
2024-08-13,"2,000","1,668","3,633","3,750","6,018"
2024-08-12,"2,000","1,661","3,675","3,573","6,069"
2024-08-09,"1,900","1,634","3,532","3,437","6,079"
2024-08-08,"1,800","1,651","3,464","3,349","6,151"
2024-08-07,"1,700","1,624","3,281","3,201","6,091"
2024-08-06,"1,500","1,665","3,265","3,026","6,091"
2024-08-05,"1,315","1,657","3,316","2,850","6,129"
2024-08-02,"1,267","1,717","3,153","2,747","5,982"
2024-08-01,"1,297","1,721","3,110","2,772","5,961"
2024-07-31,"1,187","1,681","3,232","2,846","5,967"
2024-07-30,"1,200","1,674","3,177","2,761","6,031"
2024-07-29,"1,400","1,688","3,330","2,948","6,058"
2024-07-26,"1,500","1,691","3,401","3,108","5,949"
2024-07-25,"1,600","1,684","3,528","3,293","5,968"
2024-07-24,"1,600","1,672","3,493","3,322","5,958"
2024-07-23,"1,500","1,696","3,471","3,360","6,065"
2024-07-22,"1,673","1,681","3,554","3,270","6,081"
2024-07-19,"1,800","1,690","3,622","3,440","5,859"
2024-07-18,"1,900","1,738","3,607","3,605","5,883"
2024-07-17,"2,000","1,717","3,658","3,701","5,898"
2024-07-16,"1,900","1,755","3,646","3,638","5,919"
2024-07-15,"1,778","1,711","3,655","3,635","5,949"
2024-07-12,"1,700","1,804","3,506","3,439","5,851"
2024-07-11,"1,600","1,687","3,399","3,271","5,988"
2024-07-10,"1,496","1,712","3,308","3,126","6,015"
2024-07-09,"1,400","1,713","3,329","3,025","6,057"
2024-07-08,"1,400","1,683","3,327","3,048","6,089"
2024-07-05,"1,600","1,717","3,369","3,129","6,000"
2024-07-04,"1,600","1,722","3,314","3,138","6,010"
2024-07-03,"1,500","1,730","3,318","3,125","6,042"
2024-07-02,"1,400","1,723","3,238","3,024","6,037"
2024-07-01,"1,300","1,772","3,242","2,900","6,073"
2024-06-28,"1,400","1,724","3,276","2,903","5,995"
2024-06-27,"1,400","1,710","3,234","2,956","5,995"
2024-06-26,"1,500","1,725","3,337","3,124","5,944"
2024-06-25,"1,600","1,717","3,407","3,235","5,944"
2024-06-24,"1,700","1,710","3,392","3,201","5,944"
2024-06-21,"1,700","1,753","3,398","3,250","5,685"
2024-06-20,"1,575","1,749","3,302","3,141","5,871"
2024-06-19,"1,500","1,714","3,245","3,042","5,855"
2024-06-18,"1,400","1,701","3,253","2,932","5,944"
2024-06-17,"1,300","1,751","3,181","2,761","6,034"
2024-06-14,"1,300","1,713","3,216","2,830","5,920"
2024-06-13,"1,300","1,724","3,166","2,828","5,922"
2024-06-12,"1,300","1,722","3,193","2,801","5,938"
2024-06-11,"1,323","1,756","3,233","2,903","5,948"
2024-06-10,"1,400","1,707","3,292","3,001","5,907"
2024-06-07,"1,521","1,717","3,375","3,064","5,815"
2024-06-05,"1,498","1,717","3,405","3,103","5,763"
2024-06-04,"1,500","1,755","3,354","3,077","5,756"
2024-06-03,"1,500","1,721","3,370","3,110","5,771"
2024-05-31,"1,623","1,722","3,431","3,184","5,671"
2024-05-30,"1,700","1,796","3,441","3,218","5,781"
2024-05-29,"1,700","1,760","3,442","3,217","5,782"
2024-05-28,"1,600","1,753","3,388","3,116","5,823"
2024-05-27,"1,500","1,723","3,319","2,973","5,836"
2024-05-24,"1,400","1,723","3,238","2,878","5,772"
2024-05-23,"1,300","1,760","3,265","2,829","5,830"
2024-05-22,"1,300","1,730","3,239","2,843","5,873"
2024-05-21,"1,300","1,786","3,295","2,924","5,935"
2024-05-20,"1,400","1,727","3,318","2,981","5,969"
2024-05-17,"1,486","1,704","3,345","3,034","5,832"
2024-05-16,"1,600","1,731","3,399","3,074","5,821"
2024-05-14,"1,500","1,793","3,463","3,129","5,872"
2024-05-13,"1,500","1,736","3,413","3,072","5,657"
2024-05-10,"1,500","1,760","3,420","3,092","5,821"
2024-05-09,"1,570","1,804","3,427","3,112","5,810"
2024-05-08,"1,600","1,774","3,494","3,136","5,838"
2024-05-07,"1,600","1,751","3,557","3,177","5,878"
2024-05-03,"1,600","1,753","3,564","3,247","5,805"
2024-05-02,"1,855","1,758","3,481","3,316","6,004"
2024-04-30,"1,800","1,822","3,536","3,375","5,990"
2024-04-29,"1,900","1,805","3,546","3,407","5,960"
2024-04-26,"1,989","1,787","3,584","3,483","5,855"
2024-04-25,"2,100","1,763","3,592","3,488","5,817"
2024-04-24,"2,000","1,838","3,535","3,401","5,806"
2024-04-23,"1,900","1,805","3,491","3,346","5,663"
2024-04-22,"1,800","1,757","3,465","3,274","5,752"
2024-04-19,"1,800","1,751","3,508","3,321","5,896"
2024-04-18,"1,800","1,744","3,530","3,311","5,924"
2024-04-17,"1,700","1,753","3,579","3,312","6,041"
2024-04-16,"1,700","1,756","3,616","3,334","6,102"
2024-04-15,"1,700","1,756","3,664","3,425","6,119"
2024-04-12,"1,800","1,751","3,606","3,501","5,913"
2024-04-11,"2,000","1,711","3,637","3,548","5,851"
2024-04-09,"2,000","1,756","3,651","3,569","5,948"
2024-04-08,"2,000","1,771","3,615","3,544","6,017"
2024-04-05,"2,000","1,759","3,642","3,515","5,790"
2024-04-04,"2,000","1,788","3,717","3,533","5,834"
2024-04-03,"1,900","1,790","3,654","3,443","5,875"
2024-04-02,"1,797","1,776","3,623","3,400","5,875"
2024-04-01,"1,697","1,785","3,615","3,352","5,886"
2024-03-29,"1,721","1,796","3,635","3,383","5,768"
2024-03-28,"1,786","1,818","3,604","3,456","5,915"
2024-03-27,"1,900","1,780","3,637","3,509","5,895"
2024-03-26,"1,900","1,789","3,672","3,542","5,895"
2024-03-25,"1,983","1,793","3,685","3,535","5,895"
2024-03-22,"2,000","1,787","3,705","3,580","5,816"
2024-03-21,"1,900","1,792","3,676","3,490","5,813"
2024-03-20,"1,792","1,791","3,636","3,412","5,792"
2024-03-19,"1,700","1,796","3,583","3,290","5,863"
2024-03-18,"1,546","1,794","3,530","3,191","5,900"
2024-03-15,"1,500","1,791","3,459","3,111","5,943"
2024-03-14,"1,500","1,783","3,394","2,984","5,973"
2024-03-13,"1,500","1,800","3,461","3,056","6,030"
2024-03-12,"1,600","1,824","3,523","3,170","6,044"
2024-03-11,"1,800","1,791","3,615","3,300","6,048"
2024-03-08,"1,900","1,857","3,626","3,424","5,758"
2024-03-07,"1,800","1,791","3,603","3,400","5,769"
2024-03-06,"1,800","1,797","3,592","3,379","5,769"
2024-03-05,"1,700","1,802","3,506","3,238","5,769"
2024-03-04,"1,582","1,824","3,387","3,086","5,769"
2024-02-29,"1,684","1,810","3,453","3,223","5,752"
2024-02-28,"1,700","1,870","3,461","3,227","5,752"
2024-02-27,"1,593","1,809","3,408","3,093","5,772"
2024-02-26,"1,400","1,802","3,435","3,089","5,786"
2024-02-23,"1,558","1,806","3,505","3,124","5,786"
2024-02-22,"1,694","1,805","3,507","3,219","5,819"
2024-02-21,"1,800","1,802","3,590","3,334","5,813"
2024-02-20,"1,944","1,804","3,647","3,481","5,813"
2024-02-19,"2,036","1,806","3,694","3,575","5,813"
2024-02-16,"2,100","1,806","3,715","3,640","5,771"
2024-02-15,"2,100","1,793","3,771","3,633","5,767"
2024-02-14,"2,000","1,818","3,687","3,546","5,698"
2024-02-13,"1,900","1,752","3,609","3,401","5,698"
2024-02-08,"1,793","1,809","3,548","3,363","5,698"
2024-02-07,"1,696","1,804","3,479","3,279","5,641"
2024-02-06,"1,602","1,810","3,428","3,177","5,615"
2024-02-05,"1,600","1,790","3,426","3,107","5,615"
2024-02-02,"1,600","1,801","3,416","3,131","5,615"
2024-02-01,"1,595","1,794","3,367","3,073","5,615"
2024-01-31,"1,500","1,795","3,281","2,905","5,625"
2024-01-30,"1,400","1,807","3,186","2,857","5,625"
2024-01-29,"1,342","1,795","3,205","2,820","5,625"
2024-01-26,"1,400","1,797","3,226","2,890","5,625"
2024-01-25,"1,500","1,808","3,240","2,923","5,630"
2024-01-24,"1,500","1,807","3,244","3,008","5,634"
2024-01-23,"1,400","1,815","3,169","2,879","5,631"
2024-01-22,"1,300","1,793","3,132","2,783","5,631"
2024-01-19,"1,200","1,779","3,212","2,755","5,573"
2024-01-18,"1,200","1,788","3,205","2,716","5,687"
2024-01-17,"1,200","1,784","3,250","2,660","5,827"
2024-01-16,"1,300","1,804","3,343","2,763","5,686"
2024-01-15,"1,400","1,805","3,390","2,958","5,686"
2024-01-12,"1,500","1,787","3,332","2,979","5,679"
2024-01-11,"1,400","1,788","3,322","2,852","5,680"
2024-01-10,"1,300","1,805","3,316","2,789","5,720"
2024-01-09,"1,238","1,804","3,303","2,797","5,720"
2024-01-08,"1,339","1,812","3,395","2,881","5,746"
2024-01-05,"1,400","1,800","3,473","3,008","5,763"
2024-01-04,"1,500","1,807","3,513","3,100","5,755"
2024-01-03,"1,607","1,756","3,574","3,213","5,755"
2024-01-02,"1,800","1,769","3,591","3,326","5,741"
2023-12-29,"1,800","1,763","3,604","3,435","5,741"
2023-12-28,"1,800","1,780","3,601","3,413","5,744"
2023-12-27,"1,700","1,763","3,557","3,331","5,757"
2023-12-26,"1,600","1,779","3,472","3,134","5,727"
2023-12-22,"1,500","1,761","3,424","3,048","5,730"
2023-12-21,"1,318","1,770","3,383","2,974","5,722"
2023-12-20,"1,319","1,762","3,295","2,833","5,722"
2023-12-19,"1,233","1,774","3,289","2,821","5,722"
2023-12-18,"1,218","1,763","3,294","2,845","5,736"
2023-12-15,"1,238","1,768","3,272","2,791","5,720"
2023-12-14,"1,300","1,771","3,347","2,878","5,718"
2023-12-13,"1,315","1,757","3,334","2,877","5,718"
2023-12-12,"1,400","1,773","3,395","2,985","5,739"
2023-12-11,"1,450","1,750","3,414","3,023","5,772"
2023-12-08,"1,429","1,731","3,405","3,121","5,784"
2023-12-07,"1,424","1,782","3,377","2,961","5,874"
2023-12-06,"1,440","1,762","3,440","2,938","5,798"
2023-12-05,"1,502","1,753","3,391","2,976","5,794"
2023-12-04,"1,587","1,743","3,405","3,015","5,796"
2023-12-01,"1,649","1,800","3,498","3,091","5,791"
2023-11-30,"1,717","1,743","3,564","3,193","5,794"
2023-11-29,"1,800","1,739","3,548","3,296","5,763"
2023-11-28,"1,800","1,797","3,568","3,383","5,758"
2023-11-27,"1,800","1,764","3,582","3,358","5,746"
2023-11-24,"1,700","1,799","3,512","3,278","5,746"
2023-11-23,"1,600","1,744","3,417","3,105","5,788"
2023-11-22,"1,505","1,773","3,442","3,123","5,788"
2023-11-21,"1,511","1,815","3,432","3,113","5,784"
2023-11-20,"1,524","1,795","3,486","3,096","5,784"
2023-11-17,"1,518","1,802","3,446","3,105","5,784"
2023-11-16,"1,573","1,749","3,402","3,102","5,822"
2023-11-15,"1,505","1,746","3,362","3,090","5,825"
2023-11-14,"1,507","1,746","3,365","3,137","5,829"
2023-11-13,"1,525","1,812","3,432","3,081","5,841"
2023-11-10,"1,524","1,816","3,388","3,053","5,838"
2023-11-09,"1,517","1,813","3,351","3,022","5,801"
2023-11-08,"1,500","1,761","3,333","3,068","5,801"
2023-11-07,"1,511","1,767","3,342","3,067","5,921"
2023-11-06,"1,560","1,772","3,400","3,132","5,944"
2023-11-03,"1,500","1,774","3,405","3,192","5,975"
2023-11-02,"1,500","1,772","3,348","3,098","6,023"
2023-11-01,"1,489","1,770","3,320","3,120","6,038"
2023-10-31,"1,470","1,802","3,368","3,174","6,088"
2023-10-30,"1,500","1,803","3,461","3,057","6,088"
2023-10-27,"1,509","1,805","3,443","3,131","6,143"
2023-10-26,"1,603","1,801","3,506","3,258","6,172"
2023-10-25,"1,694","1,808","3,411","3,213","6,195"
2023-10-24,"1,699","1,795","3,534","3,345","6,160"
2023-10-23,"1,699","1,799","3,557","3,379","6,152"
2023-10-20,"1,700","1,805","3,497","3,303","6,143"
2023-10-19,"1,700","1,803","3,532","3,362","6,153"
2023-10-18,"1,698","1,795","3,594","3,389","6,153"
2023-10-17,"1,809","1,769","3,667","3,532","6,153"
2023-10-16,"1,903","1,770","3,664","3,607","6,154"
2023-10-13,"2,000","1,801","3,747","3,685","6,156"
2023-10-12,"2,100","1,802","3,689","3,751","6,164"
2023-10-11,"2,093","1,771","3,713","3,771","6,175"
2023-10-10,"2,000","1,811","3,640","3,645","6,166"
2023-10-06,"1,876","1,776","3,553","3,459","6,202"
2023-10-05,"1,775","1,774","3,643","3,257","6,119"
2023-10-04,"1,500","1,773","3,638","3,099","6,095"
2023-09-27,"1,504","1,772","3,583","3,172","6,103"
2023-09-26,"1,600","1,772","3,591","3,252","6,058"
2023-09-25,"1,707","1,814","3,673","3,388","6,058"
2023-09-22,"1,800","1,815","3,617","3,352","6,048"
2023-09-21,"1,800","1,776","3,666","3,416","6,064"
2023-09-20,"1,793","1,783","3,692","3,390","6,044"
2023-09-19,"1,800","1,809","3,659","3,491","6,044"
2023-09-18,"1,795","1,783","3,691","3,427","6,057"
2023-09-15,"1,700","1,776","3,611","3,293","6,057"
2023-09-14,"1,600","1,777","3,610","3,283","6,123"
2023-09-13,"1,488","1,776","3,626","3,252","6,078"
2023-09-12,"1,511","1,782","3,672","3,232","6,069"
2023-09-11,"1,606","1,813","3,741","3,308","6,165"
2023-09-08,"1,700","1,776","3,797","3,421","6,190"
2023-09-07,"1,809","1,775","3,807","3,503","6,173"
2023-09-06,"1,889","1,762","3,826","3,544","6,173"
2023-09-05,"1,888","1,779","3,877","3,643","6,213"
2023-09-04,"1,951","1,819","3,903","3,679","6,210"
2023-09-01,"1,979","1,762","3,875","3,680","6,210"
2023-08-31,"2,091","1,764","3,882","3,766","6,238"
2023-08-30,"2,276","1,764","3,929","3,812","6,294"
2023-08-29,"2,300","1,763","3,926","3,870","6,294"
2023-08-28,"2,300","1,821","3,912","3,876","6,295"
2023-08-25,"2,268","1,819","3,951","3,844","6,247"
2023-08-24,"2,200","1,781","3,969","3,868","6,192"
2023-08-23,"2,200","1,828","3,877","3,877","6,165"
2023-08-22,"2,200","1,815","3,910","3,878","6,189"
2023-08-21,"2,300","1,815","4,000","3,958","6,189"
2023-08-18,"2,400","1,826","3,930","4,086","6,192"
2023-08-17,"2,500","1,760","3,986","4,052","6,113"
2023-08-16,"2,500","1,814","3,990","4,112","6,126"
2023-08-14,"2,500","1,761","4,027","4,139","6,123"
2023-08-11,"2,500","1,783","4,066","4,155","6,156"
2023-08-10,"2,480","1,776","4,032","4,182","6,110"
2023-08-09,"2,500","1,824","4,011","4,107","6,118"
2023-08-08,"2,369","1,793","4,001","4,129","6,147"
2023-08-07,"2,247","1,806","3,947","3,948","6,151"
2023-08-04,"2,200","1,778","3,939","3,891","6,318"
2023-08-03,"2,054","1,763","3,918","3,828","6,318"
2023-08-02,"2,000","1,778","3,904","3,781","6,318"
2023-08-01,"1,979","1,769","3,890","3,741","6,349"
2023-07-31,"2,000","1,851","3,928","3,658","6,384"
2023-07-28,"2,000","1,841","3,875","3,688","6,384"
2023-07-27,"2,057","1,775","3,840","3,731","6,372"
2023-07-26,"2,100","1,767","3,867","3,774","6,362"
2023-07-25,"2,198","1,790","3,821","3,953","6,354"
2023-07-24,"2,273","1,775","4,091","4,057","6,351"
2023-07-21,"2,294","1,780","3,969","4,110","6,362"
2023-07-20,"2,397","1,846","4,079","4,279","6,362"
2023-07-19,"2,400","1,844","4,106","4,224","6,356"
2023-07-18,"2,400","1,841","4,080","4,242","6,356"
2023-07-17,"2,463","1,846","4,060","4,217","6,356"
2023-07-14,"2,600","1,818","4,136","4,236","6,336"
2023-07-13,"2,700","1,818","3,955","4,239","6,347"
2023-07-12,"2,700","1,858","4,220","4,426","6,420"
2023-07-11,"2,686","1,828","4,185","4,445","6,420"
2023-07-10,"2,578","1,861","4,235","4,357","6,422"
2023-07-07,"2,500","1,882","4,184","4,262","6,364"
2023-07-06,"2,400","1,835","4,024","4,168","6,360"
2023-07-05,"2,296","1,842","4,081","4,122","6,259"
2023-07-04,"2,200","1,845","3,868","4,038","6,253"
2023-07-03,"2,100","1,869","3,895","3,802","6,253"
2023-06-30,"2,000","1,868","3,840","3,753","6,271"
2023-06-29,"2,028","1,815","3,694","3,755","6,193"
2023-06-28,"2,079","1,869","3,877","3,774","6,197"
2023-06-27,"2,100","1,870","3,735","3,854","6,189"
2023-06-26,"2,195","1,847","3,843","3,794","6,191"
2023-06-23,"2,200","1,870","3,812","3,952","6,392"
2023-06-22,"2,300","1,841","3,774","3,995","6,395"
2023-06-21,"2,300","1,867","3,826","3,976","6,430"
2023-06-20,"2,300","1,840","3,902","4,030","6,590"
2023-06-19,"2,200","1,872","3,921","3,908","6,590"
2023-06-16,"2,191","1,868","3,834","3,958","6,568"
2023-06-15,"2,200","1,882","3,828","3,866","6,568"
2023-06-14,"2,200","1,874","3,862","3,920","6,568"
2023-06-13,"2,300","1,858","3,844","4,013","6,556"
2023-06-12,"2,413","1,873","4,061","4,086","6,551"
2023-06-09,"2,500","1,866","3,928","4,149","6,547"
2023-06-08,"2,500","1,852","3,914","4,154","6,539"
2023-06-07,"2,399","1,890","3,925","4,214","6,379"
2023-06-05,"2,279","1,869","3,939","4,016","6,379"
2023-06-02,"2,289","1,872","3,943","3,979","6,377"
2023-06-01,"2,388","1,860","3,917","3,971","6,539"
2023-05-31,"2,497","1,864","3,888","4,118","6,547"
2023-05-30,"2,700","1,891","4,032","4,152","6,547"
2023-05-26,"2,700","1,886","4,010","4,224","6,533"
2023-05-25,"2,700","1,874","3,969","4,280","6,493"
2023-05-24,"2,600","1,874","4,026","4,232","6,493"
2023-05-23,"2,500","1,869","3,942","4,185","6,483"
2023-05-22,"2,400","1,872","4,014","4,047","6,480"
2023-05-19,"2,396","1,882","3,975","4,018","6,214"
2023-05-18,"2,400","1,868","3,949","4,068","6,229"
2023-05-17,"2,400","1,871","3,929","4,051","6,190"
2023-05-16,"2,400","1,874","3,800","4,081","6,175"
2023-05-15,"2,400","1,881","3,914","3,991","6,174"
2023-05-12,"2,491","1,874","3,911","4,061","6,451"
2023-05-11,"2,600","1,864","3,914","4,166","6,451"
2023-05-10,"2,600","1,865","3,886","4,171","6,450"
2023-05-09,"2,500","1,882","3,888","4,186","6,450"
2023-05-08,"2,400","1,886","3,906","3,991","6,450"
2023-05-04,"2,400","1,888","3,875","4,054","6,368"
2023-05-03,"2,400","1,898","3,884","3,998","6,364"
2023-05-02,"2,245","1,919","3,872","3,786","6,364"
2023-04-28,"2,348","1,916","3,800","3,953","6,246"
2023-04-27,"2,448","1,906","3,743","3,996","6,246"
2023-04-26,"2,539","1,912","3,831","4,150","6,242"
2023-04-25,"2,565","1,916","3,837","4,208","6,242"
2023-04-24,"2,600","1,913","4,024","4,272","6,161"
2023-04-21,"2,600","1,913","3,872","4,176","6,137"
2023-04-20,"2,500","1,910","3,817","4,145","6,120"
2023-04-19,"2,400","1,917","3,889","4,073","6,120"
2023-04-18,"2,300","1,906","3,818","4,020","6,143"
2023-04-17,"2,193","1,890","3,893","3,949","6,138"
2023-04-14,"2,200","1,915","3,822","3,898","6,131"
2023-04-13,"2,200","1,873","3,866","3,905","6,136"
2023-04-12,"2,211","1,890","3,727","3,927","6,136"
2023-04-11,"2,253","1,912","3,749","3,895","6,150"
2023-04-10,"2,449","1,903","3,842","3,957","6,150"
2023-04-07,"2,576","1,914","3,889","4,046","6,113"
2023-04-06,"2,650","1,893","3,832","4,186","6,143"
2023-04-05,"2,672","1,841","3,932","4,238","6,143"
2023-04-04,"2,682","1,840","3,948","4,241","6,143"
2023-04-03,"2,700","1,894","4,011","4,212","6,143"
2023-03-31,"2,695","1,893","3,981","4,245","6,081"
2023-03-30,"2,600","1,913","4,025","4,194","6,075"
2023-03-29,"2,500","1,893","3,988","4,094","6,071"
2023-03-28,"2,398","1,891","3,865","4,053","6,105"
2023-03-27,"2,326","1,891","4,005","3,913","6,105"
2023-03-24,"2,339","1,917","3,978","3,927","6,052"
2023-03-23,"2,436","1,888","3,937","4,082","6,052"
2023-03-22,"2,456","1,867","3,938","4,135","6,069"
2023-03-21,"2,583","1,893","3,858","4,225","6,068"
2023-03-20,"2,692","1,859","4,044","4,244","6,060"
2023-03-17,"2,675","1,917","4,122","4,204","6,031"
2023-03-16,"2,683","1,901","4,273","4,257","6,023"
2023-03-15,"2,700","1,897","4,132","4,241","6,023"
2023-03-14,"2,671","1,901","4,065","4,357","6,008"
2023-03-13,"2,693","1,904","4,086","4,283","6,008"
2023-03-10,"2,700","1,867","4,010","4,265","5,996"
2023-03-09,"2,700","1,870","3,984","4,247","5,954"
2023-03-08,"2,700","1,906","3,882","4,305","5,954"
2023-03-07,"2,594","1,850","3,913","4,250","5,954"
2023-03-06,"2,500","1,923","4,019","4,195","5,954"
2023-03-03,"2,400","1,898","3,888","4,072","5,924"
2023-03-02,"2,300","1,967","3,755","3,973","5,924"
2023-02-28,"2,200","1,935","3,815","3,934","5,935"
2023-02-27,"2,100","1,924","3,791","3,884","5,950"
2023-02-24,"2,000","1,941","3,697","3,725","5,917"
2023-02-23,"1,900","1,922","3,698","3,564","5,951"
2023-02-22,"1,800","1,928","3,552","3,513","5,951"
2023-02-21,"1,700","1,921","3,513","3,381","5,952"
2023-02-20,"1,592","1,935","3,584","3,266","5,961"
2023-02-17,"1,560","1,941","3,459","3,150","5,968"
2023-02-16,"1,664","1,946","3,500","3,275","5,933"
2023-02-15,"1,777","1,925","3,536","3,394","5,972"
2023-02-14,"1,868","1,932","3,684","3,491","5,972"
2023-02-13,"1,894","1,933","3,711","3,553","5,971"
2023-02-10,"2,000","1,936","3,666","3,629","5,878"
2023-02-09,"2,088","1,935","3,686","3,686","5,878"
2023-02-08,"2,080","1,931","3,769","3,746","5,853"
2023-02-07,"2,097","1,888","3,779","3,823","5,853"
2023-02-06,"2,200","1,913","3,900","3,794","5,853"
2023-02-03,"2,200","1,913","3,755","3,848","5,858"
2023-02-02,"2,090","1,905","3,748","3,788","5,837"
2023-02-01,"2,000","1,951","3,667","3,638","6,005"
2023-01-31,"1,900","1,941","3,693","3,651","5,998"
2023-01-30,"1,800","1,937","3,711","3,469","5,976"
2023-01-27,"1,700","1,947","3,514","3,328","5,999"
2023-01-26,"1,600","1,933","3,541","3,317","5,995"
2023-01-25,"1,500","1,913","3,685","3,313","5,987"
2023-01-20,"1,500","1,927","3,639","3,192","6,017"
2023-01-19,"1,484","1,889","3,489","3,194","5,725"
2023-01-18,"1,500","1,948","3,457","3,201","5,725"
2023-01-17,"1,460","1,951","3,521","3,151","5,725"
2023-01-16,"1,497","1,953","3,570","3,106","5,748"
2023-01-13,"1,500","1,912","3,633","3,197","5,756"
2023-01-12,"1,527","1,954","3,506","3,192","5,755"
2023-01-11,"1,577","1,957","3,572","3,320","5,581"
2023-01-10,"1,691","1,971","3,567","3,317","5,581"
2023-01-09,"1,696","1,944","3,568","3,395","5,606"
2023-01-06,"1,796","1,934","3,655","3,383","5,619"
2023-01-05,"1,869","1,925","3,625","3,502","5,602"
2023-01-04,"2,000","1,917","3,622","3,600","5,602"
2023-01-03,"2,090","1,857","3,632","3,608","5,602"
2023-01-02,"2,120","1,900","3,935","3,863","5,602"
2022-12-30,"2,224","1,910","3,843","3,831","5,602"
2022-12-29,"2,300","1,919","3,828","3,888","5,602"
2022-12-28,"2,335","1,914","3,775","3,975","5,538"
2022-12-27,"2,340","1,909","3,865","4,046","5,538"
2022-12-26,"2,344","1,908","3,944","4,052","5,541"
2022-12-23,"2,330","1,904","3,883","4,040","5,525"
2022-12-22,"2,327","1,911","3,797","3,988","5,500"
2022-12-21,"2,317","1,908","3,781","3,924","5,486"
2022-12-20,"2,381","1,912","3,760","3,885","5,486"
2022-12-19,"2,500","1,913","3,884","3,988","5,486"
2022-12-16,"2,500","1,914","3,863","4,006","5,486"
2022-12-15,"2,600","1,914","3,847","4,045","5,452"
2022-12-14,"2,700","1,914","3,942","4,103","5,452"
2022-12-13,"2,700","1,906","4,030","4,221","5,437"
2022-12-12,"2,700","1,886","4,012","4,182","5,434"
2022-12-09,"2,573","1,896","3,882","4,164","5,418"
2022-12-08,"2,500","1,913","3,861","4,129","5,418"
2022-12-07,"2,499","1,897","3,848","4,076","5,385"
2022-12-06,"2,500","1,884","3,796","4,146","5,385"
2022-12-05,"2,500","1,851","3,864","4,064","5,385"
2022-12-02,"2,400","1,803","3,853","4,017","5,385"
2022-12-01,"2,300","1,860","3,747","3,863","5,429"
2022-11-30,"2,169","1,872","3,732","3,824","5,424"
2022-11-29,"2,086","1,869","3,740","3,808","5,416"
2022-11-28,"2,100","1,872","3,752","3,716","5,416"
2022-11-25,"2,100","1,865","3,644","3,610","5,382"
2022-11-24,"2,097","1,894","3,501","3,627","5,343"
2022-11-23,"2,079","1,877","3,677","3,696","5,300"
2022-11-22,"1,983","1,885","3,660","3,609","5,291"
2022-11-21,"1,964","1,856","3,754","3,655","5,444"
2022-11-18,"1,968","1,874","3,819","3,651","5,410"
2022-11-17,"2,000","1,875","3,645","3,593","5,434"
2022-11-16,"1,900","1,873","3,567","3,478","5,420"
2022-11-15,"1,800","1,868","3,528","3,322","5,410"
2022-11-14,"1,745","1,857","3,590","3,371","5,393"
2022-11-11,"1,823","1,868","3,587","3,392","5,350"
2022-11-10,"1,880","1,859","3,636","3,429","5,347"
2022-11-09,"1,887","1,863","3,588","3,422","5,347"
2022-11-08,"1,889","1,851","3,590","3,534","5,352"
2022-11-07,"1,886","1,859","3,638","3,432","5,367"
2022-11-04,"1,900","1,770","3,567","3,440","5,386"
2022-11-03,"1,800","1,806","3,559","3,422","5,387"
2022-11-02,"1,700","1,795","3,492","3,258","5,389"
2022-11-01,"1,595","1,826","3,425","3,168","5,389"
2022-10-31,"1,500","1,824","3,424","3,072","5,375"
2022-10-28,"1,500","1,826","3,469","3,070","5,375"
2022-10-27,"1,500","1,829","3,384","3,028","5,375"
2022-10-26,"1,461","1,824","3,416","3,027","5,353"
2022-10-25,"1,457","1,829","3,338","3,039","5,337"
2022-10-24,"1,487","1,831","3,504","3,080","5,357"
2022-10-21,"1,585","1,814","3,617","3,201","5,372"
2022-10-20,"1,588","1,821","3,485","3,212","5,372"
2022-10-19,"1,580","1,832","3,500","3,236","5,405"
2022-10-18,"1,581","1,831","3,523","3,239","5,405"
2022-10-17,"1,697","1,832","3,603","3,277","5,393"
2022-10-14,"1,695","1,835","3,551","3,305","5,386"
2022-10-13,"1,600","1,831","3,467","3,224","5,348"
2022-10-12,"1,441","1,823","3,323","3,059","5,348"
2022-10-11,"1,253","1,804","3,236","2,798","5,348"
2022-10-07,"1,284","1,816","3,243","2,843","5,352"
2022-10-06,"1,298","1,746","3,229","2,776","5,331"
2022-10-05,"1,289","1,745","3,294","2,809","5,347"
2022-10-04,"1,498","1,814","3,373","3,037","5,347"
2022-09-30,"1,491","1,813","3,249","2,896","5,331"
2022-09-29,"1,400","1,809","3,339","2,978","5,382"
2022-09-28,"1,300","1,800","3,290","2,820","5,360"
2022-09-27,"1,200","1,802","3,163","2,665","5,363"
2022-09-26,"1,100","1,794","3,297","2,699","5,363"
2022-09-23,"1,098","1,780","3,089","2,573","5,466"
2022-09-22,"1,114","1,808","3,080","2,547","5,467"
2022-09-21,"1,178","1,805","3,260","2,624","5,488"
2022-09-20,"1,180","1,813","3,211","2,664","5,504"
2022-09-19,"1,300","1,795","3,385","2,796","5,520"
2022-09-16,"1,278","1,808","3,335","2,831","5,569"
2022-09-15,"1,300","1,826","3,295","2,878","5,556"
2022-09-14,"1,300","1,811","3,349","2,995","5,588"
2022-09-13,"1,292","1,724","3,298","2,932","5,591"
2022-09-08,"1,308","1,791","3,374","2,987","5,587"
2022-09-07,"1,310","1,793","3,277","2,923","5,590"
2022-09-06,"1,350","1,776","3,269","2,951","5,606"
2022-09-05,"1,449","1,728","3,197","2,894","5,617"
2022-09-02,"1,378","1,717","3,286","2,910","5,601"
2022-09-01,"1,391","1,777","3,335","2,947","5,601"
2022-08-31,"1,362","1,779","3,313","2,929","5,601"
2022-08-30,"1,362","1,790","3,407","3,010","5,601"
2022-08-29,"1,369","1,776","3,430","3,026","5,601"
2022-08-26,"1,556","1,784","3,434","3,077","5,622"
2022-08-25,"1,495","1,782","3,355","3,045","5,636"
2022-08-24,"1,613","1,778","3,397","3,153","5,642"
2022-08-23,"1,600","1,779","3,475","3,235","5,657"
2022-08-22,"1,698","1,774","3,611","3,364","5,664"
2022-08-19,"1,757","1,780","3,573","3,382","5,680"
2022-08-18,"1,750","1,774","3,524","3,359","5,666"
2022-08-17,"1,800","1,779","3,752","3,479","5,611"
2022-08-16,"1,676","1,783","3,680","3,455","5,611"
2022-08-12,"1,707","1,779","3,478","3,351","5,639"
2022-08-11,"1,684","1,770","3,561","3,344","5,680"
2022-08-10,"1,690","1,779","3,511","3,278","5,683"
2022-08-09,"1,690","1,775","3,507","3,370","5,721"
2022-08-08,"1,763","1,771","3,577","3,370","5,690"
2022-08-05,"1,749","1,775","3,516","3,318","5,697"
2022-08-04,"1,762","1,728","3,527","3,359","5,643"
2022-08-03,"1,800","1,730","3,442","3,323","5,644"
2022-08-02,"1,753","1,719","3,517","3,420","5,664"
2022-08-01,"1,704","1,733","3,545","3,313","5,728"
2022-07-29,"1,623","1,762","3,493","3,323","5,742"
2022-07-28,"1,626","1,769","3,508","3,279","5,676"
2022-07-27,"1,695","1,735","3,579","3,349","5,670"
2022-07-26,"1,785","1,718","3,665","3,498","5,670"
2022-07-25,"1,866","1,768","3,689","3,528","5,680"
2022-07-22,"1,978","1,769","3,695","3,692","5,685"
2022-07-21,"2,089","1,771","3,688","3,730","5,707"
2022-07-20,"2,175","1,740","3,710","3,852","5,698"
2022-07-19,"2,283","1,765","3,849","3,949","5,683"
2022-07-18,"2,245","1,707","3,962","4,039","5,689"
2022-07-15,"2,271","1,773","3,951","4,064","5,681"
2022-07-14,"2,298","1,745","3,873","4,010","5,662"
2022-07-13,"2,300","1,744","3,914","3,959","5,673"
2022-07-12,"2,300","1,737","3,813","3,931","5,658"
2022-07-11,"2,283","1,741","3,798","3,920","5,682"
2022-07-08,"2,300","1,746","3,847","3,901","5,609"
2022-07-07,"2,300","1,736","3,863","3,879","5,584"
2022-07-06,"2,050","1,788","3,659","3,790","5,584"
2022-07-05,"2,094","1,743","3,748","3,705","5,676"
2022-07-04,"2,095","1,695","3,690","3,654","5,677"
2022-07-01,"2,100","1,693","3,678","3,687","5,633"
2022-06-30,"2,100","1,733","3,670","3,620","5,655"
2022-06-29,"2,100","1,730","3,589","3,603","5,666"
2022-06-28,"2,006","1,721","3,574","3,687","5,674"
2022-06-27,"2,004","1,735","3,705","3,635","5,663"
2022-06-24,"2,097","1,732","3,622","3,629","5,584"
2022-06-23,"2,100","1,735","3,666","3,618","5,584"
2022-06-22,"2,100","1,702","3,603","3,632","5,596"
2022-06-21,"2,087","1,708","3,676","3,677","5,569"
2022-06-20,"2,100","1,696","3,718","3,707","5,569"
2022-06-17,"1,946","1,702","3,726","3,593","5,550"
2022-06-16,"1,853","1,701","3,667","3,573","5,550"
2022-06-15,"1,795","1,704","3,608","3,416","5,550"
2022-06-14,"1,687","1,705","3,516","3,358","5,540"
2022-06-13,"1,697","1,693","3,479","3,306","5,585"
2022-06-10,"1,694","1,677","3,543","3,309","5,912"
2022-06-09,"1,700","1,683","3,506","3,318","5,921"
2022-06-08,"1,692","1,707","3,486","3,335","5,921"
2022-06-07,"1,700","1,680","3,421","3,249","5,932"
2022-06-03,"1,596","1,689","3,397","3,157","5,968"
2022-06-02,"1,473","1,666","3,328","3,067","5,968"
2022-05-31,"1,522","1,665","3,367","3,103","5,968"
2022-05-30,"1,571","1,667","3,545","3,097","5,978"
2022-05-27,"1,693","1,676","3,524","3,242","5,992"
2022-05-26,"1,790","1,679","3,549","3,286","6,002"
2022-05-25,"1,800","1,663","3,560","3,391","6,005"
2022-05-24,"1,735","1,665","3,572","3,394","6,026"
2022-05-23,"1,687","1,645","3,455","3,265","6,032"
2022-05-20,"1,584","1,665","3,406","3,146","6,068"
2022-05-19,"1,504","1,660","3,323","3,057","6,095"
2022-05-18,"1,480","1,659","3,384","2,984","6,048"
2022-05-17,"1,485","1,662","3,253","3,003","6,084"
2022-05-16,"1,575","1,663","3,415","3,100","6,155"
2022-05-13,"1,680","1,662","3,471","3,241","6,131"
2022-05-12,"1,794","1,649","3,527","3,337","6,103"
2022-05-11,"1,750","1,666","3,547","3,284","6,102"
2022-05-10,"1,765","1,666","3,488","3,355","6,102"
2022-05-09,"1,919","1,679","3,529","3,486","6,097"
2022-05-06,"2,100","1,671","3,609","3,653","6,226"
2022-05-04,"2,100","1,658","3,554","3,628","6,253"
2022-05-03,"2,000","1,656","3,575","3,566","6,244"
2022-05-02,"1,991","1,675","3,574","3,581","6,244"
2022-04-29,"1,888","1,675","3,549","3,486","6,283"
2022-04-28,"1,792","1,673","3,533","3,388","6,310"
2022-04-27,"1,696","1,672","3,488","3,338","6,314"
2022-04-26,"1,660","1,691","3,474","3,267","6,293"
2022-04-25,"1,733","1,668","3,481","3,266","6,293"
2022-04-22,"1,800","1,676","3,542","3,383","6,255"
2022-04-21,"1,900","1,693","3,641","3,490","6,132"
2022-04-20,"1,892","1,661","3,490","3,459","6,119"
2022-04-19,"1,890","1,693","3,469","3,462","6,047"
2022-04-18,"2,000","1,697","3,605","3,587","5,964"
2022-04-15,"2,000","1,699","3,493","3,473","6,542"
2022-04-14,"2,000","1,700","3,526","3,560","6,425"
2022-04-13,"2,000","1,700","3,519","3,401","6,418"
2022-04-12,"2,005","1,668","3,481","3,502","6,241"
2022-04-11,"2,112","1,668","3,642","3,621","6,241"
2022-04-08,"2,200","1,681","3,615","3,676","6,201"
2022-04-07,"2,276","1,694","3,630","3,824","6,187"
2022-04-06,"2,385","1,657","3,667","3,868","6,187"
2022-04-05,"2,400","1,655","3,733","3,960","6,178"
2022-04-04,"2,400","1,690","3,894","3,964","6,172"
2022-04-01,"2,400","1,652","3,581","3,834","6,167"
2022-03-31,"2,400","1,685","3,672","3,865","6,158"
2022-03-30,"2,286","1,651","3,694","3,770","6,132"
2022-03-29,"2,300","1,645","3,752","3,765","6,120"
2022-03-28,"2,299","1,657","3,749","3,759","6,120"
2022-03-25,"2,200","1,687","3,705","3,706","6,091"
2022-03-24,"2,100","1,695","3,648","3,591","6,064"
2022-03-23,"2,000","1,653","3,569","3,520","6,054"
2022-03-22,"1,891","1,652","3,530","3,525","6,054"
2022-03-21,"1,876","1,697","3,639","3,496","6,054"
2022-03-18,"2,015","1,647","3,616","3,545","6,046"
2022-03-17,"1,996","1,655","3,640","3,694","6,026"
2022-03-16,"2,071","1,632","3,592","3,649","6,020"
2022-03-15,"2,087","1,646","3,620","3,657","6,020"
2022-03-14,"2,013","1,617","3,562","3,668","6,020"
2022-03-11,"2,178","1,633","3,503","3,620","5,421"
2022-03-10,"2,175","1,636","3,509","3,730","5,421"
2022-03-08,"2,099","1,643","3,536","3,676","5,421"
2022-03-07,"2,200","1,656","3,591","3,662","5,421"
2022-03-04,"2,200","1,635","3,621","3,667","5,434"
2022-03-03,"2,188","1,633","3,548","3,678","5,428"
2022-03-02,"2,087","1,617","3,652","3,673","5,428"
2022-02-28,"2,200","1,625","3,610","3,683","5,410"
2022-02-25,"2,100","1,627","3,483","3,625","5,410"
2022-02-24,"1,975","1,619","3,441","3,517","5,410"
2022-02-23,"1,883","1,610","3,409","3,439","5,403"
2022-02-22,"1,790","1,624","3,461","3,391","5,350"
2022-02-21,"1,828","1,615","3,479","3,388","5,467"
2022-02-18,"1,873","1,620","3,438","3,343","5,472"
2022-02-17,"1,886","1,622","3,428","3,353","5,474"
2022-02-16,"1,890","1,622","3,416","3,347","5,452"
2022-02-15,"1,888","1,618","3,504","3,386","5,488"
2022-02-14,"1,864","1,615","3,441","3,393","5,488"
2022-02-11,"1,800","1,583","3,337","3,339","5,366"
2022-02-10,"1,678","1,594","3,315","3,205","5,384"
2022-02-09,"1,600","1,572","3,211","3,114","5,360"
2022-02-08,"1,500","1,593","3,210","2,962","5,363"
2022-02-07,"1,357","1,600","3,229","3,031","5,363"
2022-02-04,"1,473","1,584","3,201","3,133","5,379"
2022-02-03,"1,449","1,575","3,186","3,063","5,379"
2022-01-28,"1,510","1,631","3,330","3,192","5,355"
2022-01-27,"1,650","1,569","3,241","3,169","5,350"
2022-01-26,"1,535","1,590","3,221","3,128","5,348"
2022-01-25,"1,579","1,587","3,295","3,152","5,345"
2022-01-24,"1,600","1,587","3,271","3,114","5,345"
2022-01-21,"1,564","1,585","3,311","3,119","5,327"
2022-01-20,"1,549","1,543","3,214","3,188","5,517"
2022-01-19,"1,571","1,586","3,202","3,081","5,515"
2022-01-18,"1,597","1,589","3,242","3,146","5,515"
2022-01-17,"1,592","1,572","3,153","3,020","5,495"
2022-01-14,"1,589","1,567","3,234","3,090","5,495"
2022-01-13,"1,753","1,588","3,229","3,162","5,381"
2022-01-12,"1,819","1,624","3,283","3,281",
2022-01-11,"1,936","1,583","3,261","3,400",
2022-01-10,"2,100","1,573","3,359","3,419",
2022-01-07,"2,100","1,578","3,316","3,490",
2022-01-06,"2,081","1,570","3,286","3,425",
2022-01-05,"2,100","1,561","3,322","3,464",
2022-01-04,"2,000","1,576","3,354","3,421",
2022-01-03,"1,870","1,575","3,329","3,314","5,135"
2021-12-31,"1,889","1,558","3,315","3,301","5,135"
2021-12-30,"1,799","1,555","3,270","3,251","5,135"
2021-12-29,"1,795","1,546","3,275","3,227","5,117"
2021-12-28,"1,700","1,560","3,246","3,150","5,120"
2021-12-27,"1,700","1,552","3,317","3,152","5,106"
2021-12-24,"1,700","1,530","3,239","3,140","5,099"
2021-12-23,"1,700","1,552","3,181","3,113","5,085"
2021-12-22,"1,598","1,550","3,085","2,984","5,061"
2021-12-21,"1,500","1,553","3,099","2,925","5,043"
2021-12-20,"1,400","1,560","3,022","2,806","5,041"
2021-12-17,"1,300","1,551","2,932","2,686","5,033"
2021-12-16,"1,195","1,554","2,773","2,519","5,025"
2021-12-15,"1,095","1,556","2,690","2,390","5,025"
2021-12-14,"1,084","1,556","2,718","2,361","5,066"
2021-12-13,"1,219","1,546","2,986","2,535","5,081"
2021-12-10,"1,347","1,553","2,971","2,713","5,084"
2021-12-09,"1,400","1,559","2,937","2,741","5,074"
2021-12-08,"1,300","1,551","2,906","2,639","5,090"
2021-12-07,"1,176","1,541","2,838","2,570","5,127"
2021-12-06,"1,063","1,529","2,789","2,416","5,171"
2021-12-03,943,"1,534","2,790","2,409","5,127"
2021-12-02,"1,025","1,536","2,794","2,358","5,127"
2021-12-01,"1,138","1,516","2,724","2,425","5,136"
2021-11-30,"1,285","1,517","2,785","2,455","5,137"
2021-11-29,"1,291","1,529","2,953","2,667","5,124"
2021-11-26,"1,161","1,514","2,795","2,528","5,132"
2021-11-25,"1,060","1,511","2,710","2,402","5,139"
2021-11-24,970,"1,517","2,587","2,273","5,186"
2021-11-23,982,"1,523","2,585","2,252","5,205"
2021-11-22,982,"1,521","2,633","2,266","5,237"
2021-11-19,944,"1,495","2,596","2,265","5,247"
2021-11-18,"1,103","1,525","2,634","2,301","5,252"
2021-11-17,"1,201","1,523","2,848","2,362","5,280"
2021-11-16,"1,300","1,520","2,887","2,491","5,309"
2021-11-15,"1,356","1,522","3,011","2,797","5,277"
2021-11-12,,"1,527","3,075","2,885","5,277"
2021-11-11,,,"2,932","2,797","5,274"
2021-11-10,"1,282","1,499","2,905","2,685","5,726"
2021-11-09,"1,265","1,509","2,783","2,604","5,738"
2021-11-08,"1,253","1,494","2,830","2,601","5,738"
2021-11-05,"1,272","1,489","2,819","2,524","5,828"
2021-11-04,"1,300","1,511","2,807","2,507","5,747"
2021-11-03,"1,360","1,495","2,878","2,605","5,673"
2021-11-02,"1,458","1,495","2,976","2,749","5,630"
2021-11-01,"1,668","1,495","3,128","2,828","5,577"
2021-10-29,"1,767","1,496","3,162","3,094","5,576"
2021-10-28,"1,900","1,491","3,159","3,194","5,568"
2021-10-27,"1,900","1,498","3,191","3,207","5,570"
2021-10-26,"1,900","1,496","3,172","3,267","5,567"
2021-10-25,"1,900","1,494","3,314","3,259","5,567"
2021-10-22,"1,900","1,465","3,151","3,204","5,620"
2021-10-21,"1,800","1,499","3,125","3,175","5,620"
2021-10-20,"1,767","1,491","3,082","3,180","5,509"
2021-10-19,"1,789","1,491","3,201","3,173","5,562"
2021-10-18,"1,904","1,496","3,271","3,312","5,543"
2021-10-15,"2,000","1,469","3,269","3,370","5,460"
2021-10-14,"2,000","1,482","3,281","3,361","5,435"
2021-10-13,"2,000","1,486","3,235","3,335","5,425"
2021-10-12,"2,000","1,479","3,267","3,351","5,437"
2021-10-08,"1,900","1,481","3,334","3,332","5,427"
2021-10-07,"1,800","1,486","3,228","3,230","5,383"
2021-10-06,"1,700","1,481","3,120","3,064","5,197"
2021-10-05,"1,600","1,466","3,069","2,953","5,178"
2021-10-01,"1,600","1,456","3,117","3,010","5,178"
2021-09-30,"1,600","1,476","3,151","3,087","5,206"
2021-09-29,"1,600","1,473","3,032","2,992","5,246"
2021-09-28,"1,500","1,477","2,980","2,905","5,251"
2021-09-27,"1,293","1,479","2,875","2,689","5,253"
2021-09-24,"1,188","1,476","2,611","2,519","5,214"
2021-09-23,"1,097","1,470","2,738","2,375","5,166"
2021-09-17,"1,091","1,477","2,770","2,403","5,105"
2021-09-16,"1,040","1,474","2,706","2,452","5,121"
2021-09-15,"1,086","1,481","2,626","2,380","5,116"
2021-09-14,"1,088","1,498","2,678","2,468","5,081"
2021-09-13,"1,156","1,483","2,828","2,519","5,081"
2021-09-10,"1,231","1,470","2,833","2,535","5,096"
2021-09-09,"1,201","1,496","2,798","2,571","5,145"
2021-09-08,"1,276","1,500","2,836","2,606","5,157"
2021-09-07,"1,246","1,498","2,774","2,657","5,155"
2021-09-06,"1,274","1,496","2,860","2,634","5,174"
2021-09-03,"1,183","1,468","2,707","2,482","5,213"
2021-09-02,"1,027","1,455","2,602","2,308","5,326"
2021-09-01,986,"1,452","2,587","2,315","5,415"
2021-08-31,959,"1,490","2,593","2,339","5,433"
2021-08-30,973,"1,443","2,682","2,320","5,429"
2021-08-27,970,"1,490","2,667","2,334","5,536"
2021-08-26,"1,011","1,491","2,699","2,416","5,586"
2021-08-25,"1,179","1,487","2,789","2,559","5,648"
2021-08-24,"1,396","1,490","3,101","2,759","5,741"
2021-08-23,"1,692","1,445","3,280","3,039","5,749"
2021-08-20,"1,791","1,445","3,301","3,135","5,736"
2021-08-19,"1,897","1,459","3,364","3,221","5,704"
2021-08-18,"1,992","1,421","3,291","3,367","5,734"
2021-08-17,"2,000","1,473","3,272","3,424","5,728"
2021-08-13,"2,000","1,424","3,236","3,413","5,715"
2021-08-12,"1,900","1,406","3,317","3,356","5,679"
2021-08-11,"1,800","1,429","3,223","3,305","5,643"
2021-08-10,"1,700","1,450","3,196","3,235","5,615"
2021-08-09,"1,700","1,455","3,211","3,185","5,626"
2021-08-06,"1,600","1,444","3,101","3,045","5,684"
2021-08-05,"1,500","1,451","2,963","2,911","5,680"
2021-08-04,"1,351","1,452","2,999","2,869","5,966"
2021-08-03,"1,400","1,437","3,017","2,873","5,924"
2021-08-02,"1,479","1,449","3,110","2,992","5,991"
2021-07-30,"1,495","1,457","3,090","2,951","5,991"
2021-07-29,"1,568","1,399","3,056","2,993","5,905"
2021-07-28,"1,594","1,456","3,105","3,021","5,608"
2021-07-27,"1,597","1,447","3,094","3,074","5,569"
2021-07-26,"1,500","1,455","3,123","3,088","5,593"
2021-07-23,"1,482","1,430","3,099","3,036","5,593"
2021-07-22,"1,450","1,457","3,148","3,071","5,593"
2021-07-21,"1,492","1,455","3,094","3,051","5,596"
2021-07-20,"1,595","1,441","3,184","3,142","5,599"
2021-07-19,"1,721","1,449","3,243","3,231","5,610"
2021-07-16,"1,800","1,456","3,276","3,212","5,617"
2021-07-15,"1,800","1,479","3,213","3,261","5,586"
2021-07-14,"1,800","1,462","3,223","3,268","5,532"
2021-07-13,"1,699","1,451","3,216","3,216","5,501"
2021-07-12,"1,700","1,459","3,282","3,293","5,473"
2021-07-09,"1,700","1,463","3,205","3,241","5,467"
2021-07-08,"1,600","1,466","3,011","3,065","5,465"
2021-07-07,"1,500","1,451","3,051","3,018","5,405"
2021-07-06,"1,500","1,449","3,135","2,950","5,416"
2021-07-05,"1,500","1,432","3,120","2,900","5,379"
2021-07-02,"1,500","1,447","3,034","2,894","5,394"
2021-07-01,"1,500","1,463","2,994","2,910","5,385"
2021-06-30,"1,500","1,460","2,887","2,828","5,298"
2021-06-29,"1,500","1,459","2,891","2,923","5,289"
2021-06-28,"1,500","1,475","3,057","2,896","5,289"
2021-06-25,"1,500","1,482","2,949","2,861","5,286"
2021-06-24,"1,400","1,443","2,846","2,759","5,283"
2021-06-23,"1,300","1,456","2,762","2,655","5,257"
2021-06-22,"1,200","1,462","2,663","2,566","5,223"
2021-06-21,"1,100","1,485","2,601","2,505","5,250"
2021-06-18,986,"1,460","2,515","2,335","5,269"
2021-06-17,900,"1,483","2,539","2,187","5,272"
2021-06-16,823,"1,483","2,539","2,118","5,306"
2021-06-15,858,"1,480","2,523","2,032","5,316"
2021-06-14,798,"1,478","2,505","2,075","5,321"
2021-06-11,808,"1,481","2,550","2,076","5,318"
2021-06-10,819,"1,482","2,562","2,054","5,335"
2021-06-09,825,"1,483","2,474","2,014","5,335"
2021-06-08,830,"1,465","2,525","2,090","5,335"
2021-06-07,914,"1,441","2,633","2,227","5,342"
2021-06-04,937,"1,450","2,513","2,149","5,342"
2021-06-03,914,"1,472","2,561","2,171","5,348"
2021-06-02,918,"1,474","2,584","2,118","5,374"
2021-06-01,903,"1,458","2,618","2,190","5,402"
2021-05-31,975,"1,484","2,599","2,145","5,383"
2021-05-28,919,"1,481","2,595","2,229","5,395"
2021-05-27,953,"1,458","2,555","2,149","5,447"
2021-05-26,920,"1,482","2,503","2,195","5,447"
2021-05-25,977,"1,453","2,595","2,220","5,433"
2021-05-24,992,"1,470","2,760","2,301","5,436"
2021-05-21,994,"1,458","2,753","2,256","5,418"
2021-05-20,"1,003","1,484","2,647","2,331","5,419"
2021-05-18,"1,071","1,439","2,644","2,389","5,408"
2021-05-17,"1,120","1,472","2,794","2,493","5,441"
2021-05-14,"1,104","1,467","3,014","2,543","5,458"
2021-05-13,"1,115","1,471","2,826","2,482","5,458"
2021-05-12,"1,177","1,464","2,689","2,492","5,464"
2021-05-11,"1,144","1,496","2,705","2,509","5,440"
2021-05-10,"1,300","1,500","2,889","2,534","5,444"
2021-05-07,"1,389","1,460","2,900","2,686","5,450"
2021-05-06,"1,400","1,485","2,915","2,739","5,446"
2021-05-04,"1,398","1,509","2,918","2,770","5,416"
2021-05-03,"1,400","1,495","2,958","2,792","5,416"
2021-04-30,"1,392","1,490","2,817","2,776","5,405"
2021-04-29,"1,259","1,488","2,756","2,649","5,433"
2021-04-28,"1,161","1,500","2,632","2,520","5,433"
2021-04-27,"1,104","1,506","2,636","2,433","5,436"
2021-04-26,"1,124","1,530","2,717","2,402","5,442"
2021-04-23,"1,102","1,505","2,719","2,440","5,447"
2021-04-22,"1,119","1,524","2,687","2,421","5,466"
2021-04-21,"1,101","1,525","2,646","2,416","5,463"
2021-04-20,"1,083","1,520","2,467","2,405","5,508"
2021-04-19,"1,198","1,490","2,666","2,448","5,514"
2021-04-16,"1,215","1,518","2,729","2,593","5,488"
2021-04-15,"1,360","1,499","2,868","2,649","5,493"
2021-04-14,"1,458","1,522","2,797","2,777","5,493"
2021-04-13,"1,500","1,515","2,892","2,805","5,502"
2021-04-12,"1,495","1,502","2,922","2,832","5,484"
2021-04-09,"1,493","1,528","2,851","2,771","5,487"
2021-04-08,"1,482","1,517","2,919","2,854","5,487"
2021-04-07,"1,472","1,496","2,845","2,850","5,481"
2021-04-06,"1,479","1,485","2,945","2,897","5,463"
2021-04-05,"1,500","1,491","2,911","2,879","5,475"
2021-04-02,"1,398","1,525","2,906","2,788","5,491"
2021-04-01,"1,300","1,492","2,719","2,670","5,481"
2021-03-31,"1,200","1,483","2,682","2,535","5,470"
2021-03-30,"1,200","1,486","2,590","2,503","5,470"
2021-03-29,"1,137","1,483","2,688","2,489","5,470"
2021-03-26,"1,129","1,499","2,710","2,501","5,470"
2021-03-25,"1,155","1,502","2,702","2,507","5,503"
2021-03-24,"1,176","1,488","2,547","2,468","5,498"
2021-03-23,"1,200","1,503","2,653","2,502","5,518"
2021-03-22,"1,300","1,479","2,837","2,630","5,518"
2021-03-19,"1,300","1,476","2,896","2,697","5,519"
2021-03-18,"1,200","1,492","2,859","2,689","5,527"
2021-03-17,"1,338","1,454","2,792","2,594","5,527"
2021-03-16,"1,364","1,481","2,886","2,625","5,559"
2021-03-15,"1,304","1,492","2,900","2,647","5,543"
2021-03-12,"1,339","1,481","2,856","2,749","5,578"
2021-03-11,"1,300","1,486","2,821","2,709","5,578"
2021-03-10,"1,347","1,456","2,752","2,668","5,600"
2021-03-09,"1,340","1,458","2,852","2,754","5,587"
2021-03-08,"1,352","1,423","2,942","2,789","5,607"
2021-03-05,"1,359","1,463","2,778","2,738","5,646"
2021-03-04,"1,377","1,485","2,832","2,768","5,621"
2021-03-03,"1,453","1,450","2,893","2,753","5,628"
2021-03-02,"1,600","1,441","3,047","2,881","5,626"
2021-02-26,"1,600","1,455","3,166","2,971","5,794"
2021-02-25,"1,600","1,447","3,069","2,957","5,808"
2021-02-24,"1,500","1,442","2,991","2,869","5,528"
2021-02-23,"1,500","1,450","3,017","2,884","5,528"
2021-02-22,"1,500","1,422","2,973","2,812","5,544"
2021-02-19,"1,500","1,444","2,970","2,798","5,411"
2021-02-18,"1,500","1,430","2,954","2,783","5,408"
2021-02-17,"1,500","1,425","2,929","2,799","5,844"
2021-02-16,"1,500","1,454","3,015","2,884","5,851"
2021-02-15,"1,500","1,361","2,938","2,850","5,907"
2021-02-10,"1,500","1,439","2,981","2,832","5,863"
2021-02-09,"1,500","1,414","3,015","2,854","5,901"
2021-02-08,"1,500","1,452","3,063","2,853","5,901"
2021-02-05,"1,500","1,426","3,017","2,810","5,901"
2021-02-04,"1,500","1,412","3,003","2,791","5,868"
2021-02-03,"1,510","1,409","2,949","2,812","5,875"
2021-02-02,"1,600","1,420","3,072","2,967","5,853"
2021-02-01,"1,700","1,405","3,133","2,900","5,891"
2021-01-29,"1,800","1,406","3,159","3,116","5,897"
2021-01-28,"1,900","1,389","3,151","3,186","5,899"
2021-01-27,"1,900","1,412","3,252","3,191","5,841"
2021-01-26,"2,000","1,393","3,412","3,357","5,841"
2021-01-25,"2,000","1,412","3,514","3,373","5,859"
2021-01-22,"2,000","1,402","3,469","3,418","5,859"
2021-01-21,"1,900","1,398","3,435","3,319","5,874"
2021-01-20,"1,900","1,385","3,410","3,384","5,591"
2021-01-19,"1,900","1,404","3,561","3,424","5,591"
2021-01-18,"1,900","1,421","3,543","3,415","5,633"
2021-01-15,"1,900","1,413","3,543","3,362","5,636"
2021-01-14,"1,900","1,414","3,536","3,406","5,605"
2021-01-13,"1,900","1,408","3,496","3,387","5,683"
2021-01-12,"1,900","1,384","3,525","3,408","5,652"
2021-01-11,"1,900","1,389","3,437","3,401","5,652"
2021-01-08,"1,900","1,371","3,572","3,394","5,643"
2021-01-07,"1,900","1,386","3,448","3,357","5,574"
2021-01-06,"1,800","1,388","3,355","3,252","5,443"
2021-01-05,"1,800","1,376","3,368","3,261","5,443"
2021-01-04,"1,800","1,363","3,308","3,226","5,411"
2020-12-31,"1,800","1,360","3,246","3,209","5,455"
2020-12-30,"1,800","1,364","3,145","3,192","5,274"
2020-12-29,"1,700","1,362","3,194","3,173","5,234"
2020-12-28,"1,700","1,368","3,057","3,145","5,215"
2020-12-24,"1,600","1,384","3,041","3,009","5,031"
2020-12-23,"1,500","1,360","2,922","2,929","5,199"
2020-12-22,"1,400","1,370","2,900","2,858","5,227"
2020-12-21,"1,391","1,356","2,973","2,843","5,260"
2020-12-18,"1,397","1,352","2,914","2,796","5,194"
2020-12-17,"1,398","1,362","2,865","2,790","5,160"
2020-12-16,"1,300","1,352","2,771","2,633","4,997"
2020-12-15,"1,232","1,360","2,846","2,672","5,010"
2020-12-14,"1,148","1,362","2,835","2,602","5,004"
2020-12-11,"1,226","1,347","2,821","2,652","4,999"
2020-12-10,"1,269","1,366","2,723","2,691","4,999"
2020-12-09,"1,300","1,293","2,745","2,671","4,967"
2020-12-08,"1,097","1,356","2,720","2,525","4,965"
2020-12-07,"1,200","1,295","2,795","2,601","4,965"
2020-12-04,"1,200","1,302","2,800","2,606","4,929"
2020-12-03,"1,200","1,302","2,733","2,514","4,929"
2020-12-02,"1,200","1,286","2,821","2,488","5,457"
2020-12-01,"1,200","1,295","2,774","2,563","5,457"
2020-11-30,"1,200","1,354","2,749","2,430","5,457"
2020-11-27,"1,200","1,283","2,777","2,446","5,434"
2020-11-26,"1,200","1,288","2,746","2,443","5,438"
2020-11-25,"1,200","1,287","2,615","2,474","5,387"
2020-11-24,"1,200","1,338","2,629","2,437","5,378"
2020-11-23,"1,200","1,292","2,811","2,507","5,378"
2020-11-20,"1,200","1,289","2,739","2,490","5,342"
2020-11-19,"1,092","1,286","2,628","2,341","5,342"
2020-11-18,"1,100","1,292","2,670","2,248","5,305"
2020-11-17,"1,200","1,358","2,697","2,413","5,289"
2020-11-16,"1,300","1,289","2,749","2,479","5,321"
2020-11-13,"1,300","1,342","2,725","2,517","5,321"
2020-11-12,"1,300","1,288","2,642","2,478","5,314"
2020-11-11,"1,200","1,285","2,649","2,451","4,957"
2020-11-10,"1,179","1,256","2,582","2,516","4,997"
2020-11-09,"1,200","1,332","2,749","2,542","5,035"
2020-11-06,"1,200","1,296","2,709","2,529","5,107"
2020-11-05,"1,093","1,284","2,555","2,249","5,101"
2020-11-04,989,"1,277","2,496","2,156","4,875"
2020-11-03,885,"1,284","2,470","2,093","4,870"
2020-11-02,810,"1,327","2,410","2,022","4,905"
2020-10-30,810,"1,288","2,555","2,155","4,879"
2020-10-29,949,"1,291","2,550","2,164","4,879"
2020-10-28,"1,065","1,329","2,619","2,222","5,353"
2020-10-27,"1,125","1,290","2,577","2,338","5,353"
2020-10-26,"1,200","1,333","2,666","2,422","5,353"
2020-10-23,"1,200","1,293","2,741","2,520","5,353"
2020-10-22,"1,100","1,333","2,636","2,490","5,350"
2020-10-21,"1,000","1,286","2,482","2,098","5,249"
2020-10-20,"1,000","1,289","2,479","2,138","5,252"
2020-10-19,924,"1,330","2,618","2,196","5,253"
2020-10-16,939,"1,287","2,556","2,169","5,253"
2020-10-15,941,"1,291","2,465","2,155","5,253"
2020-10-14,992,"1,338","2,502","2,207","5,253"
2020-10-13,977,"1,288","2,504","2,241","5,241"
2020-10-12,998,"1,339","2,549","2,185","5,241"
2020-10-08,893,"1,343","2,496","2,114","5,241"
2020-10-07,800,"1,289","2,467","2,004","5,386"
2020-10-06,700,"1,341","2,416","1,974","5,387"
2020-10-05,682,"1,291","2,757","2,217","5,368"
2020-09-29,700,"1,281","2,623","1,980","5,038"
2020-09-28,943,"1,335","2,642","2,141","5,057"
2020-09-25,"1,000","1,329","2,588","2,230","5,023"
2020-09-24,997,"1,338","2,547","2,235","5,029"
2020-09-23,971,"1,331","2,526","2,188","5,076"
2020-09-22,942,"1,286","2,585","2,197","5,421"
2020-09-21,"1,034","1,289","2,649","2,272","5,420"
2020-09-18,"1,156","1,280","2,790","2,428","5,425"
2020-09-17,"1,234","1,283","2,834","2,594","5,442"
2020-09-16,"1,344","1,283","2,858","2,698","5,476"
2020-09-15,"1,471","1,288","2,981","2,843","5,490"
2020-09-14,"1,600","1,293","3,053","2,923","5,490"
2020-09-11,"1,597","1,335","3,028","2,920","5,470"
2020-09-10,"1,594","1,292","3,021","2,955","5,490"
2020-09-09,"1,591","1,298","3,015","2,950","5,490"
2020-09-08,"1,600","1,300","3,013","2,994","5,492"
2020-09-07,"1,600","1,302","3,006","2,964","5,468"
2020-09-04,"1,600","1,308","2,944","2,814","5,468"
2020-09-03,"1,600","1,308","2,968","2,908","5,468"
2020-09-02,"1,600","1,306","2,954","2,891","5,394"
2020-09-01,"1,600","1,308","2,932","2,990","5,394"
2020-08-31,"1,600","1,307","2,909","2,949","5,384"
2020-08-28,"1,600","1,306","2,935","2,927","5,384"
2020-08-27,"1,600","1,302","2,958","2,981","5,347"
2020-08-26,"1,600","1,301","2,935","2,934","5,313"
2020-08-25,"1,500","1,302","2,965","2,913","5,321"
2020-08-24,"1,500","1,302","2,937","2,868","5,313"
2020-08-21,"1,500","1,295","2,918","2,819","5,308"
2020-08-20,"1,500","1,298","2,947","2,847","5,323"
2020-08-19,"1,499","1,309","2,912","2,844","4,902"
2020-08-18,"1,200","1,286","2,797","2,583","4,866"
2020-08-14,"1,200","1,292","2,831","2,619","4,742"
2020-08-13,"1,200","1,297","2,839","2,583","4,742"
2020-08-12,"1,200","1,300","2,886","2,614","4,975"
2020-08-11,"1,098","1,281","2,725","2,443","4,977"
2020-08-10,900,"1,296","2,522","2,179","4,977"
2020-08-07,800,"1,303","2,481","2,077","4,964"
2020-08-06,696,"1,293","2,622","1,979","4,962"
2020-08-05,694,"1,301","2,501","1,850","4,963"
2020-08-04,804,"1,303","2,440","2,002","4,919"
2020-08-03,900,"1,342","2,444","2,136","4,919"
2020-07-31,"1,000","1,311","2,576","2,244","4,919"
2020-07-30,"1,000","1,309","2,575","2,233","4,919"
2020-07-29,"1,000","1,301","2,531","2,250","4,877"
2020-07-28,995,"1,296","2,528","2,223","4,892"
2020-07-27,997,"1,302","2,676","2,374","4,904"
2020-07-24,"1,100","1,303","2,719","2,406","4,889"
2020-07-23,"1,199","1,300","2,778","2,495","4,894"
2020-07-22,"1,279","1,304","2,836","2,565","4,877"
2020-07-21,"1,400","1,303","2,952","2,798","4,874"
2020-07-20,"1,493","1,286","3,131","3,068","4,911"
2020-07-17,"1,500","1,296","3,022","2,989","4,889"
2020-07-16,"1,395","1,301","2,923","2,928","4,878"
2020-07-15,"1,300","1,302","2,787","2,836","5,029"
2020-07-14,"1,294","1,301","2,739","2,719","5,045"
2020-07-13,"1,300","1,308","2,811","2,627","5,045"
2020-07-10,"1,300","1,295","2,807","2,677","5,079"
2020-07-09,"1,300","1,299","2,821","2,664","5,028"
2020-07-08,"1,200","1,304","2,693","2,473","5,048"
2020-07-07,"1,100","1,304","2,693","2,359","5,033"
2020-07-06,"1,200","1,307","2,809","2,487","5,048"
2020-07-03,"1,200","1,308","2,738","2,518","5,100"
2020-07-02,"1,199","1,309","2,660","2,446","5,087"
2020-07-01,"1,100","1,310","2,648","2,365","5,213"
2020-06-30,"1,000","1,305","2,601","2,307","5,179"
2020-06-29,900,"1,323","2,546","2,195","5,182"
2020-06-26,773,"1,303","2,426","2,031","5,198"
2020-06-25,778,"1,315","2,424","1,966","5,203"
2020-06-24,875,"1,325","2,631","2,034","5,144"
2020-06-23,968,"1,325","2,587","2,124","5,137"
2020-06-22,"1,090","1,329","2,633","2,412","5,137"
2020-06-19,"1,200","1,340","2,789","2,467","5,088"
2020-06-18,"1,200","1,305","2,793","2,496","5,088"
2020-06-17,"1,200","1,325","2,812","2,472","4,961"
2020-06-16,"1,100","1,320","2,739","2,395","4,990"
2020-06-15,"1,000","1,305","2,675","2,283","4,988"
2020-06-12,900,"1,326","2,475","2,090","4,956"
2020-06-11,877,"1,322","2,385","2,115","4,945"
2020-06-10,984,"1,333","2,608","2,104","4,993"
2020-06-09,"1,100","1,329","2,746","2,264","4,954"
2020-06-08,"1,300","1,336","2,823","2,632","4,956"
2020-06-05,"1,400","1,335","2,908","2,690","4,954"
2020-06-04,"1,300","1,338","2,893","2,633","4,945"
2020-06-03,"1,200","1,349","2,777","2,463","5,053"
2020-06-02,"1,100","1,341","2,755","2,439","5,047"
2020-06-01,"1,000","1,324","2,686","2,453","5,047"
2020-05-29,900,"1,318","2,497","2,148","5,077"
2020-05-28,800,"1,320","2,517","2,057","5,077"
2020-05-27,700,"1,322","2,388","1,861","5,001"
2020-05-26,700,"1,323","2,542","1,815","5,006"
2020-05-25,700,"1,310","2,615","1,927","4,990"
2020-05-22,776,"1,335","2,641","1,970","5,022"
2020-05-21,778,"1,381","2,602","1,938","5,034"
2020-05-20,800,"1,326","2,629","2,013","5,184"
2020-05-19,800,"1,323","2,562","1,995","5,184"
2020-05-18,800,"1,310","2,645","2,066","5,190"
2020-05-15,783,"1,326","2,508","2,061","5,167"
2020-05-14,780,"1,345","2,563","2,044","5,173"
2020-05-13,745,"1,324","2,408","2,017","5,114"
2020-05-12,792,"1,326","2,552","1,960","5,114"
2020-05-11,984,"1,323","2,630","2,100","5,115"
2020-05-08,"1,088","1,336","2,907","2,336","5,152"
2020-05-07,"1,090","1,347","2,768","2,313","5,143"
2020-05-06,"1,000","1,302","2,806","2,304","4,921"
2020-05-04,781,"1,314","2,613","1,976","4,871"
2020-04-29,767,"1,338","2,603","2,038","4,903"
2020-04-28,774,"1,341","2,532","2,001","4,904"
2020-04-27,800,"1,315","2,581","2,068","4,878"
2020-04-24,800,"1,341","2,549","2,065","4,857"
2020-04-23,772,"1,343","2,565","2,004","4,870"
2020-04-22,782,"1,343","2,589","2,077","5,147"
2020-04-21,900,"1,344","2,517","2,182","5,168"
2020-04-20,"1,000","1,339","2,808","2,301","5,168"
2020-04-17,"1,100","1,341","2,862","2,434","5,207"
2020-04-16,"1,100","1,343","2,815","2,400","5,203"
2020-04-14,"1,000","1,342","2,735","2,326","5,221"
2020-04-13,900,"1,346","2,680","2,318","5,221"
2020-04-10,800,"1,344","2,581","2,044","5,178"
2020-04-09,800,"1,343","2,511","1,938","5,178"
2020-04-08,900,"1,337","2,733","2,085","4,964"
2020-04-07,973,"1,352","2,613","2,136","4,974"
2020-04-06,"1,000","1,351","2,717","2,375","4,974"
2020-04-03,"1,000","1,356","2,711","2,257","4,974"
2020-04-02,900,"1,360","2,546","2,037","4,977"
2020-04-01,782,"1,358","2,515","1,986","4,973"
2020-03-31,774,"1,358","2,478","1,991","5,000"
2020-03-30,786,"1,351","2,512","2,273","4,975"
2020-03-27,790,"1,357","2,379","1,977","4,975"
2020-03-26,785,"1,359","2,316","1,961","5,057"
2020-03-25,878,"1,370","2,575","2,059","5,058"
2020-03-24,988,"1,358","2,681","2,256","5,058"
2020-03-23,"1,100","1,365","2,702","2,474","5,058"
2020-03-20,"1,200","1,365","2,796","2,427","5,016"
2020-03-19,"1,300","1,365","2,887","2,554","5,018"
2020-03-18,"1,300","1,364","2,897","2,590","5,239"
2020-03-17,"1,300","1,367","2,661","2,590","5,227"
2020-03-16,"1,288","1,367","2,748","2,696","5,227"
2020-03-13,"1,200","1,357","2,721","2,550","5,248"
2020-03-12,"1,100","1,358","2,609","2,415","5,256"
2020-03-11,"1,097","1,361","2,686","2,429","5,217"
2020-03-10,"1,100","1,359","2,643","2,442","5,130"
2020-03-09,"1,200","1,350","2,979","2,531","5,132"
2020-03-06,"1,286","1,360","2,724","2,566","5,158"
2020-03-05,"1,400","1,350","2,848","2,721","5,201"
2020-03-04,"1,394","1,382","2,951","2,683","5,120"
2020-03-03,"1,294","1,364","2,824","2,648","5,159"
2020-03-02,"1,231","1,360","2,816","2,581","5,232"
2020-02-28,"1,200","1,338","2,780","2,618","5,378"
2020-02-27,"1,236","1,351","2,774","2,596","5,350"
2020-02-26,"1,197","1,356","2,833","2,588","4,910"
2020-02-25,"1,316","1,354","2,840","2,707","4,930"
2020-02-24,"1,400","1,354","2,790","2,580","4,952"
2020-02-21,"1,394","1,350","2,862","2,782","5,079"
2020-02-20,"1,400","1,362","2,662","2,673","5,048"
2020-02-19,"1,288","1,372","2,725","2,588","5,194"
2020-02-18,"1,188","1,360","2,710","2,572","5,189"
2020-02-17,"1,169","1,384","2,744","2,615","5,170"
2020-02-14,"1,200","1,356","2,780","2,544","4,687"
2020-02-13,"1,200","1,350","2,800","2,576","4,718"
2020-02-12,"1,160","1,361","2,766","2,564","5,012"
2020-02-11,"1,100","1,362","2,736","2,539","4,986"
2020-02-10,900,"1,343","2,686","2,351","4,959"
2020-02-07,767,"1,323","2,595","2,157","4,994"
2020-02-06,696,"1,311","2,508","2,070","5,016"
2020-02-05,646,"1,330","2,588","2,007","5,215"
2020-02-04,739,"1,321","2,622","2,094","5,220"
2020-02-03,907,"1,324","2,758","2,316","5,222"
2020-01-31,"1,085","1,335","2,781","2,336","5,234"
2020-01-30,"1,193","1,328","2,842","2,613","5,240"
2020-01-29,"1,300","1,327","2,806","2,617","5,243"
2020-01-28,"1,300","1,296","2,733","2,621","5,240"
2020-01-23,"1,300","1,341","2,692","2,597","5,226"
2020-01-22,"1,300","1,327","2,880","2,657","5,133"
2020-01-21,"1,300","1,330","2,939","2,630","5,133"
2020-01-20,"1,200","1,324","2,882","2,571","5,109"
2020-01-17,"1,100","1,322","2,851","2,510","5,109"
2020-01-16,"1,000","1,325","2,769","2,375","5,124"
2020-01-15,900,"1,336","2,634","2,237","5,020"
2020-01-14,800,"1,310","2,505","2,033","5,032"
2020-01-13,900,"1,332","2,757","2,150","5,032"
2020-01-10,988,"1,325","2,703","2,259","5,046"
2020-01-09,"1,100","1,322","2,773","2,373","5,046"
2020-01-08,"1,100","1,329","2,794","2,447","4,984"
2020-01-07,"1,000","1,323","2,778","2,405","4,970"
2020-01-06,900,"1,327","2,801","2,244","4,970"
2020-01-03,800,"1,313","2,763","2,205","5,008"
2020-01-02,765,"1,324","2,926","2,405","5,039"
2019-12-31,846,"1,320","2,770","2,279","5,251"
2019-12-30,"1,051","1,316","2,825","2,418","5,271"
2019-12-27,"1,126","1,329","2,926","2,579","5,260"
2019-12-26,"1,243","1,318","2,879","2,611","5,235"
2019-12-24,"1,196","1,321","2,818","2,618","4,987"
2019-12-23,"1,190","1,323","2,765","2,559","5,010"
2019-12-20,"1,073","1,320","2,763","2,461","4,985"
2019-12-19,962,"1,321","2,602","2,409","4,930"
2019-12-18,"1,044","1,321","2,814","2,467","5,285"
2019-12-17,"1,146","1,317","2,891","2,494","5,275"
2019-12-16,"1,300","1,320","2,877","2,621","5,287"
2019-12-13,"1,300","1,315","2,987","2,726","5,282"
2019-12-12,"1,298","1,322","2,828","2,649","5,277"
2019-12-11,"1,200","1,327","2,745","2,562","5,035"
2019-12-10,"1,099","1,325","2,759","2,473","5,030"
2019-12-09,"1,100","1,316","2,822","2,572","5,028"
2019-12-06,985,"1,318","2,750","2,396","5,028"
2019-12-05,898,"1,393","2,711","2,188","5,028"
2019-12-04,773,"1,311","2,707","2,103","5,062"
2019-12-03,718,"1,317","2,682","2,111","5,034"
2019-12-02,835,"1,316","2,764","2,159","5,031"
2019-11-29,900,"1,312","2,723","2,268","4,856"
2019-11-28,962,"1,315","2,724","2,213","4,851"
2019-11-27,953,"1,316","2,713","2,241","5,051"
2019-11-26,960,"1,315","2,811","2,354","5,039"
2019-11-25,"1,098","1,318","2,733","2,516","5,039"
2019-11-22,"1,069","1,313","2,773","2,481","4,879"
2019-11-21,997,"1,311","2,764","2,378","4,879"
2019-11-20,963,"1,313","2,778","2,488","5,258"
2019-11-19,"1,000","1,311","2,804","2,326","5,266"
2019-11-18,"1,000","1,313","2,845","2,495","5,248"
2019-11-15,995,"1,310","2,780","2,428","5,237"
2019-11-14,903,"1,310","2,733","2,278","5,223"
2019-11-13,770,"1,308","2,775","2,285","5,202"
2019-11-12,680,"1,311","2,626","1,991","5,202"
2019-11-11,662,"1,374","2,556","1,995","5,205"
2019-11-08,655,"1,316","2,641","1,911","5,207"
2019-11-07,652,"1,300","2,603","1,906","5,207"
2019-11-06,684,"1,357","2,646","1,998","5,208"
2019-11-05,659,"1,300","2,629","1,950","5,209"
2019-11-04,692,"1,290","2,606","2,003","5,202"
2019-11-01,677,"1,306","2,450","1,941","5,202"
2019-10-31,792,"1,310","2,609","2,044","5,240"
2019-10-30,792,"1,300","2,691","2,157","5,365"
2019-10-29,788,"1,313","2,627","2,170","5,334"
2019-10-28,981,"1,302","2,684","2,328","5,398"
2019-10-25,984,"1,305","2,638","2,265","5,403"
2019-10-24,981,"1,299","2,677","2,257","5,409"
2019-10-23,"1,000","1,304","2,711","2,229","5,416"
2019-10-22,"1,000","1,307","2,769","2,330","5,434"
2019-10-21,"1,100","1,301","2,817","2,459","5,410"
2019-10-18,"1,198","1,298","2,834","2,479","5,426"
2019-10-17,"1,200","1,292","2,858","2,510","5,440"
2019-10-16,"1,300","1,302","3,140","2,766","5,196"
2019-10-15,"1,400","1,322","2,992","2,853","5,222"
2019-10-14,"1,622","1,305","3,064","2,925","5,230"
2019-10-11,"1,700","1,306","3,078","3,053","5,230"
2019-10-10,"1,700","1,297","3,038","3,019","5,214"
2019-10-08,"1,600","1,323","3,035","2,954","5,053"
2019-10-07,"1,600","1,310","3,006","2,907","5,129"
2019-10-04,"1,500","1,308","2,965","2,790","5,112"
2019-10-02,"1,400","1,298","2,880","2,783","5,143"
2019-10-01,"1,285","1,295","2,953","2,675","5,144"
2019-09-30,"1,200","1,369","2,950","2,305","5,144"
2019-09-27,"1,100","1,288","2,636","2,269","5,079"
2019-09-26,"1,000","1,299","2,857","2,359","5,061"
2019-09-25,"1,000","1,300","2,593","2,137","5,104"
2019-09-24,"1,100","1,297","2,705","2,413","5,092"
2019-09-23,"1,100","1,298","2,725","2,496","5,117"
2019-09-20,"1,100","1,299","2,564","2,201","5,082"
2019-09-19,"1,000","1,297","2,685","2,398","5,102"
2019-09-18,891,"1,295","2,604","2,260","5,056"
2019-09-17,791,"1,298","2,686","2,161","5,049"
2019-09-16,697,"1,279","2,478","2,070","5,051"
2019-09-11,600,"1,288","2,628","2,095","5,042"
2019-09-10,593,"1,298","2,534","1,879","5,077"
2019-09-09,566,"1,297","2,590","2,152","5,082"
2019-09-06,586,"1,297","2,563","1,882","5,098"
2019-09-05,680,"1,298","2,602","1,887","5,098"
2019-09-04,693,"1,295","2,647","1,944","5,208"
2019-09-03,800,"1,291","2,634","1,999","5,180"
2019-09-02,797,"1,362","2,614","2,095","5,220"
2019-08-30,800,"1,291","2,606","2,355","5,213"
2019-08-29,792,"1,293","2,564","1,997","5,217"
2019-08-28,793,"1,294","2,500","2,054","5,300"
2019-08-27,893,"1,300","2,528","2,149","5,305"
2019-08-26,"1,200","1,286","2,568","2,501","5,295"
2019-08-23,"1,296","1,298","2,695","2,412","5,297"
2019-08-22,"1,400","1,306","2,750","2,451","5,282"
2019-08-21,"1,400","1,292","2,894","2,586","5,295"
2019-08-20,"1,400","1,305","2,911","2,561","5,287"
2019-08-19,"1,400","1,276","2,923","2,760","5,305"
2019-08-16,"1,400","1,292","2,886","2,804","5,255"
2019-08-14,"1,400","1,272","2,710","2,534","5,099"
2019-08-13,"1,298","1,354","2,565","2,414","5,077"
2019-08-12,"1,197","1,300","2,771","2,738","5,073"
2019-08-09,"1,100","1,293","2,644","2,576","5,073"
2019-08-08,"1,000","1,288","2,635","2,408","5,075"
2019-08-07,909,"1,286","2,530","2,251","5,085"
2019-08-06,900,"1,297","2,495","2,218","5,090"
2019-08-05,"1,000","1,291","2,550","2,426","5,121"
2019-08-02,"1,094","1,284","2,441","2,173","5,120"
2019-08-01,"1,100","1,302","2,745","2,325","5,125"
2019-07-31,"1,100","1,306","2,540","2,346","5,057"
2019-07-30,"1,098","1,305","2,621","2,334","5,071"
2019-07-29,"1,100","1,306","2,699","2,510","5,075"
2019-07-26,"1,011","1,307","2,650","2,347","5,075"
2019-07-25,900,"1,301","2,601","2,218","5,061"
2019-07-24,899,"1,320","2,677","2,202","5,097"
2019-07-23,"1,000","1,345","2,691","2,590","5,050"
2019-07-22,"1,200","1,305","2,758","2,746","5,052"
2019-07-19,"1,200","1,318","2,777","2,591","5,052"
2019-07-18,"1,195","1,320","2,682","2,554","5,044"
2019-07-17,"1,200","1,303","2,667","2,529","5,099"
2019-07-16,"1,199","1,321","2,713","2,562","5,095"
2019-07-15,"1,200","1,309","2,773","2,840","5,088"
2019-07-12,"1,100","1,307","2,704","2,660","5,074"
2019-07-11,997,"1,306","2,513","2,699","5,074"
2019-07-10,898,"1,307","2,539","2,834","5,139"
2019-07-09,899,"1,327","2,694","2,264","5,141"
2019-07-08,"1,100","1,332","2,718","2,452","5,168"
2019-07-05,"1,100","1,333","2,759","2,467","5,137"
2019-07-04,"1,000","1,338","2,746","2,184","5,171"
2019-07-03,887,"1,336","2,691","2,150","5,161"
2019-07-02,900,"1,390","2,581","2,179","5,221"
2019-07-01,"1,100","1,333","2,724","2,441","5,228"
2019-06-28,"1,099","1,374","2,705","2,510","5,226"
2019-06-27,"1,100","1,332","2,687","2,473","5,220"
2019-06-26,"1,000","1,374","2,583","2,232","5,080"
2019-06-25,900,"1,332","2,474","2,119","5,023"
2019-06-24,900,"1,333","2,455","2,184","5,024"
2019-06-21,900,"1,337","2,648","2,294","5,046"
2019-06-20,900,"1,334","2,650","2,264","5,060"
2019-06-19,"1,000","1,334","2,579","2,225","5,146"
2019-06-18,"1,100","1,372","2,702","2,316","5,139"
2019-06-17,"1,200","1,339","2,844","2,564","5,135"
2019-06-14,"1,200","1,329","2,845","2,611","5,163"
2019-06-13,"1,200","1,345","2,808","2,601","5,252"
2019-06-12,"1,100","1,343","2,670","2,412","5,201"
2019-06-11,"1,000","1,337","2,522","2,225","5,220"
2019-06-10,"1,000","1,386","2,701","2,263","5,220"
2019-06-07,"1,000","1,381","2,711","2,287","5,220"
2019-06-05,"1,000","1,375","2,667","2,229","5,219"
2019-06-04,"1,000","1,388","2,564","2,309","5,219"
2019-06-03,"1,000","1,383","2,742","2,289","5,219"
2019-05-31,"1,000","1,375","2,644","2,251","5,218"
2019-05-30,"1,100","1,415","2,735","2,344","5,218"
2019-05-29,"1,100","1,376","2,677","2,381","5,250"
2019-05-28,"1,100","1,378","2,676","2,298","5,255"
2019-05-27,"1,100","1,375","2,542","2,344","5,263"
2019-05-24,"1,100","1,366","2,479","2,251","5,282"
2019-05-23,"1,100","1,408","2,659","2,300","5,282"
2019-05-22,"1,100","1,369","2,611","2,261","5,389"
2019-05-21,"1,100","1,420","2,313","2,195","5,396"
2019-05-20,"1,200","1,376","2,547","2,409","5,392"
2019-05-17,"1,200","1,383","2,603","2,437","5,396"
2019-05-16,"1,200","1,383","2,682","2,404","5,368"
2019-05-15,"1,201","1,387","2,685","2,381","5,101"
2019-05-14,"1,300","1,378","2,806","2,581","5,107"
2019-05-13,"1,300","1,385","2,886","2,626","5,107"
2019-05-10,"1,300","1,390","2,741","2,582","5,110"
2019-05-09,"1,300","1,388","2,777","2,490","5,103"
2019-05-08,"1,300","1,419","2,906","2,505","5,205"
2019-05-07,"1,600","1,407","3,047","2,881","5,204"
2019-05-03,"1,600","1,436","3,015","2,945","5,217"
2019-05-02,"1,500","1,420","2,781","2,780","5,223"
2019-04-30,"1,400","1,412","2,723","2,676","5,307"
2019-04-29,"1,300","1,424","2,626","2,660","5,304"
2019-04-26,"1,300","1,410","2,682","2,664","5,307"
2019-04-25,"1,200","1,460","2,583","2,457","5,311"
2019-04-24,"1,100","1,412","2,631","2,394","5,197"
2019-04-23,"1,200","1,422","2,711","2,455","5,207"
2019-04-22,"1,400","1,434","2,658","2,663","5,210"
2019-04-19,"1,500","1,415","2,823","2,808","5,210"
2019-04-18,"1,500","1,397","2,861","2,803","5,186"
2019-04-17,"1,497","1,413","2,936","2,858","5,404"
2019-04-16,"1,400","1,448","2,789","2,692","5,434"
2019-04-15,"1,400","1,410","2,764","2,688","5,436"
2019-04-12,"1,400","1,463","2,795","2,659","5,439"
2019-04-11,"1,400","1,421","2,675","2,608","5,443"
2019-04-10,"1,400","1,425","2,785","2,659","5,354"
2019-04-09,"1,493","1,426","2,909","2,780","5,349"
2019-04-08,"1,700","1,407","2,946","2,953","5,349"
2019-04-05,"1,700","1,414","3,032","3,017","5,353"
2019-04-04,"1,700","1,450","2,917","2,969","5,353"
2019-04-03,"1,700","1,414","2,991","2,963","5,272"
2019-04-02,"1,700","1,444","3,015","2,967","5,263"
2019-04-01,"1,700","1,432","2,828","2,930","5,265"
2019-03-29,"1,700","1,496","2,911","2,984","5,264"
2019-03-28,"1,700","1,440","2,838","2,937","5,264"
2019-03-27,"1,700","1,440","2,907","2,949","5,276"
2019-03-26,"1,700","1,438","2,917","2,968","5,304"
2019-03-25,"1,700","1,438","2,900","2,990","5,295"
2019-03-22,"1,700","1,435","2,919","2,970","5,299"
2019-03-21,"1,700","1,432","2,920","2,982","5,312"
2019-03-20,"1,700","1,454","2,898","2,992","5,429"
2019-03-19,"1,600","1,448","2,943","2,918","5,434"
2019-03-18,"1,600","1,438","2,912","2,900","5,436"
2019-03-15,"1,500","1,453","2,903","2,875","5,366"
2019-03-14,"1,500","1,482","2,844","2,821","5,367"
2019-03-13,"1,500","1,446","2,821","2,799","5,349"
2019-03-12,"1,500","1,480","2,898","2,837","5,369"
2019-03-11,"1,500","1,422","2,857","2,760","5,345"
2019-03-08,"1,500","1,451","2,831","2,815","5,353"
2019-03-07,"1,500","1,479","2,927","2,826","5,356"
2019-03-06,"1,500","1,448","2,818","2,809","5,526"
2019-03-05,"1,500","1,467","2,807","2,781","5,538"
2019-03-04,"1,600","1,465","3,049","2,865","5,539"
2019-02-28,"1,600","1,461","2,836","2,864","5,568"
2019-02-27,"1,600","1,478","2,829","2,870","5,601"
2019-02-26,"1,500","1,461","2,961","2,822","5,608"
2019-02-25,"1,500","1,462","2,785","2,890","5,616"
2019-02-22,"1,400","1,462","2,623","2,672","5,611"
2019-02-21,"1,300","1,451","2,505","2,551","5,581"
2019-02-20,"1,200","1,452","2,614","2,506","5,645"
2019-02-19,"1,200","1,456","2,678","2,480","5,683"
2019-02-18,"1,400","1,446","2,847","2,741","5,689"
2019-02-15,"1,500","1,433","2,893","2,820","5,722"
2019-02-14,"1,500","1,451","2,890","2,824","5,752"
2019-02-13,"1,600","1,439","2,875","2,909","5,789"
2019-02-12,"1,700","1,422","2,942","3,004","5,794"
2019-02-11,"1,798","1,447","3,040","3,102","5,793"
2019-02-08,"1,783","1,439","3,064","3,096","5,800"
2019-02-07,"1,800","1,375","2,963","3,067","5,705"
2019-02-01,"1,785","1,424","2,882","3,072","5,814"
2019-01-31,"1,800","1,417","2,937","3,062","5,831"
2019-01-30,"1,797","1,476","2,932","3,035","5,874"
2019-01-29,"1,789","1,415","2,947","3,034","5,905"
2019-01-28,"1,900","1,414","3,097","3,107","5,992"
2019-01-25,"1,978","1,403","3,039","3,153","5,993"
2019-01-24,"2,100","1,409","3,158","3,341","5,998"
2019-01-23,"2,198","1,423","3,105","3,290","5,933"
2019-01-22,"2,300","1,497","3,109","3,410","5,900"
2019-01-21,"2,300","1,412","3,176","3,430","5,891"
2019-01-18,"2,300","1,413","3,112","3,460","5,939"
2019-01-17,"2,300","1,409","3,129","3,430","5,955"
2019-01-16,"2,300","1,391","3,150","3,600","5,697"
2019-01-15,"2,300","1,449","3,162","3,535","5,656"
2019-01-14,"2,300","1,406","3,138","3,625","5,646"
2019-01-11,"2,300","1,438","3,279","3,640","5,626"
2019-01-10,"2,300","1,384","3,128","3,634","5,588"
2019-01-09,"2,200","1,394","3,225","3,580","5,484"
2019-01-08,"2,100","1,399","3,128","3,422","5,445"
2019-01-07,"2,000","1,473","3,160","3,373","5,416"
2019-01-04,"2,000","1,368","3,114","3,391","5,411"
2019-01-03,"1,900","1,347","3,050","3,197","5,411"
2019-01-02,"1,900","1,363","2,985","3,238","5,352"
2018-12-31,"1,900","1,372","3,097","3,243","5,352"
2018-12-28,"1,900","1,386","3,135","3,253","5,370"
2018-12-27,"1,900","1,359","3,066","3,199","5,350"
2018-12-26,"1,900","1,448","3,113","3,251","5,244"
2018-12-24,"1,900","1,378","3,101","3,216","5,244"
2018-12-21,"2,000","1,387","3,119","3,305","5,244"
2018-12-20,"2,000","1,442","3,112","3,272","5,222"
2018-12-19,"2,000","1,367","3,186","3,296","5,138"
2018-12-18,"1,900","1,384","3,013","3,221","5,129"
2018-12-17,"1,800","1,371","3,009","3,177","5,096"
2018-12-14,"1,800","1,377","3,006","3,152","5,096"
2018-12-13,"1,800","1,441","2,950","3,061","5,073"
2018-12-12,"1,700","1,374","2,918","3,068","5,045"
2018-12-11,"1,600","1,439","2,881","2,937","5,045"
2018-12-10,"1,600","1,377","2,917","2,997","5,045"
2018-12-07,"1,600","1,440","2,996","3,047","5,039"
2018-12-06,"1,500","1,440","2,855","2,870","5,039"
2018-12-05,"1,400","1,351","2,789","2,660","4,966"
2018-12-04,"1,300","1,373","2,768","2,700","4,954"
2018-12-03,"1,300","1,357","2,788","2,771","4,958"
2018-11-30,"1,300","1,354","2,714","2,674","4,947"
2018-11-29,"1,200","1,393","2,597","2,545","4,943"
2018-11-28,"1,100","1,357","2,615","2,435","5,058"
2018-11-27,"1,200","1,389","2,680","2,493","5,068"
2018-11-26,"1,400","1,354","2,923","2,762","5,069"
2018-11-23,"1,400","1,359","2,794","2,805","5,049"
2018-11-22,"1,400","1,353","2,847","2,771","5,076"
2018-11-21,"1,300","1,392","2,695","2,537","5,090"
2018-11-20,"1,195","1,378","2,661","2,585","5,078"
2018-11-19,"1,100","1,372","2,654","2,544","5,085"
2018-11-16,"1,000","1,374","2,495","2,348","5,101"
2018-11-15,933,"1,404","2,550","2,290","5,108"
2018-11-14,940,"1,410","2,505","2,353","5,106"
2018-11-13,"1,000","1,372","2,621","2,379","5,132"
2018-11-12,"1,200","1,360","2,520","2,519","5,133"
2018-11-09,"1,200","1,369","2,573","2,548","5,204"
2018-11-08,"1,162","1,364","2,558","2,596","5,189"
2018-11-07,"1,145","1,368","2,527","2,448","5,172"
2018-11-06,"1,198","1,407","2,642","2,611","5,144"
2018-11-05,"1,341","1,349","2,665","2,665","5,145"
2018-11-02,"1,362","1,352","2,655","2,605","5,154"
2018-11-01,"1,400","1,384","2,653","2,708","5,156"
2018-10-31,"1,400","1,401","2,685","2,657","5,199"
2018-10-30,"1,400","1,360","2,730","2,726","5,208"
2018-10-29,"1,400","1,313","2,791","2,776","5,207"
2018-10-26,"1,400","1,355","2,740","2,843","5,207"
2018-10-25,"1,300","1,388","2,663","2,647","5,205"
2018-10-24,"1,229","1,358","2,674","2,631","5,192"
2018-10-23,"1,323","1,390","2,762","2,745","5,239"
2018-10-22,"1,500","1,344","2,871","2,774","5,235"
2018-10-19,"1,500","1,347","2,860","2,883","5,158"
2018-10-18,"1,500","1,386","2,845","3,017","5,149"
2018-10-17,"1,390","1,347","2,765","2,835","5,123"
2018-10-16,"1,300","1,381","2,728","2,904","5,190"
2018-10-15,"1,300","1,347","2,736","2,812","5,191"
2018-10-12,"1,400","1,347","2,797","2,952","5,158"
2018-10-11,"1,500","1,352","2,749","2,923","5,149"
2018-10-10,"1,610","1,349","2,849","3,085","5,124"
2018-10-08,"1,600","1,332","2,819","2,960","5,168"
2018-10-05,"1,500","1,342","2,847","3,024","5,153"
2018-10-04,"1,300","1,386","2,685","2,802","5,141"
2018-10-02,"1,298","1,326","2,759","2,780","5,224"
2018-10-01,"1,194","1,308","2,671","2,633","5,250"
2018-09-28,"1,200","1,383","2,568","2,655","5,259"
2018-09-27,"1,200","1,399","2,674","2,521","5,210"
2018-09-21,"1,200","1,379","2,661","2,701","5,210"
2018-09-20,"1,200","1,380","2,624","2,651","5,197"
2018-09-19,"1,100","1,372","2,583","2,554","5,201"
2018-09-18,995,"1,365","2,572","2,542","5,215"
2018-09-17,"1,000","1,316","2,484","2,474","5,222"
2018-09-14,"1,000","1,373","2,507","2,523","5,234"
2018-09-13,"1,100","1,280","2,632","2,694","5,263"
2018-09-12,"1,200","1,297","2,670","2,647","5,220"
2018-09-11,"1,300","1,279","2,773","2,760","5,232"
2018-09-10,"1,490","1,296","2,880","3,027","5,230"
2018-09-07,"1,500","1,357","2,827","2,945","5,184"
2018-09-06,"1,534","1,287","2,830","3,015","5,291"
2018-09-05,"1,500","1,302","2,786","2,891","5,354"
2018-09-04,"1,493","1,360","2,843","2,951","5,423"
2018-09-03,"1,492","1,282","2,725","2,850","5,426"
2018-08-31,"1,593","1,258","2,799","2,975","5,423"
2018-08-30,"1,697","1,267","2,904","3,067","5,461"
2018-08-29,"1,800","1,364","2,927","3,114","5,397"
2018-08-28,"1,900","1,353","2,978","3,149","5,379"
2018-08-27,"2,000","1,368","3,111","3,375","5,379"
2018-08-24,"2,000","1,275","3,074","3,244","5,379"
2018-08-23,"2,000","1,269","3,074","3,375","5,379"
2018-08-22,"2,000","1,272","3,103","3,274","5,288"
2018-08-21,"2,000","1,272","3,036","3,260","5,247"
2018-08-20,"2,000","1,264","3,006","3,289","5,234"
2018-08-17,"2,000","1,269","2,938","3,343","5,192"
2018-08-16,"1,900","1,288","2,935","3,281","5,170"
2018-08-14,"1,900","1,371","2,945","3,290","5,192"
2018-08-13,"1,900","1,281","2,983","3,191","5,190"
2018-08-10,"1,900","1,358","2,985","3,203","5,179"
2018-08-09,"1,800","1,297","2,911","3,118","5,172"
2018-08-08,"1,800","1,293","2,878","3,080","5,110"
2018-08-07,"1,800","1,358","2,904","3,100","5,104"
2018-08-06,"1,800","1,272","2,987","3,134","5,100"
2018-08-03,"1,800","1,365","2,998","3,073","5,100"
2018-08-02,"1,800","1,290","2,914","3,190","5,080"
2018-08-01,"1,800","1,277","2,941","3,124","5,034"
2018-07-31,"1,800","1,320","2,948","3,139","4,954"
2018-07-30,"1,800","1,290","2,949","3,284","4,943"
2018-07-27,"1,800","1,346","2,926","3,174","4,927"
2018-07-26,"1,800","1,326","2,900","3,255","4,908"
2018-07-25,"1,800","1,323","2,910","3,229","4,856"
2018-07-24,"1,800","1,321","2,934","3,066","4,857"
2018-07-23,"1,800","1,313","2,914","3,115","4,851"
2018-07-20,"1,700","1,272","2,886","3,025","4,828"
2018-07-19,"1,600","1,283","2,848","3,006","4,808"
2018-07-18,"1,500","1,341","2,760","3,118","4,807"
2018-07-17,"1,400","1,312","2,719","3,187","4,803"
2018-07-16,"1,400","1,321","2,720","3,043","4,798"
2018-07-13,"1,300","1,340","2,662","2,769","4,793"
2018-07-12,"1,200","1,332","2,615","2,685","4,799"
2018-07-11,"1,200","1,269","2,645","2,685","4,799"
2018-07-10,"1,195","1,282","2,619","2,542","4,794"
2018-07-09,"1,200","1,275","2,637","2,578","4,793"
2018-07-06,"1,186","1,282","2,650","2,577","4,783"
2018-07-05,"1,200","1,358","2,528","2,559","4,776"
2018-07-04,"1,200","1,348","2,598","2,601","4,799"
2018-07-03,"1,200","1,286","2,653","2,572","4,768"
2018-07-02,"1,205","1,328","2,670","2,625","4,762"
2018-06-29,"1,102","1,325","2,626","2,538","4,762"
2018-06-28,996,"1,328","2,584","2,451","4,750"
2018-06-27,900,"1,333","2,510","2,348","4,682"
2018-06-26,896,"1,338","2,524","2,340","4,722"
2018-06-25,885,"1,322","2,540","2,361","4,722"
2018-06-22,879,"1,327","2,547","2,398","4,735"
2018-06-21,888,"1,331","2,518","2,334","4,713"
2018-06-20,883,"1,334","2,571","2,356","4,724"
2018-06-19,937,"1,343","2,605","2,332","4,734"
2018-06-18,997,"1,337","2,612","2,412","4,732"
2018-06-15,994,"1,300","2,627","2,431","4,695"
2018-06-14,892,"1,327","2,636","2,360","4,704"
2018-06-12,895,"1,321","2,609","2,445","4,705"
2018-06-11,"1,000","1,346","2,597","2,475","4,700"
2018-06-08,"1,006","1,296","2,579","2,489","4,695"
2018-06-07,792,"1,328","2,480","2,179","4,700"
2018-06-05,800,"1,292","2,440","2,240","4,732"
2018-06-04,800,"1,337","2,480","2,178","4,732"
2018-06-01,800,"1,359","2,494","2,288","4,738"
2018-05-31,900,"1,365","2,500","2,264","4,792"
2018-05-30,900,"1,362","2,575","2,287","4,714"
2018-05-29,"1,000","1,362","2,563","2,245","4,714"
2018-05-28,"1,000","1,376","2,589","2,317","4,714"
2018-05-25,"1,000","1,305","2,541","2,360","4,722"
2018-05-24,"1,000","1,376","2,589","2,392","4,724"
2018-05-23,"1,181","1,374","2,628","2,491","4,751"
2018-05-21,"1,300","1,329","2,847","2,749","4,760"
2018-05-18,"1,300","1,331","2,795","2,788","4,759"
2018-05-17,"1,199","1,371","2,823","2,698","4,758"
2018-05-16,"1,082","1,365","2,645","2,517","4,915"
2018-05-15,"1,093","1,311","2,594","2,571","4,918"
2018-05-14,"1,098","1,357","2,625","2,581","4,937"
2018-05-11,"1,154","1,312","2,695","2,577","4,927"
2018-05-10,"1,198","1,314","2,697","2,653","4,935"
2018-05-09,"1,247","1,363","2,744","2,718","4,854"
2018-05-08,"1,500","1,353","2,874","2,938","4,860"
2018-05-04,"1,604","1,302","2,874","3,004","4,860"
2018-05-03,"1,500","1,355","2,826","2,956","4,786"
2018-05-02,"1,400","1,359","2,827","2,803","4,789"
2018-05-01,"1,298","1,299","2,732","2,753","4,795"
2018-04-30,"1,300","1,389","2,763","2,737","4,795"
2018-04-27,"1,200","1,372","2,704","2,631","4,793"
2018-04-26,"1,088","1,363","2,531","2,485","4,793"
2018-04-25,"1,085","1,362","2,624","2,437","4,807"
2018-04-24,"1,172","1,383","2,775","2,545","4,816"
2018-04-23,"1,392","1,350","2,807","2,810","4,814"
2018-04-20,"1,400","1,334","2,750","2,874","4,809"
2018-04-19,"1,300","1,379","2,709","2,722","4,791"
2018-04-18,"1,175","1,346","2,679","2,574","4,881"
2018-04-17,"1,066","1,378","2,574","2,480","4,885"
2018-04-16,"1,089","1,376","2,587","2,480","4,887"
2018-04-13,"1,174","1,389","2,642","2,588","4,888"
2018-04-12,"1,295","1,378","2,790","2,764","4,888"
2018-04-11,"1,400","1,388","2,812","2,862","4,916"
2018-04-10,"1,393","1,343","2,811","2,835","4,927"
2018-04-09,"1,400","1,382","2,803","2,900","4,923"
2018-04-06,"1,300","1,376","2,730","2,816","4,914"
2018-04-05,"1,196","1,375","2,678","2,656","4,909"
2018-04-04,"1,100","1,373","2,603","2,503","4,872"
2018-04-03,"1,099","1,376","2,718","2,537","4,893"
2018-04-02,"1,300","1,395","2,793","2,700","4,904"
2018-03-30,"1,373","1,391","2,886","2,864","4,905"
2018-03-29,"1,472","1,395","2,889","2,871","4,904"
2018-03-28,"1,589","1,381","2,890","2,941","4,783"
2018-03-27,"1,600","1,385","2,792","2,915","4,781"
2018-03-26,"1,600","1,387","2,743","2,920","4,788"
2018-03-23,"1,600","1,390","2,863","2,978","4,770"
2018-03-22,"1,500","1,367","2,774","2,915","4,766"
2018-03-21,"1,390","1,389","2,821","2,871","4,889"
2018-03-20,"1,400","1,380","2,857","2,840","4,890"
2018-03-19,"1,500","1,392","2,812","2,940","4,931"
2018-03-16,"1,500","1,388","2,854","2,958","4,897"
2018-03-15,"1,500","1,387","2,857","2,956","4,995"
2018-03-14,"1,483","1,384","2,886","2,920","4,875"
2018-03-13,"1,394","1,382","2,830","2,790","4,871"
2018-03-12,"1,297","1,400","2,711","2,769","4,873"
2018-03-09,"1,323","1,397","2,726","2,826","4,877"
2018-03-08,"1,297","1,393","2,743","2,797","4,877"
2018-03-07,"1,200","1,396","2,721","2,675","4,745"
2018-03-06,"1,090","1,396","2,637","2,596","4,759"
2018-03-05,970,"1,397","2,592","2,471","4,758"
2018-03-02,997,"1,419","2,651","2,401","4,763"
2018-02-28,968,"1,442","2,513","2,350","4,765"
2018-02-27,964,"1,377","2,488","2,403","4,781"
2018-02-26,"1,100","1,437","2,655","2,570","4,790"
2018-02-23,"1,214","1,431","2,659","2,671","4,830"
2018-02-22,"1,300","1,434","2,696","2,666","4,875"
2018-02-21,"1,388","1,437","2,702","2,839","4,944"
2018-02-20,"1,400","1,425","2,652","2,768","4,944"
2018-02-19,"1,365","1,348","2,709","2,881","4,759"
2018-02-14,"1,393","1,463","2,685","2,859","4,599"
2018-02-13,"1,281","1,425","2,742","2,836","4,599"
2018-02-12,"1,300","1,467","2,661","2,660","4,583"
2018-02-09,"1,300","1,428","2,665","2,685","4,593"
2018-02-08,"1,300","1,426","2,655","2,534","4,586"
2018-02-07,"1,200","1,439","2,593","2,533","4,516"
2018-02-06,"1,100","1,428","2,577","2,487","4,531"
2018-02-05,998,"1,471","2,551","2,388","4,510"
2018-02-02,"1,100","1,457","2,590","2,489","4,510"
2018-02-01,"1,200","1,395","2,667","2,531","4,510"
2018-01-31,"1,186","1,422","2,614","2,579","4,507"
2018-01-30,"1,163","1,411","2,614","2,595","4,499"
2018-01-29,"1,200","1,414","2,610","2,578","4,498"
2018-01-26,"1,104","1,419","2,541","2,466","4,498"
2018-01-25,"1,000","1,410","2,491","2,304","4,493"
2018-01-24,900,"1,409","2,464","2,234","4,534"
2018-01-23,911,"1,410","2,486","2,279","4,534"
2018-01-22,"1,000","1,409","2,510","2,348","4,531"
2018-01-19,"1,000","1,408","2,528","2,368","4,560"
2018-01-18,996,"1,417","2,582","2,392","4,574"
2018-01-17,"1,000","1,408","2,463","2,330","4,618"
2018-01-16,"1,000","1,398","2,471","2,322","4,618"
2018-01-15,"1,000","1,407","2,454","2,307","4,618"
2018-01-12,900,"1,403","2,473","2,293","4,618"
2018-01-11,796,"1,413","2,474","2,241","4,608"
2018-01-10,718,"1,410","2,425","2,136","4,793"
2018-01-09,701,"1,411","2,468","2,205","4,807"
2018-01-08,704,"1,428","2,433","2,237","4,823"
2018-01-05,692,"1,408","2,410","2,224","4,836"
2018-01-04,696,"1,410","2,418","2,119","4,838"
2018-01-03,783,"1,400","2,449","2,219","4,837"
2018-01-02,947,"1,387","2,555","2,397","4,846"