날짜,산지가격(특란30개),산지가격(특란10개),도매가격(특란10개),소비자가격(특란30개)
2025-01-08,"4,907","1,636","1,768",
2025-01-07,"4,905","1,635","1,755","6,809"
2025-01-06,"4,840","1,613","1,715","6,776"
2025-01-03,"4,876","1,625","1,712","6,203"
2025-01-02,"4,791","1,597","1,752","6,301"
2024-12-31,"4,797","1,599","1,719","6,805"
2024-12-30,"4,807","1,602","1,726","6,814"
2024-12-27,"4,832","1,611","1,744","6,814"
2024-12-26,"4,813","1,604","1,789","6,738"
2024-12-24,"4,812","1,604","1,743","6,992"
2024-12-23,"4,843","1,614","1,727","6,997"
2024-12-20,"4,842","1,614","1,746","6,994"
2024-12-19,"4,814","1,605","1,724","6,729"
2024-12-18,"4,853","1,618","1,729","6,970"
2024-12-17,"4,818","1,606","1,727","6,980"
2024-12-16,"4,864","1,621","1,763","6,955"
2024-12-13,"4,886","1,629","1,772","6,941"
2024-12-12,"4,879","1,626","1,767","6,969"
2024-12-11,"4,861","1,620","1,735","7,050"
2024-12-10,"4,887","1,629","1,740","7,060"
2024-12-09,"4,924","1,641","1,747","7,060"
2024-12-06,"4,913","1,638","1,752","7,078"
2024-12-05,"4,923","1,641","1,769","6,885"
2024-12-04,"4,944","1,648","1,783","6,935"
2024-12-03,"4,970","1,657","1,775","6,938"
2024-12-02,"4,970","1,657","1,775","6,954"
2024-11-29,"4,970","1,657","1,779","6,961"
2024-11-28,"4,967","1,656","1,770","6,926"
2024-11-27,"4,967","1,656","1,782","6,833"
2024-11-26,"4,998","1,666","1,779","6,852"
2024-11-25,"4,991","1,664","1,783","6,852"
2024-11-22,"4,972","1,657","1,790","6,764"
2024-11-21,"4,966","1,655","1,792","6,721"
2024-11-20,"4,964","1,655","1,795","6,253"
2024-11-19,"4,965","1,655","1,759","6,285"
2024-11-18,"4,962","1,654","1,802","6,322"
2024-11-15,"4,972","1,657","1,746","6,286"
2024-11-14,"4,971","1,657","1,781","6,845"
2024-11-13,"4,961","1,654","1,773","6,848"
2024-11-12,"4,973","1,658","1,769","6,848"
2024-11-11,"4,971","1,657","1,766","6,870"
2024-11-08,"4,970","1,657","1,721","6,826"
2024-11-07,"4,979","1,660","1,772","6,667"
2024-11-06,"4,943","1,648","1,763","6,412"
2024-11-05,"4,965","1,655","1,748","6,438"
2024-11-04,"4,981","1,660","1,752","6,438"
2024-11-01,"4,964","1,655","1,757","6,426"
2024-10-31,"4,968","1,656","1,777","6,615"
2024-10-30,"4,962","1,654","1,788","6,700"
2024-10-29,"4,974","1,658","1,772","6,700"
2024-10-28,"4,975","1,658","1,778","6,798"
2024-10-25,"4,989","1,663","1,781","6,794"
2024-10-24,"4,968","1,656","1,783","6,839"
2024-10-23,"4,974","1,658","1,772","7,027"
2024-10-22,"4,975","1,658","1,763","7,033"
2024-10-21,"4,976","1,659","1,802","7,025"
2024-10-18,"4,980","1,660","1,807","6,937"
2024-10-17,"4,975","1,658","1,780","6,995"
2024-10-16,"4,957","1,652","1,787","6,995"
2024-10-15,"4,983","1,661","1,762","7,057"
2024-10-14,"4,969","1,656","1,768","7,058"
2024-10-11,"4,964","1,655","1,776","7,029"
2024-10-10,"4,971","1,657","1,768","6,995"
2024-10-08,"4,960","1,653","1,729","7,005"
2024-10-07,"4,962","1,654","1,749","6,999"
2024-10-04,"4,984","1,661","1,719","7,021"
2024-10-02,"4,975","1,658","1,754","7,010"
2024-09-30,"4,980","1,660","1,809","6,775"
2024-09-27,"4,957","1,652","1,767","6,647"
2024-09-26,"4,955","1,652","1,798","6,695"
2024-09-25,"4,977","1,659","1,775","6,756"
2024-09-24,"4,974","1,658","1,749","6,756"
2024-09-23,"5,033","1,678","1,796","6,756"
2024-09-20,"5,095","1,698","1,802","6,591"
2024-09-19,"5,116","1,705","1,814","6,591"
2024-09-13,"5,142","1,714","1,818","5,942"
2024-09-12,"5,113","1,704","1,834","6,073"
2024-09-11,"5,130","1,710","1,822","6,224"
2024-09-10,"5,136","1,712","1,827","6,236"
2024-09-09,"5,095","1,698","1,851","6,282"
2024-09-06,"5,102","1,701","1,837","6,309"
2024-09-05,"5,097","1,699","1,809","6,406"
2024-09-04,"5,069","1,690","1,821","6,736"
2024-09-03,"5,043","1,681","1,819","6,673"
2024-09-02,"5,032","1,677","1,786","6,673"
2024-08-30,"4,982","1,661","1,806","6,656"
2024-08-29,"4,988","1,663","1,787","6,704"
2024-08-28,"4,999","1,666","1,776","6,711"
2024-08-27,"4,975","1,658","1,752","6,753"
2024-08-26,"4,958","1,653","1,726","6,753"
2024-08-23,"4,882","1,627","1,721","6,746"
2024-08-22,"4,821","1,607","1,695","6,752"
2024-08-21,"4,863","1,621","1,710","6,733"
2024-08-20,"4,791","1,597","1,684","6,746"
2024-08-19,"4,829","1,610","1,680","6,746"
2024-08-16,"4,837","1,612","1,689","6,534"
2024-08-14,"4,807","1,602","1,682","6,323"
2024-08-13,"4,764","1,588","1,690","6,323"
2024-08-12,"4,804","1,601","1,718","6,327"
2024-08-09,"4,791","1,597","1,708","6,335"
2024-08-08,"4,783","1,594","1,736","6,609"
2024-08-07,"4,787","1,596","1,717","6,968"
2024-08-06,"4,785","1,595","1,688","6,968"
2024-08-05,"4,817","1,606","1,719","6,968"
2024-08-02,"4,810","1,603","1,729","6,733"
2024-08-01,"4,772","1,591","1,700","6,721"
2024-07-31,"4,792","1,597","1,700","6,178"
2024-07-30,"4,805","1,602","1,734","6,178"
2024-07-29,"4,806","1,602","1,731","6,178"
2024-07-26,"4,797","1,599","1,736","6,163"
2024-07-25,"4,817","1,606","1,715","6,672"
2024-07-24,"4,812","1,604","1,733","6,857"
2024-07-23,"4,819","1,606","1,733","6,917"
2024-07-22,"4,819","1,606","1,720","6,917"
2024-07-19,"4,819","1,606","1,766","6,802"
2024-07-18,"4,853","1,618","1,755","6,807"
2024-07-17,"4,900","1,633","1,770","6,818"
2024-07-16,"4,903","1,634","1,745","6,873"
2024-07-15,"4,924","1,641","1,778","6,872"
2024-07-12,"4,901","1,634","1,777","6,779"
2024-07-11,"4,926","1,642","1,758","6,760"
2024-07-10,"4,892","1,631","1,764","6,741"
2024-07-09,"4,896","1,632","1,755","6,741"
2024-07-08,"4,910","1,637","1,753","6,682"
2024-07-05,"4,888","1,629","1,735","6,173"
2024-07-04,"4,946","1,649","1,739","6,166"
2024-07-03,"4,968","1,656","1,732","6,647"
2024-07-02,"4,996","1,665","1,758","6,647"
2024-07-01,"4,987","1,662","1,780","6,651"
2024-06-28,"4,974","1,658","1,809","6,700"
2024-06-27,"4,994","1,665","1,791","6,700"
2024-06-26,"4,987","1,662","1,765","6,693"
2024-06-25,"4,994","1,665","1,754","6,696"
2024-06-24,"4,998","1,666","1,732","6,696"
2024-06-21,"4,962","1,654","1,753","6,586"
2024-06-20,"5,004","1,668","1,748","6,600"
2024-06-19,"4,961","1,654","1,752","6,619"
2024-06-18,"5,001","1,667","1,732","6,619"
2024-06-17,"4,955","1,652","1,747","6,619"
2024-06-14,"4,934","1,645","1,719","6,579"
2024-06-13,"4,914","1,638","1,707","6,621"
2024-06-12,"4,876","1,625","1,705","6,548"
2024-06-11,"4,849","1,616","1,732","6,560"
2024-06-10,"4,883","1,628","1,720","6,465"
2024-06-07,"4,888","1,629","1,709","6,308"
2024-06-05,"4,881","1,627","1,718","6,637"
2024-06-04,"4,889","1,630","1,721","6,578"
2024-06-03,"4,868","1,623","1,730","6,579"
2024-05-31,"4,846","1,615","1,720","6,619"
2024-05-30,"4,870","1,623","1,720","6,495"
2024-05-29,"4,812","1,604","1,717","6,522"
2024-05-28,"4,864","1,621","1,708","6,526"
2024-05-27,"4,849","1,616","1,735","6,490"
2024-05-24,"4,863","1,621","1,758","6,485"
2024-05-23,"4,853","1,618","1,754","6,399"
2024-05-22,"4,842","1,614","1,733","6,795"
2024-05-21,"4,875","1,625","1,754","6,826"
2024-05-20,"4,923","1,641","1,756","6,826"
2024-05-17,"4,955","1,652","1,760","6,835"
2024-05-16,"4,958","1,653","1,756","6,678"
2024-05-14,"4,976","1,659","1,760","6,618"
2024-05-13,"4,977","1,659","1,750","6,447"
2024-05-10,"4,966","1,655","1,758","6,700"
2024-05-09,"4,992","1,664","1,746","6,356"
2024-05-08,"4,983","1,661","1,769","6,602"
2024-05-07,"4,967","1,656","1,746","6,612"
2024-05-03,"4,962","1,654","1,754","6,515"
2024-05-02,"4,968","1,656","1,784","6,794"
2024-04-30,"4,975","1,658","1,775","6,803"
2024-04-29,"4,951","1,650","1,767","6,810"
2024-04-26,"4,924","1,641","1,766","6,596"
2024-04-25,"4,955","1,652","1,752","6,288"
2024-04-24,"4,928","1,643","1,758","6,309"
2024-04-23,"4,956","1,652","1,746","6,090"
2024-04-22,"4,910","1,637","1,742","6,447"
2024-04-19,"4,870","1,623","1,729","6,425"
2024-04-18,"4,853","1,618","1,720","6,437"
2024-04-17,"4,828","1,609","1,711","6,451"
2024-04-16,"4,860","1,620","1,699","6,417"
2024-04-15,"4,845","1,615","1,721","6,418"
2024-04-12,"4,800","1,600","1,716","6,267"
2024-04-11,"4,769","1,590","1,702","6,119"
2024-04-09,"4,723","1,574","1,682","6,594"
2024-04-08,"4,706","1,569","1,690","6,553"
2024-04-05,"4,711","1,570","1,686","6,354"
2024-04-04,"4,692","1,564","1,673","6,376"
2024-04-03,"4,698","1,566","1,669","6,203"
2024-04-02,"4,697","1,566","1,678","6,197"
2024-04-01,"4,724","1,575","1,690","6,207"
2024-03-29,"4,702","1,567","1,686","6,265"
2024-03-28,"4,709","1,570","1,672","6,301"
2024-03-27,"4,708","1,569","1,665","6,077"
2024-03-26,"4,714","1,571","1,678","6,097"
2024-03-25,"4,719","1,573","1,668","6,107"
2024-03-22,"4,714","1,571","1,654","6,050"
2024-03-21,"4,734","1,578","1,650","6,039"
2024-03-20,"4,720","1,573","1,650","6,161"
2024-03-19,"4,719","1,573","1,626","6,168"
2024-03-18,"4,712","1,571","1,639","6,181"
2024-03-15,"4,664","1,555","1,642","6,086"
2024-03-14,"4,617","1,539","1,622","6,186"
2024-03-13,"4,558","1,519","1,620","6,232"
2024-03-12,"4,607","1,536","1,618","6,232"
2024-03-11,"4,620","1,540","1,632","6,261"
2024-03-08,"4,623","1,541","1,623","6,199"
2024-03-07,"4,625","1,542","1,616","6,237"
2024-03-06,"4,600","1,533","1,618","6,687"
2024-03-05,"4,662","1,554","1,616","6,694"
2024-03-04,"4,646","1,549","1,621","6,712"
2024-02-29,"4,621","1,540","1,627","6,780"
2024-02-28,"4,626","1,542","1,630","6,798"
2024-02-27,"4,653","1,551","1,638","6,798"
2024-02-26,"4,653","1,551","1,654","6,865"
2024-02-23,"4,680","1,560","1,660","6,723"
2024-02-22,"4,697","1,566","1,663","6,772"
2024-02-21,"4,765","1,588","1,683","6,822"
2024-02-20,"4,782","1,594","1,694","6,822"
2024-02-19,"4,796","1,599","1,705","6,822"
2024-02-16,"4,868","1,623","1,705","6,778"
2024-02-15,"4,870","1,623","1,707","5,908"
2024-02-14,"4,899","1,633","1,773","5,632"
2024-02-13,"4,972","1,657","1,779","5,579"
2024-02-08,"4,938","1,646","1,795","5,581"
2024-02-07,"4,929","1,643","1,782","5,582"
2024-02-06,"4,956","1,652","1,796","5,907"
2024-02-05,"4,989","1,663","1,802","5,913"
2024-02-02,"5,066","1,689","1,813","5,865"
2024-02-01,"5,105","1,702","1,822","5,871"
2024-01-31,"5,107","1,702","1,829","5,887"
2024-01-30,"5,078","1,693","1,820","5,924"
2024-01-29,"5,086","1,695","1,823","5,916"
2024-01-26,"5,101","1,700","1,827","5,887"
2024-01-25,"5,091","1,697","1,833","5,903"
2024-01-24,"5,112","1,704","1,830","5,898"
2024-01-23,"5,129","1,710","1,825","5,898"
2024-01-22,"5,132","1,711","1,834","5,898"
2024-01-19,"5,108","1,703","1,826","5,845"
2024-01-18,"5,112","1,704","1,831","5,855"
2024-01-17,"5,104","1,701","1,833","5,910"
2024-01-16,"5,109","1,703","1,834","5,910"
2024-01-15,"5,124","1,708","1,855","5,917"
2024-01-12,"5,114","1,705","1,854","5,944"
2024-01-11,"5,107","1,702","1,857","6,116"
2024-01-10,"5,100","1,700","1,838","7,158"
2024-01-09,"5,141","1,714","1,823","7,158"
2024-01-08,"5,135","1,712","1,826","7,132"
2024-01-05,"5,112","1,704","1,825","6,996"
2024-01-04,"5,110","1,703","1,824","6,938"
2024-01-03,"5,118","1,706","1,820","6,881"
2024-01-02,"5,131","1,710","1,829","6,881"
2023-12-29,"5,137","1,712","1,816","6,628"
2023-12-28,"5,162","1,721","1,840","6,443"
2023-12-27,"5,129","1,710","1,848","6,446"
2023-12-26,"5,117","1,706","1,822","6,486"
2023-12-22,"5,102","1,701","1,816","6,088"
2023-12-21,"5,090","1,697","1,828","6,029"
2023-12-20,"5,075","1,692","1,831","6,040"
2023-12-19,"5,084","1,695","1,804","6,225"
2023-12-18,"5,076","1,692","1,792","6,235"
2023-12-15,"5,077","1,692","1,798","6,015"
2023-12-14,"5,106","1,702","1,773","6,161"
2023-12-13,"5,087","1,696","1,786","6,155"
2023-12-12,"5,068","1,689","1,801","6,275"
2023-12-11,"5,074","1,691","1,804","6,295"
2023-12-08,"5,074","1,691","1,788","6,182"
2023-12-07,"5,064","1,688","1,793","6,842"
2023-12-06,"5,067","1,689","1,788","6,779"
2023-12-05,"5,065","1,688","1,783","6,779"
2023-12-04,"5,071","1,690","1,792","6,991"
2023-12-01,"5,059","1,686","1,793","6,980"
2023-11-30,"5,060","1,687","1,801","7,016"
2023-11-29,"5,049","1,683","1,811","7,039"
2023-11-28,"5,039","1,680","1,816","7,041"
2023-11-27,"5,043","1,681","1,824","7,044"
2023-11-24,"5,049","1,683","1,826","7,009"
2023-11-23,"5,055","1,685","1,813","7,023"
2023-11-22,"5,072","1,691","1,833","7,020"
2023-11-21,"5,101","1,700","1,845","7,037"
2023-11-20,"5,141","1,714","1,853","7,045"
2023-11-17,"5,147","1,716","1,840","6,771"
2023-11-16,"5,158","1,719","1,827","6,770"
2023-11-15,"5,153","1,718","1,846","6,773"
2023-11-14,"5,162","1,721","1,839","6,753"
2023-11-13,"5,148","1,716","1,838","6,773"
2023-11-10,"5,173","1,724","1,846","6,618"
2023-11-09,"5,181","1,727","1,833","6,893"
2023-11-08,"5,148","1,716","1,837","6,869"
2023-11-07,"5,169","1,723","1,840","6,886"
2023-11-06,"5,157","1,719","1,836","6,853"
2023-11-03,"5,159","1,720","1,824","6,786"
2023-11-02,"5,149","1,716","1,831","6,821"
2023-11-01,"5,140","1,713","1,860","6,810"
2023-10-31,"5,148","1,716","1,860","6,844"
2023-10-30,"5,155","1,718","1,870","6,952"
2023-10-27,"5,138","1,713","1,848","6,933"
2023-10-26,"5,153","1,718","1,828","6,932"
2023-10-25,"5,157","1,719","1,849","6,939"
2023-10-24,"5,171","1,724","1,849","6,939"
2023-10-23,"5,210","1,737","1,866","6,916"
2023-10-20,"5,173","1,724","1,844","6,834"
2023-10-19,"5,178","1,726","1,833","6,632"
2023-10-18,"5,179","1,726","1,814","6,632"
2023-10-17,"5,211","1,737","1,828","6,609"
2023-10-16,"5,225","1,742","1,845","6,613"
2023-10-13,"5,239","1,746","1,840","6,606"
2023-10-12,"5,173","1,724","1,855","6,892"
2023-10-11,"5,202","1,734","1,875","6,898"
2023-10-10,"5,306","1,769","1,858","6,898"
2023-10-06,"5,249","1,750","1,856","6,759"
2023-10-05,"5,320","1,773","1,872","6,164"
2023-10-04,"5,292","1,764","1,888","6,147"
2023-09-27,"5,291","1,764","1,870","6,088"
2023-09-26,"5,350","1,783","1,886","6,224"
2023-09-25,"5,333","1,778","1,871","6,154"
2023-09-22,"5,262","1,754","1,866","6,280"
2023-09-21,"5,297","1,766","1,855","6,336"
2023-09-20,"5,274","1,758","1,869","6,346"
2023-09-19,"5,326","1,775","1,854","6,353"
2023-09-18,"5,300","1,767","1,835","6,313"
2023-09-15,"5,267","1,756","1,809","6,406"
2023-09-14,"5,208","1,736","1,798","6,347"
2023-09-13,"5,138","1,713","1,780","6,347"
2023-09-12,"5,068","1,689","1,789","6,347"
2023-09-11,"5,006","1,669","1,761","6,337"
2023-09-08,"4,910","1,637","1,756","6,337"
2023-09-07,"4,933","1,644","1,761","6,337"
2023-09-06,"4,896","1,632","1,750","6,334"
2023-09-05,"4,867","1,622","1,731","6,332"
2023-09-04,"4,857","1,619","1,717","6,332"
2023-09-01,"4,852","1,617","1,729","6,332"
2023-08-31,"4,804","1,601","1,706","6,326"
2023-08-30,"4,800","1,600","1,693","6,323"
2023-08-29,"4,788","1,596","1,677","6,323"
2023-08-28,"4,732","1,577","1,660","6,323"
2023-08-25,"4,678","1,559","1,642","6,323"
2023-08-24,"4,663","1,554","1,626","6,305"
2023-08-23,"4,584","1,528","1,648","6,314"
2023-08-22,"4,588","1,529","1,635","6,314"
2023-08-21,"4,553","1,518","1,645","6,404"
2023-08-18,"4,578","1,526","1,638","6,407"
2023-08-17,"4,571","1,524","1,623","6,451"
2023-08-16,"4,575","1,525","1,612","6,430"
2023-08-14,"4,562","1,521","1,621","6,422"
2023-08-11,"4,562","1,521","1,651","6,422"
2023-08-10,"4,589","1,530","1,638","6,386"
2023-08-09,"4,587","1,529","1,653","5,887"
2023-08-08,"4,659","1,553","1,655","5,895"
2023-08-07,"4,704","1,568","1,684","5,895"
2023-08-04,"4,690","1,563","1,695","5,964"
2023-08-03,"4,672","1,557","1,682","6,463"
2023-08-02,"4,710","1,570","1,676","6,463"
2023-08-01,"4,738","1,579","1,651","6,463"
2023-07-31,"4,707","1,569","1,647","6,463"
2023-07-28,"4,686","1,562","1,667","6,470"
2023-07-27,"4,678","1,559","1,647","6,541"
2023-07-26,"4,661","1,554","1,662","6,538"
2023-07-25,"4,673","1,558","1,650","6,653"
2023-07-24,"4,693","1,564","1,653","6,629"
2023-07-21,"4,681","1,560","1,645","6,652"
2023-07-20,"4,718","1,573","1,637","6,625"
2023-07-19,"4,706","1,569","1,658","6,625"
2023-07-18,"4,695","1,565","1,670","6,625"
2023-07-17,"4,688","1,563","1,668","6,620"
2023-07-14,"4,722","1,574","1,656","6,116"
2023-07-13,"4,707","1,569","1,653","6,049"
2023-07-12,"4,804","1,601","1,677","6,055"
2023-07-11,"4,829","1,610","1,711","6,050"
2023-07-10,"4,858","1,619","1,710","6,050"
2023-07-07,"4,846","1,615","1,718","6,050"
2023-07-06,"4,841","1,614","1,701","6,064"
2023-07-05,"4,887","1,629","1,719","6,079"
2023-07-04,"4,873","1,624","1,724","6,105"
2023-07-03,"4,848","1,616","1,706","6,123"
2023-06-30,"4,863","1,621","1,728","6,204"
2023-06-29,"4,866","1,622","1,724","6,204"
2023-06-28,"4,901","1,634","1,750","6,245"
2023-06-27,"4,912","1,637","1,757","6,272"
2023-06-26,"4,948","1,649","1,755","6,279"
2023-06-23,"4,932","1,644","1,753","6,283"
2023-06-22,"4,885","1,628","1,741","6,283"
2023-06-21,"4,945","1,648","1,751","6,304"
2023-06-20,"4,935","1,645","1,759","6,312"
2023-06-19,"4,986","1,662","1,766","6,324"
2023-06-16,"4,962","1,654","1,766","6,324"
2023-06-15,"4,950","1,650","1,774","6,328"
2023-06-14,"4,996","1,665","1,785","6,337"
2023-06-13,"5,026","1,675","1,804","6,359"
2023-06-12,"5,066","1,689","1,809","6,359"
2023-06-09,"5,107","1,702","1,809","6,359"
2023-06-08,"5,099","1,700","1,796","6,922"
2023-06-07,"5,075","1,692","1,809","6,922"
2023-06-05,"5,093","1,698","1,830","6,914"
2023-06-02,"5,101","1,700","1,819","6,915"
2023-06-01,"5,081","1,694","1,804","6,891"
2023-05-31,"5,092","1,697","1,796","6,892"
2023-05-30,"5,078","1,693","1,807","6,892"
2023-05-26,"5,106","1,702","1,815","6,899"
2023-05-25,"5,087","1,696","1,792","6,861"
2023-05-24,"5,082","1,694","1,809","6,864"
2023-05-23,"5,082","1,694","1,802","6,871"
2023-05-22,"5,052","1,684","1,816","6,871"
2023-05-19,"5,102","1,701","1,808","6,813"
2023-05-18,"5,086","1,695","1,804","6,688"
2023-05-17,"5,090","1,697","1,800","6,681"
2023-05-16,"5,117","1,706","1,784","6,684"
2023-05-15,"5,101","1,700","1,808","6,682"
2023-05-12,"5,079","1,693","1,789","6,674"
2023-05-11,"5,091","1,697","1,769","6,674"
2023-05-10,"5,098","1,699","1,774","6,652"
2023-05-09,"5,099","1,700","1,788","6,652"
2023-05-08,"5,064","1,688","1,797","6,652"
2023-05-04,"4,981","1,660","1,776","6,624"
2023-05-03,"4,929","1,643","1,760","6,610"
2023-05-02,"4,879","1,626","1,748","6,588"
2023-04-28,"4,866","1,622","1,730","6,548"
2023-04-27,"4,864","1,621","1,713","6,549"
2023-04-26,"4,793","1,598","1,694","6,549"
2023-04-25,"4,752","1,584","1,682","6,549"
2023-04-24,"4,729","1,576","1,673","6,549"
2023-04-21,"4,668","1,556","1,666","6,521"
2023-04-20,"4,663","1,554","1,663","6,531"
2023-04-19,"4,631","1,544","1,651","6,531"
2023-04-18,"4,615","1,538","1,647","6,529"
2023-04-17,"4,595","1,532","1,644","6,529"
2023-04-14,"4,608","1,536","1,641","6,525"
2023-04-13,"4,621","1,540","1,639","6,509"
2023-04-12,"4,601","1,534","1,658","6,509"
2023-04-11,"4,649","1,550","1,655","6,503"
2023-04-10,"4,645","1,548","1,679","6,503"
2023-04-07,"4,629","1,543","1,672","6,483"
2023-04-06,"4,593","1,531","1,666","6,483"
2023-04-05,"4,640","1,547","1,685","6,480"
2023-04-04,"4,624","1,541","1,677","6,480"
2023-04-03,"4,606","1,535","1,675","6,473"
2023-03-31,"4,632","1,544","1,674","6,316"
2023-03-30,"4,616","1,539","1,672","6,317"
2023-03-29,"4,605","1,535","1,674","6,317"
2023-03-28,"4,587","1,529","1,666","6,317"
2023-03-27,"4,576","1,525","1,659","6,317"
2023-03-24,"4,622","1,541","1,663","6,307"
2023-03-23,"4,599","1,533","1,661","6,294"
2023-03-22,"4,600","1,533","1,658","6,294"
2023-03-21,"4,572","1,524","1,642","6,251"
2023-03-20,"4,527","1,509","1,626","6,251"
2023-03-17,"4,476","1,492","1,607","6,028"
2023-03-16,"4,420","1,473","1,599","6,028"
2023-03-15,"4,371","1,457","1,592","6,028"
2023-03-14,"4,324","1,441","1,581","6,028"
2023-03-13,"4,312","1,437","1,554","6,028"
2023-03-10,"4,350","1,450","1,574","6,037"
2023-03-09,"4,322","1,441","1,562","6,060"
2023-03-08,"4,332","1,444","1,585","6,310"
2023-03-07,"4,313","1,438","1,565","6,310"
2023-03-06,"4,256","1,419","1,568","6,293"
2023-03-03,"4,261","1,420","1,551","6,293"
2023-03-02,"4,227","1,409","1,575","6,302"
2023-02-28,"4,190","1,397","1,552","6,299"
2023-02-27,"4,153","1,384","1,549","6,299"
2023-02-24,"4,204","1,401","1,565","6,263"
2023-02-23,"4,160","1,387","1,553","6,225"
2023-02-22,"4,130","1,377","1,571","6,240"
2023-02-21,"4,104","1,368","1,566","6,252"
2023-02-20,"4,091","1,364","1,573","6,252"
2023-02-17,"4,142","1,381","1,595","6,260"
2023-02-16,"4,161","1,387","1,567","6,260"
2023-02-15,"4,162","1,387","1,577","6,275"
2023-02-14,"4,213","1,404","1,635","6,277"
2023-02-13,"4,201","1,400","1,610","6,082"
2023-02-10,"4,287","1,429","1,624","6,199"
2023-02-09,"4,262","1,421","1,607","6,541"
2023-02-08,"4,280","1,427","1,614","6,540"
2023-02-07,"4,282","1,427","1,614","6,544"
2023-02-06,"4,334","1,445","1,629","6,568"
2023-02-03,"4,283","1,428","1,634","6,584"
2023-02-02,"4,315","1,438","1,605","6,587"
2023-02-01,"4,358","1,453","1,624","6,591"
2023-01-31,"4,368","1,456","1,628","6,601"
2023-01-30,"4,366","1,455","1,679","6,641"
2023-01-27,"4,361","1,454","1,697","6,668"
2023-01-26,"4,493","1,498","1,758","6,644"
2023-01-25,"4,625","1,542","1,887","6,670"
2023-01-20,"4,595","1,532","1,895","6,677"
2023-01-19,"4,599","1,533","1,900","6,627"
2023-01-18,"4,636","1,545","1,893","6,627"
2023-01-17,"4,631","1,544","1,903","6,627"
2023-01-16,"4,696","1,565","1,907","6,627"
2023-01-13,"4,754","1,585","1,887","6,628"
2023-01-12,"4,812","1,604","1,908","6,628"
2023-01-11,"4,895","1,632","1,895","6,628"
2023-01-10,"4,950","1,650","1,903","6,628"
2023-01-09,"4,957","1,652","1,910","6,627"
2023-01-06,"4,955","1,652","1,899","6,628"
2023-01-05,"4,922","1,641","1,891","6,675"
2023-01-04,"4,997","1,666","1,920","6,675"
2023-01-03,"5,078","1,693","1,927","6,675"
2023-01-02,"5,050","1,683","1,945","6,675"
2022-12-30,"5,064","1,688","1,935","6,675"
2022-12-29,"5,077","1,692","1,940","6,675"
2022-12-28,"5,083","1,694","1,926","6,675"
2022-12-27,"5,071","1,690","1,939","6,672"
2022-12-26,"5,070","1,690","1,909","6,672"
2022-12-23,"5,067","1,689","1,924","6,672"
2022-12-22,"5,058","1,686","1,939","6,672"
2022-12-21,"5,061","1,687","1,931","6,672"
2022-12-20,"5,060","1,687","1,935","6,672"
2022-12-19,"5,062","1,687","1,939","6,672"
2022-12-16,"5,073","1,691","1,951","6,672"
2022-12-15,"5,096","1,699","1,946","6,715"
2022-12-14,"5,103","1,701","1,940","6,715"
2022-12-13,"5,089","1,696","1,946","6,715"
2022-12-12,"5,056","1,685","1,948","6,715"
2022-12-09,"5,052","1,684","1,936","6,740"
2022-12-08,"5,054","1,685","1,944","6,738"
2022-12-07,"5,062","1,687","1,933","6,727"
2022-12-06,"5,059","1,686","1,945","6,727"
2022-12-05,"5,108","1,703","1,938","6,727"
2022-12-02,"5,066","1,689","1,944","6,704"
2022-12-01,"5,061","1,687","1,947","6,743"
2022-11-30,"5,098","1,699","1,922","6,743"
2022-11-29,"5,042","1,681","1,929","6,743"
2022-11-28,"5,082","1,694","1,950","6,740"
2022-11-25,"5,049","1,683","1,908","6,647"
2022-11-24,"5,040","1,680","1,839","6,593"
2022-11-23,"5,040","1,680","1,924","6,593"
2022-11-22,"5,051","1,684","1,856","6,593"
2022-11-21,"5,113","1,704","1,851","6,590"
2022-11-18,"5,010","1,670","1,841","6,585"
2022-11-17,"4,954","1,651","1,864","6,638"
2022-11-16,"5,015","1,672","1,826","6,632"
2022-11-15,"4,946","1,649","1,814","6,624"
2022-11-14,"4,959","1,653","1,825","6,624"
2022-11-11,"4,935","1,645","1,794","6,624"
2022-11-10,"4,916","1,639","1,795","6,579"
2022-11-09,"4,924","1,641","1,790","6,579"
2022-11-08,"4,886","1,629","1,779","6,579"
2022-11-07,"4,939","1,646","1,770","6,577"
2022-11-04,"4,903","1,634","1,767","6,552"
2022-11-03,"4,933","1,644","1,775","6,556"
2022-11-02,"4,898","1,633","1,802","6,553"
2022-11-01,"4,863","1,621","1,803","6,555"
2022-10-31,"4,884","1,628","1,829","6,549"
2022-10-28,"4,884","1,628","1,814","6,547"
2022-10-27,"4,848","1,616","1,771","6,544"
2022-10-26,"4,791","1,597","1,831","6,544"
2022-10-25,"4,758","1,586","1,849","6,544"
2022-10-24,"4,735","1,578","1,774","6,537"
2022-10-21,"4,771","1,590","1,753","6,537"
2022-10-20,"4,725","1,575","1,721","6,470"
2022-10-19,"4,728","1,576","1,757","6,470"
2022-10-18,"4,708","1,569","1,751","6,467"
2022-10-17,"4,740","1,580","1,768","6,467"
2022-10-14,"4,776","1,592","1,738","6,467"
2022-10-13,"4,727","1,576","1,746","6,445"
2022-10-12,"4,750","1,583","1,772","6,445"
2022-10-11,"4,770","1,590","1,712","6,451"
2022-10-07,"4,762","1,587","1,741","6,452"
2022-10-06,"4,731","1,577","1,771","6,559"
2022-10-05,"4,748","1,583","1,760","6,559"
2022-10-04,"4,799","1,600","1,764","6,559"
2022-09-30,"4,768","1,589","1,762","6,559"
2022-09-29,"4,746","1,582","1,728","6,500"
2022-09-28,"4,742","1,581","1,752","6,500"
2022-09-27,"4,764","1,588","1,721","6,500"
2022-09-26,"4,770","1,590","1,726","6,500"
2022-09-23,"4,790","1,597","1,722","6,593"
2022-09-22,"4,778","1,593","1,698","6,643"
2022-09-21,"4,794","1,598","1,737","6,639"
2022-09-20,"4,748","1,583","1,744","6,647"
2022-09-19,"4,806","1,602","1,804","6,651"
2022-09-16,"4,786","1,595","1,786","6,644"
2022-09-15,"4,817","1,606","1,761","6,576"
2022-09-14,"4,845","1,615","1,787","6,576"
2022-09-13,"4,813","1,604","1,860","6,576"
2022-09-08,"4,939","1,646","1,878","6,579"
2022-09-07,"4,953","1,651","1,901","6,583"
2022-09-06,"4,938","1,646","1,882","6,604"
2022-09-05,"4,933","1,644","1,871","6,604"
2022-09-02,"4,960","1,653","1,846","6,601"
2022-09-01,"4,950","1,650","1,872","6,601"
2022-08-31,"4,944","1,648","1,840","6,601"
2022-08-30,"4,960","1,653","1,862","6,602"
2022-08-29,"4,945","1,648","1,836","6,602"
2022-08-26,"4,967","1,656","1,831","6,658"
2022-08-25,"4,943","1,648","1,813","6,674"
2022-08-24,"4,942","1,647","1,813","6,679"
2022-08-23,"4,911","1,637","1,838","6,660"
2022-08-22,"4,926","1,642","1,805","6,657"
2022-08-19,"4,936","1,645","1,810","6,687"
2022-08-18,"4,951","1,650","1,802","6,644"
2022-08-17,"4,942","1,647","1,816","6,644"
2022-08-16,"4,953","1,651","1,804","6,644"
2022-08-12,"4,964","1,655","1,817","6,621"
2022-08-11,"4,963","1,654","1,804","6,706"
2022-08-10,"5,015","1,672","1,822","6,706"
2022-08-09,"4,990","1,663","1,830","6,703"
2022-08-08,"4,988","1,663","1,834","6,717"
2022-08-05,"5,007","1,669","1,837","6,731"
2022-08-04,"4,998","1,666","1,816","6,707"
2022-08-03,"4,993","1,664","1,822","6,707"
2022-08-02,"4,998","1,666","1,794","6,707"
2022-08-01,"5,008","1,669","1,790","6,739"
2022-07-29,"5,027","1,676","1,797","6,746"
2022-07-28,"5,067","1,689","1,832","6,742"
2022-07-27,"5,071","1,690","1,824","6,742"
2022-07-26,"5,068","1,689","1,823","6,742"
2022-07-25,"5,074","1,691","1,884","6,757"
2022-07-22,"5,077","1,692","1,859","6,772"
2022-07-21,"5,086","1,695","1,849","6,781"
2022-07-20,"5,075","1,692","1,870","6,790"
2022-07-19,"5,118","1,706","1,889","6,794"
2022-07-18,"5,142","1,714","1,905","6,794"
2022-07-15,"5,145","1,715","1,847","6,789"
2022-07-14,"5,133","1,711","1,833","6,790"
2022-07-13,"5,118","1,706","1,843","6,797"
2022-07-12,"5,120","1,707","1,823","6,797"
2022-07-11,"5,125","1,708","1,839","6,814"
2022-07-08,"5,103","1,701","1,861","6,821"
2022-07-07,"5,104","1,701","1,851","6,791"
2022-07-06,"5,093","1,698","1,858","6,791"
2022-07-05,"5,090","1,697","1,863","6,791"
2022-07-04,"5,089","1,696","1,857","6,791"
2022-07-01,"5,080","1,693","1,855","6,802"
2022-06-30,"5,112","1,704","1,864","6,806"
2022-06-29,"5,151","1,717","1,891","6,825"
2022-06-28,"5,177","1,726","1,883","6,833"
2022-06-27,"5,204","1,735","1,860","6,844"
2022-06-24,"5,199","1,733","1,861","6,822"
2022-06-23,"5,223","1,741","1,885","6,791"
2022-06-22,"5,240","1,747","1,883","6,791"
2022-06-21,"5,232","1,744","1,861","6,850"
2022-06-20,"5,213","1,738","1,888","6,850"
2022-06-17,"5,229","1,743","1,894","6,782"
2022-06-16,"5,227","1,742","1,897","7,113"
2022-06-15,"5,192","1,731","1,900","7,113"
2022-06-14,"5,193","1,731","1,894","7,124"
2022-06-13,"5,238","1,746","1,910","7,124"
2022-06-10,"5,267","1,756","1,963","7,104"
2022-06-09,"5,280","1,760","1,945","6,858"
2022-06-08,"5,287","1,762","1,950","6,858"
2022-06-07,"5,310","1,770","1,933","6,858"
2022-06-03,"5,312","1,771","1,924","7,014"
2022-06-02,"5,329","1,776","1,950","7,003"
2022-05-31,"5,354","1,785","1,948","7,000"
2022-05-30,"5,344","1,781","1,924","7,000"
2022-05-27,"5,327","1,776","1,909","6,989"
2022-05-26,"5,331","1,777","1,900","6,989"
2022-05-25,"5,349","1,783","1,912","6,989"
2022-05-24,"5,346","1,782","1,895","6,989"
2022-05-23,"5,360","1,787","1,893","6,984"
2022-05-20,"5,343","1,781","1,901","6,966"
2022-05-19,"5,312","1,771","1,890","6,980"
2022-05-18,"5,334","1,778","1,903","6,973"
2022-05-17,"5,326","1,775","1,883","6,959"
2022-05-16,"5,336","1,779","1,883","6,959"
2022-05-13,"5,339","1,780","1,903","6,949"
2022-05-12,"5,308","1,769","1,914","6,409"
2022-05-11,"5,330","1,777","1,886","6,405"
2022-05-10,"5,314","1,771","1,883","6,405"
2022-05-09,"5,279","1,760","1,865","6,405"
2022-05-06,"5,100","1,700","1,855","6,405"
2022-05-04,"5,103","1,701","1,845","6,958"
2022-05-03,"5,071","1,690","1,847","6,958"
2022-05-02,"5,083","1,694","1,854","6,960"
2022-04-29,"5,069","1,690","1,861","6,961"
2022-04-28,"5,086","1,695","1,870","6,960"
2022-04-27,"5,068","1,689","1,861","6,969"
2022-04-26,"5,074","1,691","1,872","6,992"
2022-04-25,"5,106","1,702","1,904","7,008"
2022-04-22,"5,079","1,693","1,833","7,010"
2022-04-21,"5,096","1,699","1,834","7,003"
2022-04-20,"5,091","1,697","1,831","7,014"
2022-04-19,"5,068","1,689","1,841","7,019"
2022-04-18,"5,074","1,691","1,844","7,019"
2022-04-15,"5,075","1,692","1,826","6,993"
2022-04-14,"5,062","1,687","1,827","6,330"
2022-04-13,"5,041","1,680","1,817","6,314"
2022-04-12,"5,013","1,671","1,804","6,312"
2022-04-11,"5,019","1,673","1,804","6,312"
2022-04-08,"5,008","1,669","1,825","6,280"
2022-04-07,"4,992","1,664","1,829","6,300"
2022-04-06,"4,999","1,666","1,823","6,300"
2022-04-05,"4,990","1,663","1,814","6,300"
2022-04-04,"4,973","1,658","1,815","6,304"
2022-04-01,"4,953","1,651","1,803","6,304"
2022-03-31,"4,965","1,655","1,818","6,842"
2022-03-30,"4,947","1,649","1,801","6,827"
2022-03-29,"4,905","1,635","1,813","6,827"
2022-03-28,"4,891","1,630","1,770","6,827"
2022-03-25,"4,863","1,621","1,754","6,837"
2022-03-24,"4,878","1,626","1,746","6,363"
2022-03-23,"4,851","1,617","1,735","6,358"
2022-03-22,"4,841","1,614","1,728","6,358"
2022-03-21,"4,790","1,597","1,737","6,358"
2022-03-18,"4,725","1,575","1,725","6,356"
2022-03-17,"4,727","1,576","1,714","6,356"
2022-03-16,"4,728","1,576","1,711","6,352"
2022-03-15,"4,712","1,571","1,690","6,352"
2022-03-14,"4,735","1,578","1,661","6,352"
2022-03-11,"4,609","1,536","1,651","6,352"
2022-03-10,"4,587","1,529","1,676","6,354"
2022-03-08,"4,536","1,512","1,661","6,357"
2022-03-07,"4,497","1,499","1,663","6,355"
2022-03-04,"4,477","1,492","1,663","6,357"
2022-03-03,"4,467","1,489","1,656","6,359"
2022-03-02,"4,460","1,487","1,649","6,359"
2022-02-28,"4,435","1,478","1,625","6,359"
2022-02-25,"4,433","1,478","1,624","6,359"
2022-02-24,"4,448","1,483","1,625","6,284"
2022-02-23,"4,416","1,472","1,615","6,284"
2022-02-22,"4,389","1,463","1,612","6,284"
2022-02-21,"4,375","1,458","1,601","6,284"
2022-02-18,"4,352","1,451","1,594","6,300"
2022-02-17,"4,325","1,442","1,587","6,371"
2022-02-16,"4,302","1,434","1,582","6,371"
2022-02-15,"4,276","1,425","1,588","6,378"
2022-02-14,"4,296","1,432","1,589","6,387"
2022-02-11,"4,290","1,430","1,582","6,377"
2022-02-10,"4,325","1,442","1,598","6,384"
2022-02-09,"4,319","1,440","1,598","6,386"
2022-02-08,"4,343","1,448","1,590","6,387"
2022-02-07,"4,323","1,441","1,590","6,389"
2022-02-04,"4,343","1,448","1,566","6,389"
2022-02-03,"4,376","1,459","1,621","6,371"
2022-01-28,"4,432","1,477","1,616","6,393"
2022-01-27,"4,426","1,475","1,605","6,450"
2022-01-26,"4,404","1,468","1,609","6,449"
2022-01-25,"4,431","1,477","1,612","6,449"
2022-01-24,"4,477","1,492","1,627","6,449"
2022-01-21,"4,549","1,516","1,627","6,378"
2022-01-20,"4,552","1,517","1,668","6,460"
2022-01-19,"4,566","1,522","1,664","6,442"
2022-01-18,"4,565","1,522","1,657","6,442"
2022-01-17,"4,524","1,508","1,672","6,445"
2022-01-14,"4,578","1,526","1,654","6,445"
2022-01-13,"4,546","1,515","1,663","6,433"
2022-01-12,"4,580","1,527","1,653","6,435"
2022-01-11,"4,588","1,529","1,650","6,435"
2022-01-10,"4,611","1,537","1,649","6,435"
2022-01-07,"4,585","1,528","1,662","6,435"
2022-01-06,"4,592","1,531","1,670","6,435"
2022-01-05,"4,531","1,510","1,637","6,435"
2022-01-04,"4,518","1,506","1,644","6,435"
2022-01-03,"4,541","1,514","1,652","6,435"
2021-12-31,"4,542","1,514","1,674","6,340"
2021-12-30,"4,527","1,509","1,681","6,338"
2021-12-29,"4,534","1,511","1,667","6,336"
2021-12-28,"4,532","1,511","1,659","6,331"
2021-12-27,"4,561","1,520","1,654","6,341"
2021-12-24,"4,548","1,516","1,651","6,397"
2021-12-23,"4,555","1,518","1,671","6,397"
2021-12-22,"4,541","1,514","1,661","6,392"
2021-12-21,"4,520","1,507","1,658","6,397"
2021-12-20,"4,530","1,510","1,653","6,397"
2021-12-17,"4,541","1,514","1,654","6,399"
2021-12-16,"4,547","1,516","1,653","6,401"
2021-12-15,"4,559","1,520","1,654","6,368"
2021-12-14,"4,576","1,525","1,655","6,371"
2021-12-13,"4,555","1,518","1,658","6,226"
2021-12-10,"4,558","1,519","1,674","6,226"
2021-12-09,"4,572","1,524","1,674","6,093"
2021-12-08,"4,585","1,528","1,654","5,978"
2021-12-07,"4,570","1,523","1,670","5,978"
2021-12-06,"4,595","1,532","1,666","5,975"
2021-12-03,"4,570","1,523","1,698",
2021-12-02,"4,579","1,526","1,706","5,967"
2021-12-01,"4,593","1,531","1,651","5,987"
2021-11-30,"4,599","1,533","1,661","5,987"
2021-11-29,"4,570","1,523","1,670","5,989"
2021-11-26,"4,607","1,536","1,652","5,987"
2021-11-25,"4,600","1,533","1,657","5,987"
2021-11-24,"4,575","1,525","1,655","5,988"
2021-11-23,"4,595","1,532","1,663","5,988"
2021-11-22,"4,578","1,526","1,652","5,986"
2021-11-19,"4,581","1,527","1,669","5,980"
2021-11-18,"4,586","1,529","1,672","5,981"
2021-11-17,"4,573","1,524","1,665","5,990"
2021-11-16,"4,587","1,529","1,664","5,990"
2021-11-15,"4,530","1,510","1,695","5,990"
2021-11-12,"4,511","1,504","1,652","5,990"
2021-11-11,"4,539","1,513","1,642","5,984"
2021-11-10,"4,491","1,497","1,607","5,962"
2021-11-09,"4,491","1,497","1,617","5,962"
2021-11-08,"4,492","1,497","1,623","5,965"
2021-11-05,"4,492","1,497","1,623","5,987"
2021-11-04,"4,493","1,498","1,627","5,977"
2021-11-03,"4,495","1,498","1,630","5,984"
2021-11-02,"4,495","1,498","1,619","5,984"
2021-11-01,"4,503","1,501","1,645","5,986"
2021-10-29,"4,507","1,502","1,656","5,993"
2021-10-28,"4,510","1,503","1,643","5,996"
2021-10-27,"4,511","1,504","1,644","5,965"
2021-10-26,"4,534","1,511","1,644","5,965"
2021-10-25,"4,540","1,513","1,645","5,965"
2021-10-22,"4,563","1,521","1,671","5,965"
2021-10-21,"4,527","1,509","1,646","5,968"
2021-10-20,"4,540","1,513","1,647","5,975"
2021-10-19,"4,566","1,522","1,649","5,986"
2021-10-18,"4,574","1,525","1,669","6,012"
2021-10-15,"4,607","1,536","1,669","6,081"
2021-10-14,"4,625","1,542","1,680","6,086"
2021-10-13,"4,642","1,547","1,686","6,086"
2021-10-12,"4,693","1,564","1,692","6,117"
2021-10-08,"4,700","1,567","1,707","6,148"
2021-10-07,"4,738","1,579","1,707","6,159"
2021-10-06,"4,910","1,637","1,743","6,199"
2021-10-05,"4,922","1,641","1,746","6,281"
2021-10-01,"4,924","1,641","1,753","6,396"
2021-09-30,"5,007","1,669","1,774","6,399"
2021-09-29,"5,018","1,673","1,777","6,466"
2021-09-28,"5,167","1,722","1,812","6,489"
2021-09-27,"5,244","1,748","1,840","6,503"
2021-09-24,"5,286","1,762","1,859","6,508"
2021-09-23,"5,331","1,777","1,869","6,492"
2021-09-17,"5,333","1,778","1,897","6,497"
2021-09-16,"5,354","1,785","1,897","6,503"
2021-09-15,"5,359","1,786","1,903","6,530"
2021-09-14,"5,359","1,786","1,914","6,530"
2021-09-13,"5,362","1,787","1,915","6,541"
2021-09-10,"5,365","1,788","1,921","6,524"
2021-09-09,"5,372","1,791","1,925","6,533"
2021-09-08,"5,379","1,793","1,935","6,586"
2021-09-07,"5,395","1,798","1,935","6,598"
2021-09-06,"5,418","1,806","1,936","6,603"
2021-09-03,"5,441","1,814","1,940","6,615"
2021-09-02,"5,465","1,822","1,946","6,621"
2021-09-01,"5,508","1,836","1,968","6,741"
2021-08-31,"5,519","1,840","1,970","6,743"
2021-08-30,"5,529","1,843","1,975","6,747"
2021-08-27,"5,530","1,843","1,982","6,763"
2021-08-26,"5,531","1,844","1,985","6,769"
2021-08-25,"5,536","1,845","1,986","6,769"
2021-08-24,"5,576","1,859","1,986","6,808"
2021-08-23,"5,591","1,864","2,003","6,823"
2021-08-20,"5,613","1,871","2,004","6,826"
2021-08-19,"5,635","1,878","2,011","6,826"
2021-08-18,"5,640","1,880","2,012","6,829"
2021-08-17,"5,662","1,887","2,029","6,845"
2021-08-13,"5,687","1,896","2,045","6,893"
2021-08-12,"5,724","1,908","2,049","6,946"
2021-08-11,"5,773","1,924","2,061","7,077"
2021-08-10,"5,784","1,928","2,061","7,079"
2021-08-09,"5,926","1,975","2,108","7,108"
2021-08-06,"5,926","1,975","2,124","7,140"
2021-08-05,"5,939","1,980","2,115","7,158"
2021-08-04,"5,936","1,979","2,135","7,257"
2021-08-03,"5,943","1,981","2,146","7,266"
2021-08-02,"5,976","1,992","2,150","7,268"
2021-07-30,"5,973","1,991","2,137","7,263"
2021-07-29,"5,974","1,991","2,135","7,308"
2021-07-28,"6,016","2,005","2,132","7,343"
2021-07-27,"5,996","1,999","2,119","7,351"
2021-07-26,"6,087","2,029","2,140","7,403"
2021-07-23,"6,134","2,045","2,140","7,403"
2021-07-22,"6,116","2,039","2,144","7,416"
2021-07-21,"6,114","2,038","2,152","7,481"
2021-07-20,"6,107","2,036","2,140","7,486"
2021-07-19,"6,117","2,039","2,148","7,471"
2021-07-16,"6,117","2,039","2,137","7,531"
2021-07-15,"6,103","2,034","2,127","7,546"
2021-07-14,"6,101","2,034","2,130","7,546"
2021-07-13,"6,047","2,016","2,126","7,546"
2021-07-12,"6,077","2,026","2,110","7,546"
2021-07-09,"6,081","2,027","2,115","7,546"
2021-07-08,"6,104","2,035","2,137","7,546"
2021-07-07,"6,121","2,040","2,149","7,563"
2021-07-06,"6,044","2,015","2,132","7,553"
2021-07-05,"6,075","2,025","2,122","7,550"
2021-07-02,"6,078","2,026","2,133","7,548"
2021-07-01,"6,097","2,032","2,139","7,545"
2021-06-30,"6,076","2,025","2,148","7,545"
2021-06-29,"6,111","2,037","2,123","7,545"
2021-06-28,"6,133","2,044","2,109","7,547"
2021-06-25,"6,082","2,027","2,110","7,547"
2021-06-24,"6,100","2,033","2,119","7,542"
2021-06-23,"6,101","2,034","2,147","7,543"
2021-06-22,"6,091","2,030","2,140","7,545"
2021-06-21,"6,097","2,032","2,127","7,545"
2021-06-18,"6,126","2,042","2,127","7,520"
2021-06-17,"6,123","2,041","2,164","7,515"
2021-06-16,"6,111","2,037","2,166","7,544"
2021-06-15,"6,130","2,043","2,130","7,566"
2021-06-14,"6,144","2,048","2,117","7,561"
2021-06-11,"6,141","2,047","2,087","7,557"
2021-06-10,"6,139","2,046","2,111","7,557"
2021-06-09,"6,115","2,038","2,159","7,537"
2021-06-08,"6,082","2,027","2,114","7,529"
2021-06-07,"6,105","2,035","2,239","7,500"
2021-06-04,"6,109","2,036","2,111","7,521"
2021-06-03,"6,100","2,033","2,130","7,508"
2021-06-02,"6,112","2,037","2,130","7,490"
2021-06-01,"6,017","2,006","2,139","7,502"
2021-05-31,"6,076","2,025","2,131","7,502"
2021-05-28,"6,087","2,029","2,121","7,485"
2021-05-27,"6,059","2,020","2,116","7,481"
2021-05-26,"6,060","2,020","2,150","7,464"
2021-05-25,"6,044","2,015","2,120","7,453"
2021-05-24,"6,005","2,002","2,112","7,457"
2021-05-21,"5,942","1,981","2,103","7,438"
2021-05-20,"5,877","1,959","2,097","7,412"
2021-05-18,"5,861","1,954","2,048","7,370"
2021-05-17,"5,879","1,960","2,064","7,369"
2021-05-14,"5,849","1,950","2,057","7,383"
2021-05-13,"5,890","1,963","2,091","7,374"
2021-05-12,"5,826","1,942","2,062","7,351"
2021-05-11,"5,817","1,939","2,036","7,340"
2021-05-10,"5,792","1,931","2,066","7,323"
2021-05-07,"5,829","1,943","2,060","7,318"
2021-05-06,"5,823","1,941","2,084","7,296"
2021-05-04,"5,802","1,934","2,033","7,288"
2021-05-03,"5,833","1,944","2,116","7,290"
2021-04-30,"5,815","1,938","2,050","7,280"
2021-04-29,"5,813","1,938","2,034","7,263"
2021-04-28,"5,813","1,938","2,077","7,385"
2021-04-27,"5,790","1,930","2,054","7,380"
2021-04-26,"5,802","1,934","2,058","7,368"
2021-04-23,"5,777","1,926","2,053","7,358"
2021-04-22,"5,783","1,928","2,060","7,358"
2021-04-21,"5,724","1,908","2,005","7,639"
2021-04-20,"5,661","1,887","2,012","7,613"
2021-04-19,"5,583","1,861","1,965","7,567"
2021-04-16,"5,547","1,849","1,928","7,558"
2021-04-15,"5,547","1,849","1,923","7,553"
2021-04-14,"5,546","1,849","1,953","7,569"
2021-04-13,"5,536","1,845","1,929","7,566"
2021-04-12,"5,536","1,845","1,949","7,565"
2021-04-09,"5,546","1,849","1,950","7,563"
2021-04-08,"5,540","1,847","1,957","7,562"
2021-04-07,"5,533","1,844","1,956","7,596"
2021-04-06,"5,534","1,845","1,944","7,596"
2021-04-05,"5,545","1,848","1,958","7,592"
2021-04-02,"5,538","1,846","1,933","7,592"
2021-04-01,"5,550","1,850","1,950","7,592"
2021-03-31,"5,547","1,849","1,955","7,587"
2021-03-30,"5,539","1,846","1,950","7,586"
2021-03-29,"5,534","1,845","1,950","7,586"
2021-03-26,"5,549","1,850","1,955","7,591"
2021-03-25,"5,523","1,841","1,991","7,585"
2021-03-24,"5,539","1,846","1,969","7,569"
2021-03-23,"5,551","1,850","1,940","7,586"
2021-03-22,"5,543","1,848","1,949","7,597"
2021-03-19,"5,549","1,850","1,955","7,559"
2021-03-18,"5,576","1,859","1,961","7,560"
2021-03-17,"5,651","1,884","1,938","7,567"
2021-03-16,"5,570","1,857","1,964","7,619"
2021-03-15,"5,614","1,871","1,946","7,626"
2021-03-12,"5,631","1,877","1,959","7,633"
2021-03-11,"5,664","1,888","1,986","7,635"
2021-03-10,"5,693","1,898","2,013","7,644"
2021-03-09,"5,760","1,920","2,015","7,641"
2021-03-08,"5,816","1,939","2,034","7,665"
2021-03-05,"5,798","1,933","2,044","7,672"
2021-03-04,"5,869","1,956","2,013","7,664"
2021-03-03,"5,878","1,959","2,044","7,650"
2021-03-02,"5,828","1,943","2,049","7,648"
2021-02-26,"5,792","1,931","2,023","7,666"
2021-02-25,"5,828","1,943","2,009","7,638"
2021-02-24,"5,862","1,954","2,023","7,676"
2021-02-23,"5,866","1,955","2,008","7,676"
2021-02-22,"5,860","1,953","2,005","7,701"
2021-02-19,"5,864","1,955","2,021","7,743"
2021-02-18,"5,853","1,951","2,031","7,745"
2021-02-17,"5,843","1,948","2,016","7,759"
2021-02-16,"5,792","1,931","2,009","7,744"
2021-02-15,"5,828","1,943","2,038","7,821"
2021-02-10,"5,844","1,948","2,041","7,481"
2021-02-09,"5,823","1,941","2,004","7,476"
2021-02-08,"5,777","1,926","1,976","7,456"
2021-02-05,"5,799","1,933","1,985","7,454"
2021-02-04,"5,772","1,924","1,972","7,432"
2021-02-03,"5,728","1,909","1,967","7,432"
2021-02-02,"5,648","1,883","1,949","7,384"
2021-02-01,"5,547","1,849","1,944","7,368"
2021-01-29,"5,515","1,838","1,919","7,350"
2021-01-28,"5,486","1,829","1,882","7,253"
2021-01-27,"5,356","1,785","1,825","6,761"
2021-01-26,"5,260","1,753","1,798","6,718"
2021-01-25,"5,197","1,732","1,825","6,722"
2021-01-22,"5,092","1,697","1,765","6,610"
2021-01-21,"5,039","1,680","1,771","6,560"
2021-01-20,"4,840","1,613","1,687","6,577"
2021-01-19,"4,817","1,606","1,698","6,531"
2021-01-18,"4,710","1,570","1,657","6,705"
2021-01-15,"4,727","1,576","1,655","6,669"
2021-01-14,"4,637","1,546","1,650","6,522"
2021-01-13,"4,492","1,497","1,631","6,292"
2021-01-12,"4,446","1,482","1,664","6,248"
2021-01-11,"4,333","1,444","1,552","6,106"
2021-01-08,"4,264","1,421","1,531","6,082"
2021-01-07,"4,178","1,393","1,502","6,027"
2021-01-06,"4,113","1,371","1,471","5,993"
2021-01-05,"4,092","1,364","1,480","5,977"
2021-01-04,"4,050","1,350","1,443","5,923"
2020-12-31,"3,939","1,313","1,416","5,862"
2020-12-30,"3,909","1,303","1,353","5,802"
2020-12-29,"3,837","1,279","1,351","5,727"
2020-12-28,"3,682","1,227","1,371","5,720"
2020-12-24,"3,677","1,226","1,375","5,698"
2020-12-23,"3,669","1,223","1,329","5,675"
2020-12-22,"3,601","1,200","1,321","5,633"
2020-12-21,"3,577","1,192","1,335","5,620"
2020-12-18,"3,597","1,199","1,312","5,599"
2020-12-17,"3,550","1,183","1,311","5,596"
2020-12-16,"3,526","1,175","1,278","5,569"
2020-12-15,"3,432","1,144","1,267","5,583"
2020-12-14,"3,431","1,144","1,246","5,580"
2020-12-11,"3,375","1,125","1,224","5,568"
2020-12-10,"3,294","1,098","1,220","5,554"
2020-12-09,"3,348","1,116","1,196","5,553"
2020-12-08,"3,444","1,148","1,222","5,564"
2020-12-07,"3,421","1,140","1,197","5,567"
2020-12-04,"3,352","1,117","1,206",
2020-12-03,"3,361","1,120","1,190","5,577"
2020-12-02,"3,331","1,110","1,163","5,586"
2020-12-01,"3,362","1,121","1,181","5,566"
2020-11-30,"3,378","1,126","1,179","5,546"
2020-11-27,"3,373","1,124","1,172","5,546"
2020-11-26,"3,462","1,154","1,257","5,565"
2020-11-25,"3,436","1,145","1,289","5,555"
2020-11-24,"3,503","1,168","1,262","5,577"
2020-11-23,"3,516","1,172","1,282","5,578"
2020-11-20,"3,504","1,168","1,252","5,574"
2020-11-19,"3,524","1,175","1,264","5,533"
2020-11-18,"3,441","1,147","1,267","5,514"
2020-11-17,"3,501","1,167","1,240","5,529"
2020-11-16,"3,463","1,154","1,258","5,524"
2020-11-13,"3,403","1,134","1,233","5,524"
2020-11-12,"3,400","1,133","1,226","5,554"
2020-11-11,"3,361","1,120","1,211","5,559"
2020-11-10,"3,341","1,114","1,201","5,581"
2020-11-09,"3,318","1,106","1,253","5,594"
2020-11-06,"3,294","1,098","1,250","5,753"
2020-11-05,"3,359","1,120","1,269","5,757"
2020-11-04,"3,319","1,106","1,261","5,487"
2020-11-03,"3,366","1,122","1,185","5,462"
2020-11-02,"3,430","1,143","1,214","5,458"
2020-10-30,"3,473","1,158","1,224","5,696"
2020-10-29,"3,491","1,164","1,236","5,689"
2020-10-28,"3,410","1,137","1,242","5,656"
2020-10-27,"3,452","1,151","1,230","5,689"
2020-10-26,"3,479","1,160","1,252","5,734"
2020-10-23,"3,414","1,138","1,230","5,625"
2020-10-22,"3,400","1,133","1,241","5,725"
2020-10-21,"3,557","1,186","1,263","5,763"
2020-10-20,"3,546","1,182","1,239","5,745"
2020-10-19,"3,556","1,185","1,272","5,751"
2020-10-16,"3,537","1,179","1,243","5,711"
2020-10-15,"3,504","1,168","1,257","5,776"
2020-10-14,"3,535","1,178","1,263","5,764"
2020-10-13,"3,592","1,197","1,291","5,778"
2020-10-12,"3,690","1,230","1,300","5,760"
2020-10-08,"3,594","1,198","1,307","5,463"
2020-10-07,"3,679","1,226","1,295","5,784"
2020-10-06,"3,653","1,218","1,302","5,794"
2020-10-05,"3,785","1,262","1,399","5,794"
2020-09-29,"3,736","1,245","1,377","5,819"
2020-09-28,"3,721","1,240","1,386","5,808"
2020-09-25,"3,647","1,216","1,342","5,484"
2020-09-24,"3,626","1,209","1,366","5,826"
2020-09-23,"3,646","1,215","1,376","5,795"
2020-09-22,"3,610","1,203","1,387","5,791"
2020-09-21,"3,601","1,200","1,297","5,757"
2020-09-18,"3,601","1,200","1,306","5,766"
2020-09-17,"3,474","1,158","1,301","5,762"
2020-09-16,"3,540","1,180","1,301","5,724"
2020-09-15,"3,515","1,172","1,271","5,731"
2020-09-14,"3,499","1,166","1,292","5,688"
2020-09-11,"3,466","1,155","1,264","5,655"
2020-09-10,"3,459","1,153","1,264","5,649"
2020-09-09,"3,492","1,164","1,255","5,614"
2020-09-08,"3,450","1,150","1,242","5,609"
2020-09-07,"3,417","1,139","1,224","5,571"
2020-09-04,"3,393","1,131","1,222","5,537"
2020-09-03,"3,442","1,147","1,203","5,517"
2020-09-02,"3,420","1,140","1,208","5,444"
2020-09-01,"3,329","1,110","1,201","5,439"
2020-08-31,"3,241","1,080","1,200","5,436"
2020-08-28,"3,262","1,087","1,218","5,445"
2020-08-27,"3,223","1,074","1,242","5,445"
2020-08-26,"3,189","1,063","1,190","5,399"
2020-08-25,"3,180","1,060","1,174","5,388"
2020-08-24,"3,131","1,044","1,171","5,357"
2020-08-21,"3,109","1,036","1,160","5,217"
2020-08-20,"3,115","1,038","1,146","5,200"
2020-08-19,"3,102","1,034","1,131","5,166"
2020-08-18,"3,115","1,038","1,138","5,131"
2020-08-14,"3,101","1,034","1,156","5,130"
2020-08-13,"3,115","1,038","1,158","5,118"
2020-08-12,"3,086","1,029","1,157","5,115"
2020-08-11,"3,079","1,026","1,150","5,147"
2020-08-10,"3,063","1,021","1,116","5,146"
2020-08-07,"3,115","1,038","1,137","5,146"
2020-08-06,"3,115","1,038","1,133","5,146"
2020-08-05,"3,069","1,023","1,127","5,155"
2020-08-04,"3,052","1,017","1,130","5,145"
2020-08-03,"3,025","1,008","1,123","5,152"
2020-07-31,"3,050","1,017","1,125","5,153"
2020-07-30,"3,124","1,041","1,135","5,154"
2020-07-29,"3,082","1,027","1,184","5,142"
2020-07-28,"3,008","1,003","1,144","5,139"
2020-07-27,"3,057","1,019","1,153","5,143"
2020-07-24,"3,038","1,013","1,126","5,142"
2020-07-23,"3,002","1,001","1,128","5,148"
2020-07-22,"3,020","1,007","1,122","5,166"
2020-07-21,"3,061","1,020","1,136","5,177"
2020-07-20,"3,058","1,019","1,158","5,178"
2020-07-17,"3,042","1,014","1,141","5,175"
2020-07-16,"3,094","1,031","1,121","5,175"
2020-07-15,"3,076","1,025","1,106","5,166"
2020-07-14,"2,893",964,"1,130","5,170"
2020-07-13,"2,992",997,"1,142","5,167"
2020-07-10,"3,083","1,028","1,077","5,167"
2020-07-09,"2,987",996,"1,199","5,173"
2020-07-08,"3,073","1,024","1,163","5,188"
2020-07-07,"3,054","1,018","1,147","5,165"
2020-07-06,"3,027","1,009","1,210","5,169"
2020-07-03,"3,064","1,021","1,281","5,167"
2020-07-02,"3,055","1,018","1,121","5,152"
2020-07-01,"3,157","1,052","1,187","5,115"
2020-06-30,"3,030","1,010","1,155","5,129"
2020-06-29,"3,031","1,010","1,175","5,110"
2020-06-26,"3,047","1,016","1,307","5,111"
2020-06-25,"3,093","1,031","1,110","5,133"
2020-06-24,"3,007","1,002","1,122","5,092"
2020-06-23,"3,086","1,029","1,129","5,110"
2020-06-22,"2,970",990,"1,145","5,129"
2020-06-19,"2,927",976,"1,107","5,133"
2020-06-18,"2,958",986,"1,182","5,141"
2020-06-17,"2,938",979,"1,158","5,115"
2020-06-16,"2,992",997,"1,180","5,128"
2020-06-15,"2,883",961,"1,139","5,154"
2020-06-12,"3,014","1,005","1,110","5,140"
2020-06-11,"2,971",990,"1,109","5,147"
2020-06-10,"3,009","1,003","1,116","5,170"
2020-06-09,"2,927",976,"1,178","5,164"
2020-06-08,"2,990",997,"1,221","5,140"
2020-06-05,"3,041","1,014","1,184","5,161"
2020-06-04,"3,046","1,015","1,232","5,179"
2020-06-03,"3,027","1,009","1,143","5,168"
2020-06-02,"3,100","1,033","1,228","5,211"
2020-06-01,"3,110","1,037","1,203","5,215"
2020-05-29,"3,113","1,038","1,229","5,214"
2020-05-28,"3,059","1,020","1,186","5,217"
2020-05-27,"3,125","1,042","1,182","5,277"
2020-05-26,"3,097","1,032","1,243","5,282"
2020-05-25,"3,040","1,013","1,245","5,283"
2020-05-22,"3,214","1,071","1,258","5,283"
2020-05-21,"3,212","1,071","1,201","5,292"
2020-05-20,"3,054","1,018","1,296","5,306"
2020-05-19,"3,075","1,025","1,173","5,306"
2020-05-18,"3,245","1,082","1,196","5,312"
2020-05-15,"3,276","1,092","1,166","5,276"
2020-05-14,"3,261","1,087","1,188","5,276"
2020-05-13,"3,252","1,084","1,196","5,308"
2020-05-12,"3,310","1,103","1,342","5,337"
2020-05-11,"3,259","1,086","1,239","5,337"
2020-05-08,"3,266","1,089","1,230","5,322"
2020-05-07,"3,377","1,126","1,252","5,329"
2020-05-06,"3,263","1,088","1,258","5,348"
2020-05-04,"3,418","1,139","1,168","5,361"
2020-04-29,"3,267","1,089","1,237","5,528"
2020-04-28,"3,295","1,098","1,253","5,525"
2020-04-27,"3,286","1,095","1,191","5,523"
2020-04-24,"3,373","1,124","1,266","5,495"
2020-04-23,"3,430","1,143","1,343","5,338"
2020-04-22,"3,347","1,116","1,205","5,368"
2020-04-21,"3,407","1,136","1,187","5,370"
2020-04-20,"3,402","1,134","1,212","5,372"
2020-04-17,"3,360","1,120","1,203","5,348"
2020-04-16,"3,387","1,129","1,253","5,354"
2020-04-14,"3,388","1,129","1,217","5,410"
2020-04-13,"3,402","1,134","1,223","5,412"
2020-04-10,"3,419","1,140","1,270","5,419"
2020-04-09,"3,444","1,148","1,253","5,424"
2020-04-08,"3,437","1,146","1,280","5,410"
2020-04-07,"3,324","1,108","1,284","5,413"
2020-04-06,"3,580","1,193","1,291","5,433"
2020-04-03,"3,473","1,158","1,278","5,445"
2020-04-02,"3,507","1,169","1,249","5,447"
2020-04-01,"3,620","1,207","1,235","5,345"
2020-03-31,"3,756","1,252","1,273","5,311"
2020-03-30,"3,603","1,201","1,291","5,329"
2020-03-27,"3,572","1,191","1,292","5,320"
2020-03-26,"3,558","1,186","1,276","5,296"
2020-03-25,"3,573","1,191","1,305","5,298"
2020-03-24,"3,677","1,226","1,272","5,298"
2020-03-23,"3,597","1,199","1,316","5,298"
2020-03-20,"3,631","1,210","1,322","5,290"
2020-03-19,"3,598","1,199","1,293","5,303"
2020-03-18,"3,724","1,241","1,295","5,300"
2020-03-17,"3,632","1,211","1,277","5,280"
2020-03-16,"3,621","1,207","1,295","5,288"
2020-03-13,"3,400","1,133","1,215","5,288"
2020-03-12,"3,413","1,138","1,319","5,287"
2020-03-11,"3,391","1,130","1,277","5,279"
2020-03-10,"3,435","1,145","1,287","5,263"
2020-03-09,"3,401","1,134","1,274","5,242"
2020-03-06,"3,030","1,010","1,106","5,226"
2020-03-05,"3,222","1,074","1,226","5,216"
2020-03-04,"3,301","1,100","1,202","5,216"
2020-03-03,"3,141","1,047","1,201","5,210"
2020-03-02,"3,150","1,050","1,162","5,210"
2020-02-28,"3,244","1,081","1,109","5,150"
2020-02-27,"2,987",996,"1,206","5,162"
2020-02-26,"2,968",989,"1,196","5,162"
2020-02-25,"2,960",987,"1,165","5,123"
2020-02-24,"2,929",976,"1,085","5,148"
2020-02-21,"2,957",986,"1,174","5,153"
2020-02-20,"2,688",896,"1,101","5,126"
2020-02-19,"2,861",954,"1,128","5,134"
2020-02-18,"2,927",976,"1,089","5,123"
2020-02-17,"2,899",966,"1,142","5,143"
2020-02-14,"3,002","1,001","1,149","5,153"
2020-02-13,"3,076","1,025","1,186","5,164"
2020-02-12,"2,835",945,"1,079","5,172"
2020-02-11,"3,137","1,046","1,122","5,219"
2020-02-10,"2,985",995,"1,163","5,218"
2020-02-07,"3,121","1,040","1,169","5,223"
2020-02-06,"3,148","1,049","1,171","5,238"
2020-02-05,"3,144","1,048","1,135","5,283"
2020-02-04,"3,256","1,085","1,166","5,285"
2020-02-03,"3,501","1,167","1,197","5,298"
2020-01-31,"3,280","1,093","1,193","5,217"
2020-01-30,"3,526","1,175","1,232","5,275"
2020-01-29,"3,470","1,157","1,198","5,287"
2020-01-28,"3,492","1,164","1,220","5,270"
2020-01-23,"3,268","1,089","1,206","5,249"
2020-01-22,"3,310","1,103","1,301","5,271"
2020-01-21,"3,569","1,190","1,285","5,271"
2020-01-20,"3,560","1,187","1,197","5,289"
2020-01-17,"3,544","1,181","1,259","5,295"
2020-01-16,"3,486","1,162","1,277","5,297"
2020-01-15,"3,527","1,176","1,219","5,311"
2020-01-14,"3,564","1,188","1,292","5,305"
2020-01-13,"3,474","1,158","1,245","5,319"
2020-01-10,"3,541","1,180","1,219","5,315"
2020-01-09,"3,572","1,191","1,252","5,315"
2020-01-08,"3,569","1,190","1,250","5,313"
2020-01-07,"3,526","1,175","1,285","5,301"
2020-01-06,"3,584","1,195","1,271","5,339"
2020-01-03,"3,403","1,134","1,269","5,316"
2020-01-02,"3,582","1,194","1,276","5,316"
2019-12-31,"3,505","1,168","1,321","5,303"
2019-12-30,"3,572","1,191","1,272","5,297"
2019-12-27,"3,494","1,165","1,278","5,299"
2019-12-26,"3,580","1,193","1,304","5,299"
2019-12-24,"3,566","1,189","1,362","5,329"
2019-12-23,"3,425","1,142","1,309","5,330"
2019-12-20,"3,513","1,171","1,307","5,318"
2019-12-19,"3,478","1,159","1,345","5,389"
2019-12-18,"3,492","1,164","1,361","5,385"
2019-12-17,"3,575","1,192","1,275","5,370"
2019-12-16,"3,543","1,181","1,285","5,370"
2019-12-13,"3,486","1,162","1,322","5,344"
2019-12-12,"3,476","1,159","1,316","5,365"
2019-12-11,"3,576","1,192","1,304","5,356"
2019-12-10,"3,587","1,196","1,335","5,379"
2019-12-09,"3,610","1,203","1,355","5,392"
2019-12-06,"3,557","1,186",,
2019-12-05,"3,577","1,192",,"5,360"
2019-12-04,"3,645","1,215",,"5,379"
2019-12-03,"3,643","1,214",,"5,385"
2019-12-02,"3,646","1,215",,"5,417"
2019-11-29,"3,563","1,188",,"5,533"
2019-11-28,"3,576","1,192",,"5,533"
2019-11-27,"3,576","1,192",,"5,505"
2019-11-26,"3,589","1,196",,"5,472"
2019-11-25,"3,539","1,180",,"5,458"
2019-11-22,"3,524","1,175",,"5,443"
2019-11-21,"3,461","1,154",,"5,476"
2019-11-20,"3,403","1,134",,"5,497"
2019-11-19,"3,438","1,146",,"5,526"
2019-11-18,"3,322","1,107",,"5,532"
2019-11-15,"3,458","1,153",,"5,532"
2019-11-14,"3,415","1,138",,"5,531"
2019-11-13,"3,443","1,148",,"5,544"
2019-11-12,"3,422","1,141",,"5,531"
2019-11-11,"3,443","1,148",,"5,530"
2019-11-08,"3,528","1,176",,"5,479"
2019-11-07,"3,486","1,162",,"5,539"
2019-11-06,"3,518","1,173",,"5,537"
2019-11-05,"3,485","1,162",,"5,530"
2019-11-04,"3,548","1,183",,"5,531"
2019-11-01,"3,519","1,173",,"5,535"
2019-10-31,"3,521","1,174",,"5,537"
2019-10-30,"3,567","1,189",,"5,507"
2019-10-29,"3,513","1,171",,"5,511"
2019-10-28,"3,575","1,192",,"5,498"
2019-10-25,"3,504","1,168",,"5,502"
2019-10-24,"3,617","1,206",,"5,527"
2019-10-23,"3,585","1,195",,"5,481"
2019-10-22,"3,559","1,186",,"5,510"
2019-10-21,"3,624","1,208",,"5,512"
2019-10-18,"3,660","1,220",,"5,456"
2019-10-17,"3,682","1,227",,"5,452"
2019-10-16,"3,629","1,210",,"5,507"
2019-10-15,"3,599","1,200",,"5,484"
2019-10-14,"3,619","1,206",,"5,476"
2019-10-11,"3,644","1,215",,"5,451"
2019-10-10,"3,655","1,218",,"5,435"
2019-10-08,"3,568","1,189",,"5,439"
2019-10-07,"3,458","1,153",,"5,424"
2019-10-04,"3,445","1,148",,"5,417"
2019-10-02,"3,411","1,137",,"5,379"
2019-10-01,"3,445","1,148",,"5,349"
2019-09-30,"3,412","1,137",,"5,343"
2019-09-27,"3,296","1,099",,"5,341"
2019-09-26,"3,315","1,105",,"5,331"
2019-09-25,"3,219","1,073",,"5,317"
2019-09-24,"3,237","1,079",,"5,320"
2019-09-23,"3,203","1,068",,"5,299"
2019-09-20,"3,199","1,066",,"5,279"
2019-09-19,"3,172","1,057",,"5,283"
2019-09-18,"3,560","1,187",,"5,287"
2019-09-17,"3,486","1,162",,"5,274"
2019-09-16,"3,626","1,209",,"5,310"
2019-09-11,"3,448","1,149",,"5,282"
2019-09-10,"3,445","1,148",,"5,265"
2019-09-09,"3,057","1,019",,"5,267"
2019-09-06,"3,298","1,099",,"5,147"
2019-09-05,"3,270","1,090",,"5,196"
2019-09-04,"3,249","1,083",,"5,093"
2019-09-03,"3,332","1,111",,"5,076"
2019-09-02,"3,247","1,082",,"5,046"
2019-08-30,"3,214","1,071",,"5,039"
2019-08-29,"3,026","1,009",,"4,985"
2019-08-28,"3,130","1,043",,"5,037"
2019-08-27,"2,984",995,,"5,011"
2019-08-26,"2,914",971,,"5,000"
2019-08-23,"2,940",980,,"5,005"
2019-08-22,"2,837",946,,"4,998"
2019-08-21,"2,862",954,,"4,980"
2019-08-20,"2,751",917,,"4,915"
2019-08-19,"2,767",922,,"4,937"
2019-08-16,"2,900",967,,"4,927"
2019-08-14,"2,693",898,,"4,968"
2019-08-13,"2,686",895,,"4,961"
2019-08-12,"2,642",881,,"4,976"
2019-08-09,"2,717",906,,"4,954"
2019-08-08,"2,791",930,,"4,949"
2019-08-07,"2,676",892,,"4,993"
2019-08-06,"2,734",911,,"5,030"
2019-08-05,"2,585",862,,"5,034"
2019-08-02,"2,712",904,,"4,992"
2019-08-01,"2,605",868,,"4,999"
2019-07-31,"2,593",864,,"5,082"
2019-07-30,"2,564",855,,"5,079"
2019-07-29,"2,637",879,,"5,063"
2019-07-26,"2,782",927,,"5,085"
2019-07-25,"2,724",908,,"5,082"
2019-07-24,"2,849",950,,"5,126"
2019-07-23,"2,801",934,,"5,123"
2019-07-22,"2,603",868,,"5,131"
2019-07-19,"2,811",937,,"5,084"
2019-07-18,"2,824",941,,"5,126"
2019-07-17,"2,844",948,,"5,127"
2019-07-16,"2,868",956,,"5,143"
2019-07-15,"2,985",995,,"5,169"
2019-07-12,"2,997",999,,"5,150"
2019-07-11,"2,858",953,,"5,152"
2019-07-10,"2,993",998,,"5,133"
2019-07-09,"3,016","1,005",,"5,143"
2019-07-08,"3,005","1,002",,"5,144"
2019-07-05,"3,082","1,027",,"5,151"
2019-07-04,"3,110","1,037",,"5,150"
2019-07-03,"2,932",977,,"5,168"
2019-07-02,"3,018","1,006",,"5,136"
2019-07-01,"3,116","1,039",,"5,131"
2019-06-28,"3,117","1,039",,"5,119"
2019-06-27,"3,105","1,035",,"5,110"
2019-06-26,"3,094","1,031",,"5,110"
2019-06-25,"3,089","1,030",,"5,118"
2019-06-24,"3,013","1,004",,"5,074"
2019-06-21,"2,966",989,,"5,037"
2019-06-20,"2,817",939,,"5,055"
2019-06-19,"2,612",871,,"4,984"
2019-06-18,"2,696",899,,"4,978"
2019-06-17,"2,535",845,,"5,028"
2019-06-14,"2,558",853,,"4,986"
2019-06-13,"2,471",824,,"5,003"
2019-06-12,"2,507",836,,"5,068"
2019-06-11,"2,432",811,,"5,137"
2019-06-10,"2,422",807,,"5,137"
2019-06-07,"2,510",837,,"5,137"
2019-06-05,"2,524",841,,"5,118"
2019-06-04,"2,473",824,,"5,095"
2019-06-03,"2,625",875,,"5,061"
2019-05-31,"2,477",826,,"5,072"
2019-05-30,"2,620",873,,"5,061"
2019-05-29,"2,550",850,,"5,113"
2019-05-28,"2,489",830,,"5,144"
2019-05-27,"2,608",869,,"5,140"
2019-05-24,"2,563",854,,"5,117"
2019-05-23,"2,662",887,,"5,157"
2019-05-22,"2,597",866,,"5,197"
2019-05-21,"2,634",878,,"5,143"
2019-05-20,"2,555",852,,"5,137"
2019-05-17,"2,670",890,,"5,162"
2019-05-16,"2,696",899,,"5,241"
2019-05-15,"2,761",920,,"5,254"
2019-05-14,"2,883",961,,"5,290"
2019-05-13,"2,870",957,,"5,297"
2019-05-10,"2,875",958,,"5,315"
2019-05-09,"2,853",951,,"5,320"
2019-05-08,"2,888",963,,"5,256"
2019-05-07,"2,996",999,,"5,251"
2019-05-03,"2,957",986,,"5,313"
2019-05-02,"3,016","1,005",,"5,351"
2019-04-30,"3,063","1,021",,"5,345"
2019-04-29,"3,088","1,029",,"5,350"
2019-04-26,"3,103","1,034",,"5,299"
2019-04-25,"3,144","1,048",,"5,325"
2019-04-24,"3,225","1,075",,"5,262"
2019-04-23,"3,264","1,088",,"5,211"
2019-04-22,"3,341","1,114",,"5,185"
2019-04-19,"3,233","1,078",,"5,163"
2019-04-18,"3,293","1,098",,"5,184"
2019-04-17,"3,357","1,119",,"5,189"
2019-04-16,"3,255","1,085",,"5,195"
2019-04-15,"3,147","1,049",,"5,164"
2019-04-12,"3,147","1,049",,"5,204"
2019-04-11,"3,243","1,081",,"5,213"
2019-04-10,"3,085","1,028",,"5,131"
2019-04-09,"3,024","1,008",,"5,124"
2019-04-08,"3,004","1,001",,"5,082"
2019-04-05,"2,921",974,,"5,130"
2019-04-04,"2,968",989,,"5,124"
2019-04-03,"2,864",955,,"5,099"
2019-04-02,"2,829",943,,"5,050"
2019-04-01,"2,720",907,,"5,024"
2019-03-29,"2,884",961,,"4,993"
2019-03-28,"2,689",896,,"4,978"
2019-03-27,"2,685",895,,"4,972"
2019-03-26,"2,502",834,,"4,943"
2019-03-25,"2,328",776,,"4,855"
2019-03-22,"2,269",756,,"4,768"
2019-03-21,"2,296",765,,"4,758"
2019-03-20,"2,301",767,,"4,652"
2019-03-19,"2,212",737,,"4,639"
2019-03-18,"2,128",709,,"4,639"
2019-03-15,"1,931",644,,"4,634"
2019-03-14,"1,972",657,,"4,624"
2019-03-13,"1,992",664,,"4,588"
2019-03-12,"1,962",654,,"4,651"
2019-03-11,"1,977",659,,"4,656"
2019-03-08,"2,096",699,,"4,690"
2019-03-07,"2,069",690,,"4,659"
2019-03-06,"2,106",702,,"4,635"
2019-03-05,"2,047",682,,"4,601"
2019-03-04,"2,084",695,,"4,621"
2019-02-28,"2,167",722,,"4,658"
2019-02-27,"2,171",724,,"4,601"
2019-02-26,"2,143",714,,"4,631"
2019-02-25,"2,071",690,,"4,662"
2019-02-22,"2,077",692,,"4,483"
2019-02-21,"2,093",698,,"4,638"
2019-02-20,"2,090",697,,"4,827"
2019-02-19,"2,021",674,,"4,847"
2019-02-18,"2,048",683,,"4,857"
2019-02-15,"2,085",695,,"4,888"
2019-02-14,"2,160",720,,"4,886"
2019-02-13,"2,228",743,,"4,953"
2019-02-12,"2,107",702,,"4,976"
2019-02-11,"2,030",677,,"4,925"
2019-02-08,"2,262",754,,"4,923"
2019-02-07,"2,266",755,,"4,909"
2019-02-01,"2,243",748,,"4,877"
2019-01-31,"2,381",794,,"4,858"
2019-01-30,"2,487",829,,"4,995"
2019-01-29,"2,462",821,,"4,997"
2019-01-28,"2,403",801,,"4,976"
2019-01-25,"2,411",804,,"4,961"
2019-01-24,"2,486",829,,"4,980"
2019-01-23,"2,486",829,,"4,963"
2019-01-22,"2,383",794,,"4,962"
2019-01-21,"2,413",804,,"4,963"
2019-01-18,"2,373",791,,"4,964"
2019-01-17,"2,324",775,,"4,959"
2019-01-16,"2,250",750,,"4,967"
2019-01-15,"2,248",749,,"4,979"
2019-01-14,"2,277",759,,"4,977"
2019-01-11,"2,354",785,,"4,971"
2019-01-10,"2,271",757,,"4,972"
2019-01-09,"2,266",755,,"4,989"
2019-01-08,"2,295",765,,"4,991"
2019-01-07,"2,575",858,,"5,000"
2019-01-04,"2,421",807,,
2019-01-03,"2,555",852,,"4,974"
2019-01-02,"2,555",852,,"4,993"
2018-12-31,"2,651",884,,"4,996"
2018-12-28,"2,669",890,,"4,967"
2018-12-27,"2,704",901,,"4,974"
2018-12-26,"2,743",914,,"4,998"
2018-12-24,"2,701",900,,"5,030"
2018-12-21,"2,643",881,,"5,075"
2018-12-20,"2,644",881,,"5,075"
2018-12-19,"2,673",891,,"5,099"
2018-12-18,"2,675",892,,"5,047"
2018-12-17,"2,702",901,,"5,079"
2018-12-14,"2,597",866,,"5,084"
2018-12-13,"2,709",903,,"5,098"
2018-12-12,"2,647",882,,"5,102"
2018-12-11,"2,694",898,,"5,102"
2018-12-10,"2,538",846,,"5,102"
2018-12-07,"2,565",855,,
2018-12-06,"2,608",869,,"5,133"
2018-12-05,"2,530",843,,"5,124"
2018-12-04,"2,571",857,,"5,180"
2018-12-03,"2,648",883,,"5,153"
2018-11-30,"2,610",870,,"5,153"
2018-11-29,"2,581",860,,"5,157"
2018-11-28,"2,709",903,,"5,163"
2018-11-27,"2,637",879,,"5,104"
2018-11-26,"2,668",889,,"5,097"
2018-11-23,"2,582",861,,"5,098"
2018-11-22,"2,671",890,,"5,104"
2018-11-21,"2,638",879,,"5,015"
2018-11-20,"2,728",909,,"5,069"
2018-11-19,"2,789",930,,"5,084"
2018-11-16,"2,624",875,,"5,153"
2018-11-15,"2,683",894,,"5,164"
2018-11-14,"2,696",899,,"5,255"
2018-11-13,"2,845",948,,"5,282"
2018-11-12,"2,803",934,,"5,285"
2018-11-09,"2,784",928,,"5,256"
2018-11-08,"2,722",907,,"5,260"
2018-11-07,"2,933",978,,"5,224"
2018-11-06,"2,906",969,,"5,286"
2018-11-05,"2,857",952,,"5,292"
2018-11-02,"2,916",972,,"5,309"
2018-11-01,"2,915",972,,"5,306"
2018-10-31,"2,882",961,,"5,314"
2018-10-30,"2,886",962,,"5,269"
2018-10-29,"2,865",955,,"5,269"
2018-10-26,"2,905",968,,"5,331"
2018-10-25,"2,919",973,,"5,346"
2018-10-24,"2,957",986,,"5,360"
2018-10-23,"2,976",992,,"5,366"
2018-10-22,"2,915",972,,"5,374"
2018-10-19,"3,110","1,037",,"5,351"
2018-10-18,"3,193","1,064",,"5,382"
2018-10-17,"3,242","1,081",,"5,255"
2018-10-16,"3,095","1,032",,"5,313"
2018-10-15,"3,169","1,056",,"5,324"
2018-10-12,"3,050","1,017",,"5,420"
2018-10-11,"3,257","1,086",,"5,425"
2018-10-10,"3,242","1,081",,"5,501"
2018-10-08,"3,313","1,104",,"5,484"
2018-10-05,"3,348","1,116",,"5,488"
2018-10-04,"3,398","1,133",,"5,513"
2018-10-02,"3,457","1,152",,"5,565"
2018-10-01,"3,492","1,164",,"5,543"
2018-09-28,"3,505","1,168",,"5,558"
2018-09-27,"3,709","1,236",,
2018-09-21,"3,654","1,218",,"5,573"
2018-09-20,"3,681","1,227",,"5,576"
2018-09-19,"3,740","1,247",,"5,556"
2018-09-18,"3,721","1,240",,"5,565"
2018-09-17,"3,821","1,274",,"5,575"
2018-09-14,"3,809","1,270",,"5,576"
2018-09-13,"3,841","1,280",,"5,612"
2018-09-12,"3,829","1,276",,"5,586"
2018-09-11,"3,757","1,252",,"5,551"
2018-09-10,"3,795","1,265",,"5,524"
2018-09-07,"3,832","1,277",,"5,528"
2018-09-06,"3,669","1,223",,"5,515"
2018-09-05,"3,609","1,203",,"5,464"
2018-09-04,"3,560","1,187",,"5,449"
2018-09-03,"3,597","1,199",,"5,396"
2018-08-31,"3,563","1,188",,"5,307"
2018-08-30,"3,661","1,220",,"5,284"
2018-08-29,"3,578","1,193",,"5,203"
2018-08-28,"3,587","1,196",,"5,142"
2018-08-27,"3,502","1,167",,"5,106"
2018-08-24,"3,351","1,117",,"5,063"
2018-08-23,"3,313","1,104",,"5,045"
2018-08-22,"3,177","1,059",,"4,927"
2018-08-21,"3,178","1,059",,"4,884"
2018-08-20,"3,067","1,022",,"4,867"
2018-08-17,"3,008","1,003",,"4,769"
2018-08-16,"2,906",969,,"4,772"
2018-08-14,"2,854",951,,"4,794"
2018-08-13,"2,840",947,,"4,778"
2018-08-10,"2,838",946,,"4,733"
2018-08-09,"2,745",915,,"4,735"
2018-08-08,"2,740",913,,"4,595"
2018-08-07,"2,725",908,,"4,592"
2018-08-06,"2,710",903,,"4,584"
2018-08-03,"2,687",896,,"4,584"
2018-08-02,"2,742",914,,"4,587"
2018-08-01,"2,756",919,,"4,568"
2018-07-31,"2,685",895,,"4,530"
2018-07-30,"2,696",899,,"4,501"
2018-07-27,"2,608",869,,"4,487"
2018-07-26,"2,549",850,,"4,428"
2018-07-25,"2,532",844,,"4,364"
2018-07-24,"2,517",839,,"4,308"
2018-07-23,"2,357",786,,"4,283"
2018-07-20,"2,329",776,,"4,268"
2018-07-19,"2,305",768,,"4,197"
2018-07-18,"2,303",768,,"4,166"
2018-07-17,"2,339",780,,"4,163"
2018-07-16,"2,167",722,,"4,173"
2018-07-13,"2,174",725,,"4,109"
2018-07-12,"2,150",717,,"4,148"
2018-07-11,"2,102",701,,"4,089"
2018-07-10,"2,055",685,,"4,085"
2018-07-09,"1,998",666,,"4,082"
2018-07-06,"2,014",671,,"4,073"
2018-07-05,"1,941",647,,"4,073"
2018-07-04,"1,904",635,,"3,977"
2018-07-03,"1,866",622,,"3,957"
2018-07-02,"1,748",583,,"3,944"
2018-06-29,"1,861",620,,"3,952"
2018-06-28,"1,762",587,,"3,947"
2018-06-27,"1,739",580,,"4,002"
2018-06-26,"1,723",574,,"4,013"
2018-06-25,"1,720",573,,"4,011"
2018-06-22,"1,626",542,,"4,013"
2018-06-21,"1,655",552,,"4,060"
2018-06-20,"1,684",561,,"3,983"
2018-06-19,"1,705",568,,"3,961"
2018-06-18,"1,676",559,,"3,948"
2018-06-15,"1,649",550,,"3,916"
2018-06-14,"1,713",571,,"3,977"
2018-06-12,"1,758",586,,"4,154"
2018-06-11,"1,850",617,,"4,154"
2018-06-08,"1,951",650,,"4,105"
2018-06-07,"2,049",683,,"4,167"
2018-06-05,"2,051",684,,"4,161"
2018-06-04,"1,984",661,,"4,161"
2018-06-01,"2,155",718,,"4,014"
2018-05-31,"2,125",708,,"4,179"
2018-05-30,"2,120",707,,"4,307"
2018-05-29,"2,159",720,,"4,307"
2018-05-28,"2,165",722,,"4,307"
2018-05-25,"2,171",724,,"4,251"
2018-05-24,"2,115",705,,"4,300"
2018-05-23,"2,230",743,,"4,310"
2018-05-21,"2,197",732,,"4,343"
2018-05-18,"2,280",760,,"4,342"
2018-05-17,"2,307",769,,"4,344"
2018-05-16,"2,204",735,,"4,344"
2018-05-15,"2,297",766,,"4,351"
2018-05-14,"2,308",769,,"4,366"
2018-05-11,"2,222",741,,"4,364"
2018-05-10,"2,137",712,,"4,364"
2018-05-09,"2,601",867,,"4,380"
2018-05-08,"2,483",828,,"4,341"
2018-05-04,"2,251",750,,"4,325"
2018-05-03,"2,443",814,,"4,325"
2018-05-02,"2,662",887,,"4,361"
2018-05-01,"2,631",877,,
2018-04-30,"2,607",869,,"4,361"
2018-04-27,"2,551",850,,"4,426"
2018-04-26,"2,688",896,,"4,419"
2018-04-25,"2,571",857,,"4,345"
2018-04-24,"2,680",893,,"4,334"
2018-04-23,"2,766",922,,"4,331"
2018-04-20,"2,674",891,,"4,311"
2018-04-19,"2,720",907,,"4,311"
2018-04-18,"2,711",904,,"4,248"
2018-04-17,"2,742",914,,"4,167"
2018-04-16,"2,596",865,,"4,148"
2018-04-13,"2,619",873,,"4,148"
2018-04-12,"2,548",849,,"4,135"
2018-04-11,"2,359",786,,"4,088"
2018-04-10,"2,251",750,,"4,072"
2018-04-09,"2,078",693,,"4,066"
2018-04-06,"2,203",734,,"4,174"
2018-04-05,"2,150",717,,"4,160"
2018-04-04,"1,943",648,,"4,133"
2018-04-03,"1,860",620,,"4,143"
2018-04-02,"2,030",677,,"4,137"
2018-03-30,"2,023",674,,"4,147"
2018-03-29,"1,972",657,,"4,441"
2018-03-28,"2,045",682,,"4,594"
2018-03-27,"1,949",650,,"4,606"
2018-03-26,"1,958",653,,"4,643"
2018-03-23,"2,052",684,,"4,669"
2018-03-22,"2,095",698,,"4,672"
2018-03-21,"1,969",656,,"4,654"
2018-03-20,"2,100",700,,"4,665"
2018-03-16,"2,013",671,,"4,724"
2018-03-15,"2,056",685,,"4,728"
2018-03-14,"2,045",682,,"4,780"
2018-03-13,"1,976",659,,"4,790"
2018-03-12,"1,890",630,,"4,824"
2018-03-09,"2,096",699,,"4,777"
2018-03-08,"2,060",687,,"4,854"
2018-03-07,"2,175",725,,"5,133"
2018-03-06,"2,374",791,,"5,152"
2018-03-05,"2,407",802,,"5,152"
2018-03-02,"2,383",794,,"5,144"