날짜,산지_농가수취가격(천원/110kg),도매가격_평균(원/kg),도매가격_1등급(원/kg),소비자가_삼겹살(원/kg)
2025-01- 07,458,"5,432","5,456","25,090"
2025-01- 06,460,"5,454","5,518","25,140"
2025-01- 03,457,"5,420","5,454","25,980"
2025-01- 02,461,"5,467","5,560","26,490"
2025-01- 01,493,"5,844","5,916","26,540"
2024-12- 31,446,"5,292","5,303","26,540"
2024-12- 30,456,"5,404","5,484","26,570"
2024-12- 27,447,"5,300","5,358","26,540"
2024-12- 26,456,"5,409","5,492","26,830"
2024-12- 25,430,"5,100","5,183","26,270"
2024-12- 24,453,"5,374","5,422","26,280"
2024-12- 23,472,"5,589","5,637","26,300"
2024-12- 20,481,"5,698","5,798","26,320"
2024-12- 19,484,"5,731","5,785","26,550"
2024-12- 18,488,"5,789","5,880","26,540"
2024-12- 17,501,"5,935","6,005","26,520"
2024-12- 16,509,"6,038","6,142","24,110"
2024-12- 13,501,"5,936","6,036","25,240"
2024-12- 12,500,"5,927","6,063","24,720"
2024-12- 11,501,"5,935","6,044","26,060"
2024-12- 10,496,"5,884","5,987","26,030"
2024-12- 09,502,"5,954","6,062","25,990"
2024-12- 06,512,"6,067","6,268","26,150"
2024-12- 05,515,"6,101","6,229","25,280"
2024-12- 04,515,"6,102","6,268","25,280"
2024-12- 03,506,"5,992","6,136","25,220"
2024-12- 02,513,"6,084","6,175","25,170"
2024-11- 29,492,"5,836","5,995","24,920"
2024-11- 28,485,"5,751","5,916","26,270"
2024-11- 27,478,"5,663","5,748","25,950"
2024-11- 26,476,"5,647","5,701","25,930"
2024-11- 25,477,"5,656","5,733","25,940"
2024-11- 22,472,"5,597","5,697","25,840"
2024-11- 21,486,"5,763","5,854","25,750"
2024-11- 20,499,"5,910","5,942","24,690"
2024-11- 19,480,"5,694","5,688","24,710"
2024-11- 18,488,"5,784","5,758","24,720"
2024-11- 15,472,"5,598","5,668","24,330"
2024-11- 14,480,"5,695","5,784","23,930"
2024-11- 13,475,"5,626","5,690","25,630"
2024-11- 12,487,"5,767","5,780","25,630"
2024-11- 11,498,"5,905","5,944","25,710"
2024-11- 08,496,"5,879","5,929","25,730"
2024-11- 07,499,"5,910","5,959","26,080"
2024-11- 06,478,"5,662","5,717","26,920"
2024-11- 05,483,"5,727","5,777","26,940"
2024-11- 04,480,"5,688","5,756","26,940"
2024-11- 01,487,"5,769","6,080","26,780"
2024-10- 31,479,"5,679","5,806","26,190"
2024-10- 30,478,"5,663","5,785","26,380"
2024-10- 29,479,"5,672","5,765","26,560"
2024-10- 28,486,"5,765","5,865","26,000"
2024-10- 25,499,"5,918","6,167","26,060"
2024-10- 24,516,"6,111","6,227","27,080"
2024-10- 23,516,"6,117","6,196","27,140"
2024-10- 22,522,"6,188","6,249","27,060"
2024-10- 21,524,"6,211","6,303","27,100"
2024-10- 18,531,"6,297","6,311","26,870"
2024-10- 17,530,"6,276","6,335","27,100"
2024-10- 16,527,"6,252","6,402","27,200"
2024-10- 15,520,"6,169","6,249","27,420"
2024-10- 14,518,"6,143","6,222","27,450"
2024-10- 11,536,"6,349","6,533","27,470"
2024-10- 10,511,"6,058","6,323","27,450"
2024-10- 09,499,"5,911","6,174","26,370"
2024-10- 08,495,"5,867","6,028","26,360"
2024-10- 07,498,"5,908","6,130","26,400"
2024-10- 04,480,"5,686","6,096","27,530"
2024-10- 03,493,"5,841","6,203","27,540"
2024-10- 02,491,"5,824","6,206","27,550"
2024-10- 01,489,"5,790","6,105","26,850"
2024-09- 30,526,"6,240","6,380","26,920"
2024-09- 27,583,"6,906","6,886","26,860"
2024-09- 26,587,"6,955","6,903","27,490"
2024-09- 25,573,"6,793","6,707","27,610"
2024-09- 24,600,"7,111","7,042","27,700"
2024-09- 23,614,"7,281","6,993","27,760"
2024-09- 20,665,"7,886","7,863","27,100"
2024-09- 19,638,"7,562","7,275","27,190"
2024-09- 13,777,"9,205","9,155","26,510"
2024-09- 12,636,"7,542","7,696","25,930"
2024-09- 11,596,"7,059","7,061","26,450"
2024-09- 10,597,"7,077","7,139","26,430"
2024-09- 09,586,"6,943","6,935","26,420"
2024-09- 06,600,"7,116","7,127","26,250"
2024-09- 05,604,"7,154","7,150","26,080"
2024-09- 04,568,"6,730","6,778","26,090"
2024-09- 03,585,"6,931","6,974","25,810"
2024-09- 02,582,"6,901","6,944","25,800"
2024-08- 30,573,"6,790","6,855","25,890"
2024-08- 29,571,"6,766","6,940","26,190"
2024-08- 28,555,"6,573","7,003","25,760"
2024-08- 27,571,"6,767","7,017","25,930"
2024-08- 26,585,"6,936","7,144","25,910"
2024-08- 23,592,"7,017","7,187","25,690"
2024-08- 22,577,"6,835","7,208","25,810"
2024-08- 21,557,"6,600","6,712","26,490"
2024-08- 20,543,"6,432","6,645","26,470"
2024-08- 19,512,"6,071","6,364","26,430"
2024-08- 16,469,"5,562","5,744","26,390"
2024-08- 15,455,"5,390","5,740","26,160"
2024-08- 14,480,"5,688","5,847","25,530"
2024-08- 13,471,"5,588","5,834","25,640"
2024-08- 12,472,"5,599","5,804","25,610"
2024-08- 09,498,"5,904","5,926","25,600"
2024-08- 08,495,"5,870","5,890","24,570"
2024-08- 07,495,"5,865","5,858","25,150"
2024-08- 06,505,"5,987","6,060","24,820"
2024-08- 05,515,"6,104","6,295","24,810"
2024-08- 02,535,"6,336","6,247","25,750"
2024-08- 01,463,"5,485","5,795","26,290"
2024-07- 31,447,"5,298","5,655","26,400"
2024-07- 30,450,"5,328","5,612","26,390"
2024-07- 29,489,"5,790","5,973","26,560"
2024-07- 26,469,"5,557","5,945","26,030"
2024-07- 25,468,"5,547","5,744","26,050"
2024-07- 24,482,"5,716","5,991","26,760"
2024-07- 23,483,"5,728","5,871","27,880"
2024-07- 22,490,"5,804","5,902","27,850"
2024-07- 19,521,"6,177","6,327","27,670"
2024-07- 18,480,"5,688","5,871","27,730"
2024-07- 17,483,"5,730","5,878","27,270"
2024-07- 16,486,"5,756","5,905","27,410"
2024-07- 15,502,"5,954","6,104","27,450"
2024-07- 12,485,"5,745","6,021","27,320"
2024-07- 11,496,"5,876","6,098","27,320"
2024-07- 10,508,"6,022","6,194","27,380"
2024-07- 09,520,"6,169","6,255","27,360"
2024-07- 08,516,"6,119","6,213","27,400"
2024-07- 05,529,"6,269","6,392","27,360"
2024-07- 04,520,"6,166","6,375","27,320"
2024-07- 03,529,"6,274","6,416","27,340"
2024-07- 02,507,"6,014","6,167","27,360"
2024-07- 01,521,"6,175","6,297","27,390"
2024-06- 28,507,"6,011","6,194","26,070"
2024-06- 27,507,"6,005","6,137","26,020"
2024-06- 26,513,"6,080","6,265","26,110"
2024-06- 25,518,"6,142","6,280","26,110"
2024-06- 24,530,"6,281","6,382","26,140"
2024-06- 21,518,"6,145","6,316","26,080"
2024-06- 20,526,"6,236","6,453","26,920"
2024-06- 19,537,"6,365","6,517","26,630"
2024-06- 18,539,"6,387","6,557","26,680"
2024-06- 17,526,"6,238","6,400","26,720"
2024-06- 14,507,"6,010","6,202","26,490"
2024-06- 13,514,"6,092","6,262","26,430"
2024-06- 12,508,"6,025","6,164","25,720"
2024-06- 11,508,"6,026","6,202","25,700"
2024-06- 10,497,"5,885","6,015","25,660"
2024-06- 07,492,"5,831","6,020","25,040"
2024-06- 06,460,"5,451","5,607","25,490"
2024-06- 05,483,"5,720","5,821","25,460"
2024-06- 04,476,"5,643","5,742","25,460"
2024-06- 03,470,"5,574","5,704","25,440"
2024-05- 31,452,"5,363","5,541","25,390"
2024-05- 30,453,"5,368","5,522","25,170"
2024-05- 29,462,"5,479","5,616","24,060"
2024-05- 28,468,"5,551","5,681","24,060"
2024-05- 27,463,"5,484","5,579","24,080"
2024-05- 24,461,"5,459","5,611","23,710"
2024-05- 23,475,"5,629","5,716","23,220"
2024-05- 22,468,"5,543","5,659","24,760"
2024-05- 21,460,"5,456","5,535","24,740"
2024-05- 20,450,"5,331","5,431","24,730"
2024-05- 17,444,"5,259","5,368","24,060"
2024-05- 16,443,"5,255","5,465","24,560"
2024-05- 15,427,"5,063","5,164","24,240"
2024-05- 14,428,"5,076","5,230","23,440"
2024-05- 13,444,"5,266","5,390","23,050"
2024-05- 10,469,"5,562","5,566","24,010"
2024-05- 09,447,"5,298","5,413","23,930"
2024-05- 08,436,"5,171","5,287","23,190"
2024-05- 07,443,"5,249","5,320","23,100"
2024-05- 06,421,"4,992","5,047","22,030"
2024-05- 03,478,"5,667","5,773","22,220"
2024-05- 02,447,"5,304","5,410","23,180"
2024-05- 01,426,"5,055","5,243","23,640"
2024-04- 30,441,"5,225","5,347","24,270"
2024-04- 29,449,"5,320","5,391","24,260"
2024-04- 26,469,"5,555","5,626","24,130"
2024-04- 25,452,"5,361","5,397","23,640"
2024-04- 24,449,"5,324","5,422","23,550"
2024-04- 23,456,"5,406","5,462","22,290"
2024-04- 22,457,"5,421","5,461","22,370"
2024-04- 19,479,"5,673","5,867","24,040"
2024-04- 18,453,"5,368","5,424","24,340"
2024-04- 17,435,"5,161","5,177","23,040"
2024-04- 16,439,"5,200","5,274","22,980"
2024-04- 15,432,"5,116","5,181","22,980"
2024-04- 12,414,"4,908","4,949","22,250"
2024-04- 11,410,"4,859","4,916","22,410"
2024-04- 09,412,"4,886","4,921","23,500"
2024-04- 08,426,"5,048","5,124","23,590"
2024-04- 05,447,"5,303","5,304","23,330"
2024-04- 04,430,"5,102","5,159","22,790"
2024-04- 03,427,"5,057","5,163","22,140"
2024-04- 02,435,"5,156","5,193","22,150"
2024-04- 01,416,"4,934","5,047","22,200"
2024-03- 29,406,"4,815","4,881","23,230"
2024-03- 28,411,"4,868","4,952","23,110"
2024-03- 27,411,"4,871","4,942","22,630"
2024-03- 26,413,"4,892","4,961","22,440"
2024-03- 25,418,"4,960","5,059","22,380"
2024-03- 22,420,"4,982","5,127","22,310"
2024-03- 21,421,"4,992","5,176","21,250"
2024-03- 20,425,"5,035","5,144","21,990"
2024-03- 19,423,"5,012","5,147","22,130"
2024-03- 18,425,"5,040","5,144","22,180"
2024-03- 15,416,"4,930","5,047","22,150"
2024-03- 14,411,"4,875","5,057","22,160"
2024-03- 13,421,"4,990","5,123","22,850"
2024-03- 12,425,"5,042","5,126","22,990"
2024-03- 11,426,"5,044","5,133","23,010"
2024-03- 08,450,"5,329","5,252","22,560"
2024-03- 07,432,"5,126","5,204","21,920"
2024-03- 06,416,"4,926","5,016","21,910"
2024-03- 05,394,"4,665","4,734","21,940"
2024-03- 04,383,"4,545","4,616","21,960"
2024-02- 29,356,"4,222","4,301","22,160"
2024-02- 28,385,"4,565","4,660","23,310"
2024-02- 27,389,"4,614","4,691","23,740"
2024-02- 26,378,"4,477","4,559","23,730"
2024-02- 23,376,"4,455","4,567","23,780"
2024-02- 22,364,"4,314","4,409","23,390"
2024-02- 21,374,"4,430","4,508","22,770"
2024-02- 20,371,"4,399","4,469","22,760"
2024-02- 19,371,"4,397","4,455","22,770"
2024-02- 16,363,"4,303","4,358","22,830"
2024-02- 15,366,"4,336","4,386","22,860"
2024-02- 14,370,"4,381","4,448","22,870"
2024-02- 13,376,"4,453","4,491","22,900"
2024-02- 08,299,"3,546","3,662","22,890"
2024-02- 07,376,"4,455","4,480","23,150"
2024-02- 06,371,"4,397","4,407","23,160"
2024-02- 05,386,"4,573","4,631","23,170"
2024-02- 02,405,"4,799","4,855","23,160"
2024-02- 01,411,"4,869","4,931","23,160"
2024-01- 31,415,"4,922","5,041","23,520"
2024-01- 30,420,"4,978","5,041","23,590"
2024-01- 29,422,"4,996","4,995","23,610"
2024-01- 26,421,"4,995","5,078","23,630"
2024-01- 25,420,"4,979","5,017","23,240"
2024-01- 24,419,"4,963","5,040","22,440"
2024-01- 23,433,"5,128","5,244","22,550"
2024-01- 22,435,"5,161","5,231","22,540"
2024-01- 19,432,"5,121","5,201","22,540"
2024-01- 18,446,"5,289","5,447","23,720"
2024-01- 17,434,"5,146","5,259","23,210"
2024-01- 16,401,"4,755","4,806","23,220"
2024-01- 15,402,"4,766","4,805","23,210"
2024-01- 12,410,"4,860","4,933","23,750"
2024-01- 11,400,"4,738","4,741","23,400"
2024-01- 10,388,"4,595","4,650","23,690"
2024-01- 09,394,"4,670","4,731","23,700"
2024-01- 08,398,"4,723","4,771","23,730"
2024-01- 05,398,"4,720","4,785","23,770"
2024-01- 04,388,"4,604","4,598","24,330"
2024-01- 03,390,"4,626","4,688","24,420"
2024-01- 02,389,"4,607","4,677","24,410"
2023-12- 29,410,"4,854","4,942","24,430"
2023-12- 28,402,"4,762","4,868","24,470"
2023-12- 27,398,"4,721","4,813","24,490"
2023-12- 26,402,"4,759","4,794","24,510"
2023-12- 25,351,"4,162","4,253","24,500"
2023-12- 22,410,"4,863","5,013","24,520"
2023-12- 21,418,"4,958","5,014","25,010"
2023-12- 20,422,"4,996","5,072","25,020"
2023-12- 19,429,"5,085","5,140","25,060"
2023-12- 18,436,"5,164","5,250","25,080"
2023-12- 15,441,"5,231","5,384","25,070"
2023-12- 14,443,"5,246","5,411","24,740"
2023-12- 13,441,"5,227","5,299","24,770"
2023-12- 12,438,"5,195","5,279","24,760"
2023-12- 11,442,"5,235","5,298","24,780"
2023-12- 08,437,"5,177","5,251","24,770"
2023-12- 07,443,"5,253","5,368","24,750"
2023-12- 06,458,"5,429","5,523","24,740"
2023-12- 05,459,"5,442","5,546","24,740"
2023-12- 04,469,"5,563","5,627","24,760"
2023-12- 01,454,"5,384","5,507","24,760"
2023-11- 30,462,"5,476","5,561","25,390"
2023-11- 29,448,"5,315","5,434","25,360"
2023-11- 28,443,"5,247","5,368","25,380"
2023-11- 27,436,"5,172","5,267","25,370"
2023-11- 24,441,"5,226","5,337","25,370"
2023-11- 23,452,"5,354","5,456","25,280"
2023-11- 22,453,"5,370","5,486","25,260"
2023-11- 21,454,"5,380","5,446","25,360"
2023-11- 20,454,"5,386","5,442","25,350"
2023-11- 17,454,"5,386","5,473","24,920"
2023-11- 16,456,"5,403","5,407","24,900"
2023-11- 15,449,"5,317","5,358","25,410"
2023-11- 14,461,"5,460","5,443","25,430"
2023-11- 13,444,"5,259","5,288","25,460"
2023-11- 10,439,"5,209","5,285","25,470"
2023-11- 09,437,"5,175","5,240","26,080"
2023-11- 08,448,"5,312","5,369","26,070"
2023-11- 07,447,"5,301","5,348","26,140"
2023-11- 06,446,"5,291","5,324","26,150"
2023-11- 03,448,"5,308","5,440","25,660"
2023-11- 02,427,"5,059","5,127","25,730"
2023-11- 01,424,"5,020","5,131","25,860"
2023-10- 31,439,"5,205","5,290","25,950"
2023-10- 30,437,"5,184","5,180","25,960"
2023-10- 27,486,"5,762","5,728","25,200"
2023-10- 26,438,"5,190","5,236","26,670"
2023-10- 25,451,"5,348","5,418","26,720"
2023-10- 24,455,"5,389","5,431","26,760"
2023-10- 23,449,"5,317","5,335","26,790"
2023-10- 20,463,"5,491","5,653","27,000"
2023-10- 19,460,"5,451","5,530","26,900"
2023-10- 18,466,"5,527","5,483","26,970"
2023-10- 17,469,"5,556","5,518","27,000"
2023-10- 16,467,"5,541","5,577","27,020"
2023-10- 13,473,"5,609","5,729","27,030"
2023-10- 12,459,"5,436","5,479","27,230"
2023-10- 11,449,"5,327","5,467","27,220"
2023-10- 10,454,"5,386","5,461","27,260"
2023-10- 09,425,"5,032","5,351","27,250"
2023-10- 06,548,"6,496","6,465","27,250"
2023-10- 05,512,"6,070","6,111","26,680"
2023-10- 04,510,"6,043","6,075","26,680"
2023-10- 03,499,"5,912","5,765","26,690"
2023-10- 02,397,"4,704","4,805","26,690"
2023-09- 27,505,"5,991","5,939","26,650"
2023-09- 26,499,"5,909","6,148","26,660"
2023-09- 25,483,"5,720","5,963","26,680"
2023-09- 22,504,"5,973","6,408","26,200"
2023-09- 21,495,"5,868","6,224","26,190"
2023-09- 20,519,"6,148","6,328","26,180"
2023-09- 19,508,"6,022","6,257","26,760"
2023-09- 18,521,"6,178","6,339","26,720"
2023-09- 15,531,"6,297","6,374","26,840"
2023-09- 14,537,"6,363","6,553","26,780"
2023-09- 13,539,"6,392","6,482","26,720"
2023-09- 12,564,"6,690","6,495","26,710"
2023-09- 11,572,"6,776","6,946","26,710"
2023-09- 08,594,"7,044","7,226","26,690"
2023-09- 07,591,"6,999","6,982","26,660"
2023-09- 06,586,"6,950","6,937","26,650"
2023-09- 05,560,"6,636","6,691","26,640"
2023-09- 04,571,"6,762","6,728","26,630"
2023-09- 01,529,"6,267","6,408","26,630"
2023-08- 31,526,"6,233","6,323","26,570"
2023-08- 30,528,"6,262","6,377","26,560"
2023-08- 29,513,"6,075","6,187","26,550"
2023-08- 28,526,"6,234","6,520","26,550"
2023-08- 25,533,"6,315","6,492","26,530"
2023-08- 24,514,"6,093","6,176","25,760"
2023-08- 23,489,"5,800","6,049","25,760"
2023-08- 22,487,"5,778","6,074","25,760"
2023-08- 21,488,"5,780","6,117","25,690"
2023-08- 18,495,"5,872","6,243","25,690"
2023-08- 17,481,"5,697","6,115","26,380"
2023-08- 16,454,"5,376","5,722","26,360"
2023-08- 15,448,"5,309","5,465","26,360"
2023-08- 14,502,"5,947","6,087","26,350"
2023-08- 11,553,"6,552","6,830","26,720"
2023-08- 10,514,"6,090","6,243","25,680"
2023-08- 09,524,"6,209","6,206","25,670"
2023-08- 08,525,"6,228","6,257","25,690"
2023-08- 07,528,"6,263","6,474","25,670"
2023-08- 04,518,"6,143","6,136","26,190"
2023-08- 03,524,"6,207","6,408","26,170"
2023-08- 02,491,"5,817","6,116","25,930"
2023-08- 01,499,"5,909","6,094","25,930"
2023-07- 31,494,"5,860","6,125","25,910"
2023-07- 28,532,"6,303","6,620","26,080"
2023-07- 27,500,"5,924","6,284","25,990"
2023-07- 26,500,"5,922","6,114","26,880"
2023-07- 25,499,"5,916","6,020","26,890"
2023-07- 24,506,"5,994","6,097","26,900"
2023-07- 21,500,"5,926","5,989","26,800"
2023-07- 20,507,"6,012","6,217","26,510"
2023-07- 19,497,"5,893","6,060","26,530"
2023-07- 18,495,"5,871","5,987","26,510"
2023-07- 17,484,"5,740","5,892","26,560"
2023-07- 14,471,"5,588","5,724","26,430"
2023-07- 13,478,"5,671","5,890","26,830"
2023-07- 12,478,"5,660","5,853","26,810"
2023-07- 11,507,"6,010","6,099","26,810"
2023-07- 10,512,"6,068","6,077","26,810"
2023-07- 07,507,"6,004","6,067","26,810"
2023-07- 06,517,"6,124","6,250","26,850"
2023-07- 05,507,"6,009","6,127","26,780"
2023-07- 04,500,"5,927","6,069","26,790"
2023-07- 03,486,"5,760","5,942","26,800"
2023-06- 30,481,"5,698","5,844","26,830"
2023-06- 29,491,"5,823","5,983","26,790"
2023-06- 28,495,"5,868","5,970","26,860"
2023-06- 27,485,"5,752","5,917","26,880"
2023-06- 26,492,"5,836","5,951","26,870"
2023-06- 23,495,"5,864","5,964","27,550"
2023-06- 22,507,"6,007","6,222","27,680"
2023-06- 21,485,"5,754","5,885","27,650"
2023-06- 20,499,"5,915","6,060","27,670"
2023-06- 19,491,"5,817","5,914","27,670"
2023-06- 16,488,"5,781","5,936","27,700"
2023-06- 15,498,"5,903","6,061","26,520"
2023-06- 14,498,"5,898","6,021","26,530"
2023-06- 13,496,"5,875","6,050","26,540"
2023-06- 12,491,"5,815","6,035","26,510"
2023-06- 09,486,"5,763","5,979","26,490"
2023-06- 08,493,"5,847","5,989","27,360"
2023-06- 07,492,"5,836","6,011","27,370"
2023-06- 06,489,"5,801","5,943","27,850"
2023-06- 05,494,"5,856","5,999","27,860"
2023-06- 02,519,"6,149","6,341","27,790"
2023-06- 01,492,"5,829","6,031","27,780"
2023-05- 31,480,"5,694","5,885","27,750"
2023-05- 30,485,"5,754","5,917","27,750"
2023-05- 29,476,"5,643","5,827","27,720"
2023-05- 26,483,"5,730","6,000","27,720"
2023-05- 25,484,"5,741","6,026","26,730"
2023-05- 24,497,"5,894","6,142","26,660"
2023-05- 23,506,"5,994","6,240","26,660"
2023-05- 22,504,"5,970","6,108","26,600"
2023-05- 19,485,"5,744","5,944","26,520"
2023-05- 18,500,"5,928","6,078","26,340"
2023-05- 17,496,"5,883","6,019","26,240"
2023-05- 16,503,"5,966","6,136","26,170"
2023-05- 15,507,"6,009","6,138","26,010"
2023-05- 11,538,"6,380","6,636","25,930"
2023-05- 10,509,"6,034","6,172","25,920"
2023-05- 09,498,"5,898","6,015","25,850"
2023-05- 08,487,"5,774","5,865","25,850"
2023-05- 04,480,"5,688","5,824","25,790"
2023-05- 03,520,"6,164","6,246","25,720"
2023-05- 02,516,"6,119","6,182","25,690"
2023-05- 01,481,"5,697","5,845","24,830"
2023-04- 28,525,"6,223","6,289","24,810"
2023-04- 27,499,"5,918","6,067","24,750"
2023-04- 26,485,"5,745","5,794","24,700"
2023-04- 25,478,"5,661","5,689","24,660"
2023-04- 24,482,"5,711","5,786","24,650"
2023-04- 21,483,"5,729","5,896","23,240"
2023-04- 20,476,"5,644","5,795","23,270"
2023-04- 19,468,"5,547","5,650","23,280"
2023-04- 18,465,"5,513","5,594","23,280"
2023-04- 17,463,"5,488","5,535","23,280"
2023-04- 14,459,"5,436","5,568","23,260"
2023-04- 13,455,"5,398","5,458","23,290"
2023-04- 12,452,"5,356","5,472","23,260"
2023-04- 11,471,"5,584","5,649","23,230"
2023-04- 10,457,"5,417","5,487","23,190"
2023-04- 07,446,"5,281","5,394","22,870"
2023-04- 06,462,"5,475","5,546","22,800"
2023-04- 05,448,"5,314","5,386","22,780"
2023-04- 04,449,"5,321","5,434","22,800"
2023-04- 03,450,"5,329","5,387","22,780"
2023-03- 31,433,"5,132","5,222","22,570"
2023-03- 30,437,"5,181","5,331","22,550"
2023-03- 29,442,"5,239","5,301","22,570"
2023-03- 28,441,"5,230","5,241","22,560"
2023-03- 27,450,"5,335","5,398","22,560"
2023-03- 24,450,"5,330","5,427","22,220"
2023-03- 23,444,"5,258","5,330","22,230"
2023-03- 22,453,"5,364","5,391","22,240"
2023-03- 21,461,"5,463","5,517","22,250"
2023-03- 20,451,"5,347","5,359","22,220"
2023-03- 17,431,"5,108","5,173","22,470"
2023-03- 16,438,"5,192","5,191","22,450"
2023-03- 15,443,"5,256","5,290","22,440"
2023-03- 14,438,"5,193","5,188","22,460"
2023-03- 13,440,"5,210","5,284","22,470"
2023-03- 10,432,"5,124","5,189","22,380"
2023-03- 09,441,"5,231","5,276","20,160"
2023-03- 08,438,"5,190","5,236","20,150"
2023-03- 07,424,"5,020","5,103","20,170"
2023-03- 06,429,"5,086","5,088","20,180"
2023-03- 03,440,"5,219","5,214","20,140"
2023-03- 02,417,"4,938","5,091","23,860"
2023-03- 01,362,"4,289","4,377","23,880"
2023-02- 28,403,"4,782","4,704","23,890"
2023-02- 27,413,"4,899","4,948","23,890"
2023-02- 24,423,"5,019","5,050","23,740"
2023-02- 23,412,"4,878","4,894","23,670"
2023-02- 22,410,"4,862","4,930","23,790"
2023-02- 21,398,"4,722","4,810","23,810"
2023-02- 20,404,"4,785","4,818","23,830"
2023-02- 17,405,"4,797","4,740","23,580"
2023-02- 16,396,"4,695","4,764","23,640"
2023-02- 15,397,"4,707","4,704","23,680"
2023-02- 14,394,"4,670","4,727","23,700"
2023-02- 13,395,"4,681","4,746","23,740"
2023-02- 10,380,"4,505","4,627","23,810"
2023-02- 09,391,"4,635","4,678","23,970"
2023-02- 08,398,"4,722","4,802","24,050"
2023-02- 07,393,"4,661","4,762","24,110"
2023-02- 06,402,"4,765","4,839","24,170"
2023-02- 03,402,"4,767","4,862","24,260"
2023-02- 02,405,"4,798","4,884","24,990"
2023-02- 01,398,"4,721","4,850","25,020"
2023-01- 31,398,"4,717","4,789","25,040"
2023-01- 30,400,"4,745","4,880","25,040"
2023-01- 27,401,"4,756","4,910","25,100"
2023-01- 26,398,"4,715","4,775","23,920"
2023-01- 25,402,"4,763","4,798","23,970"
2023-01- 20,383,"4,537","4,686","24,000"
2023-01- 19,407,"4,823","4,852","24,420"
2023-01- 18,432,"5,122","5,147","24,460"
2023-01- 17,450,"5,331","5,335","24,480"
2023-01- 16,442,"5,238","5,271","24,490"
2023-01- 13,474,"5,622","5,627","24,480"
2023-01- 12,484,"5,731","5,716","24,840"
2023-01- 11,484,"5,737","5,677","24,860"
2023-01- 10,483,"5,719","5,710","24,890"
2023-01- 09,486,"5,758","5,824","24,880"
2023-01- 06,475,"5,630","5,654","24,900"
2023-01- 05,475,"5,627","5,696","25,090"
2023-01- 04,476,"5,637","5,681","25,100"
2023-01- 03,472,"5,596","5,655","25,100"
2023-01- 02,461,"5,461","5,611","25,110"
2022-12- 30,460,"5,454","5,603","25,120"
2022-12- 29,466,"5,525","5,618","25,130"
2022-12- 28,475,"5,629","5,721","25,140"
2022-12- 27,474,"5,624","5,676","25,120"
2022-12- 26,477,"5,658","5,673","25,130"
2022-12- 23,453,"5,374","5,461","25,130"
2022-12- 22,477,"5,656","5,697","26,110"
2022-12- 21,489,"5,790","5,856","26,120"
2022-12- 20,490,"5,810","5,842","26,140"
2022-12- 19,501,"5,944","5,983","26,150"
2022-12- 16,477,"5,653","5,780","26,110"
2022-12- 15,496,"5,873","5,969","25,050"
2022-12- 14,503,"5,960","6,089","25,060"
2022-12- 13,506,"5,996","6,127","25,100"
2022-12- 12,506,"5,993","6,130","25,090"
2022-12- 09,495,"5,870","6,053","25,100"
2022-12- 08,509,"6,033","6,106","24,900"
2022-12- 07,513,"6,084","6,185","24,900"
2022-12- 06,500,"5,924","6,028","24,900"
2022-12- 05,501,"5,933","6,017","24,900"
2022-12- 02,467,"5,533","5,751","24,950"
2022-12- 01,474,"5,623","5,691","25,400"
2022-11- 30,477,"5,650","5,729","25,400"
2022-11- 29,471,"5,587","5,693","25,430"
2022-11- 28,482,"5,714","5,762","25,440"
2022-11- 25,482,"5,710","5,831","25,450"
2022-11- 24,473,"5,604","5,675","24,940"
2022-11- 23,471,"5,577","5,592","24,930"
2022-11- 22,473,"5,602","5,678","24,960"
2022-11- 21,479,"5,680","5,749","24,970"
2022-11- 18,473,"5,602","5,748","25,540"
2022-11- 17,477,"5,653","5,766","25,190"
2022-11- 16,473,"5,601","5,754","25,260"
2022-11- 15,474,"5,619","5,696","25,270"
2022-11- 14,480,"5,685","5,781","25,990"
2022-11- 11,474,"5,623","5,731","26,240"
2022-11- 10,485,"5,745","5,884","26,370"
2022-11- 09,481,"5,705","5,832","26,390"
2022-11- 08,493,"5,845","5,911","26,440"
2022-11- 07,481,"5,702","5,698","26,460"
2022-11- 04,483,"5,720","5,798","26,490"
2022-11- 03,472,"5,594","5,580","26,570"
2022-11- 02,471,"5,577","5,629","26,590"
2022-11- 01,467,"5,538","5,581","26,650"
2022-10- 31,474,"5,619","5,677","26,660"
2022-10- 28,473,"5,601","5,726","26,670"
2022-10- 27,477,"5,658","5,662","27,250"
2022-10- 26,470,"5,569","5,676","27,270"
2022-10- 25,468,"5,543","5,654","27,290"
2022-10- 24,476,"5,640","5,673","27,350"
2022-10- 21,526,"6,233","6,318","27,360"
2022-10- 20,512,"6,067","6,188","27,360"
2022-10- 19,507,"6,014","6,154","27,370"
2022-10- 18,517,"6,128","6,235","27,420"
2022-10- 17,534,"6,330","6,290","27,410"
2022-10- 14,511,"6,053","6,092","27,430"
2022-10- 13,514,"6,090","6,148","27,150"
2022-10- 12,517,"6,123","6,157","27,180"
2022-10- 11,511,"6,053","6,257","27,170"
2022-10- 10,462,"5,476","5,653","27,190"
2022-10- 07,573,"6,792","6,751","27,200"
2022-10- 06,554,"6,567","6,716","27,740"
2022-10- 05,548,"6,490","6,414","27,780"
2022-10- 04,539,"6,389","6,454","27,810"
2022-10- 03,444,"5,263","5,418","27,830"
2022-09- 30,555,"6,576","7,107","27,830"
2022-09- 29,563,"6,669","6,856","27,970"
2022-09- 28,542,"6,425","6,409","27,970"
2022-09- 27,531,"6,298","6,410","27,970"
2022-09- 26,546,"6,468","6,485","27,990"
2022-09- 23,583,"6,913","7,468","28,070"
2022-09- 22,560,"6,636","6,867","28,400"
2022-09- 21,528,"6,255","6,279","28,420"
2022-09- 20,535,"6,338","6,450","28,410"
2022-09- 19,536,"6,353","6,237","28,390"
2022-09- 16,548,"6,492","6,535","28,390"
2022-09- 15,546,"6,473","6,527","26,240"
2022-09- 14,541,"6,409","6,352","26,230"
2022-09- 13,565,"6,699","6,725","26,230"
2022-09- 08,615,"7,289","7,268","26,210"
2022-09- 07,568,"6,732","6,784","26,180"
2022-09- 06,557,"6,597","6,507","26,150"
2022-09- 05,607,"7,197","7,174","26,140"
2022-09- 02,634,"7,509","7,471","26,600"
2022-09- 01,643,"7,627","7,732","26,580"
2022-08- 31,653,"7,735","7,579","28,130"
2022-08- 30,640,"7,581","7,611","28,070"
2022-08- 29,637,"7,546","7,566","28,050"
2022-08- 26,635,"7,532","7,630","27,990"
2022-08- 25,605,"7,165","7,111","26,190"
2022-08- 24,613,"7,267","7,367","26,160"
2022-08- 23,612,"7,251","7,426","26,490"
2022-08- 22,593,"7,026","7,057","26,470"
2022-08- 19,563,"6,669","6,607","26,460"
2022-08- 18,591,"7,001","7,256","26,300"
2022-08- 17,588,"6,971","7,058","26,330"
2022-08- 16,570,"6,756","6,959","26,330"
2022-08- 15,508,"6,021","6,369","26,310"
2022-08- 12,574,"6,799","7,152","26,350"
2022-08- 11,599,"7,095","7,203","26,000"
2022-08- 10,621,"7,362","7,464","26,010"
2022-08- 09,604,"7,158","7,489","26,070"
2022-08- 08,594,"7,042","7,146","26,080"
2022-08- 05,571,"6,770","7,098","26,100"
2022-08- 04,572,"6,775","6,968","26,130"
2022-08- 03,546,"6,475","6,470","26,130"
2022-08- 02,528,"6,259","6,272","26,170"
2022-08- 01,552,"6,542","6,632","26,200"
2022-07- 29,543,"6,436","6,787","26,210"
2022-07- 28,542,"6,421","6,684","27,090"
2022-07- 27,541,"6,413","6,507","27,150"
2022-07- 26,533,"6,322","6,391","27,280"
2022-07- 25,544,"6,447","6,492","27,390"
2022-07- 22,540,"6,396","6,535","27,480"
2022-07- 21,552,"6,538","6,788","27,540"
2022-07- 20,538,"6,382","6,683","27,570"
2022-07- 19,542,"6,429","6,634","27,660"
2022-07- 18,570,"6,758","6,723","27,700"
2022-07- 15,547,"6,483","6,725","27,760"
2022-07- 14,552,"6,537","6,581","28,050"
2022-07- 13,561,"6,648","6,823","28,120"
2022-07- 12,544,"6,448","6,525","28,170"
2022-07- 11,560,"6,634","6,859","28,230"
2022-07- 08,531,"6,291","6,464","28,270"
2022-07- 07,551,"6,534","6,589","28,690"
2022-07- 06,550,"6,519","6,687","28,710"
2022-07- 05,565,"6,696","6,855","28,710"
2022-07- 04,547,"6,482","6,673","28,750"
2022-07- 01,545,"6,454","6,557","28,820"
2022-06- 30,528,"6,257","6,449","29,290"
2022-06- 29,542,"6,425","6,607","29,360"
2022-06- 28,552,"6,542","6,664","29,360"
2022-06- 27,548,"6,499","6,478","29,370"
2022-06- 24,561,"6,654","6,769","29,380"
2022-06- 23,552,"6,537","6,634","29,120"
2022-06- 22,558,"6,614","6,594","29,110"
2022-06- 21,559,"6,626","6,764","29,080"
2022-06- 20,571,"6,768","6,734","29,080"
2022-06- 17,646,"7,659","7,832","29,480"
2022-06- 16,582,"6,902","6,946","29,310"
2022-06- 15,595,"7,058","7,146","29,310"
2022-06- 14,618,"7,326","7,455","29,270"
2022-06- 13,595,"7,055","7,028","29,260"
2022-06- 10,619,"7,337","7,643","29,150"
2022-06- 09,597,"7,079","7,134","28,660"
2022-06- 08,594,"7,044","7,195","28,630"
2022-06- 07,604,"7,159","7,364","28,580"
2022-06- 06,519,"6,157","6,350","28,480"
2022-06- 03,605,"7,170","7,303","28,450"
2022-06- 02,606,"7,180","7,095","29,590"
2022-05- 31,587,"6,957","7,016","29,530"
2022-05- 30,608,"7,209","7,301","29,320"
2022-05- 27,615,"7,290","7,561","29,330"
2022-05- 26,598,"7,090","7,193","29,150"
2022-05- 25,592,"7,014","7,231","28,930"
2022-05- 24,610,"7,235","7,229","28,750"
2022-05- 23,619,"7,335","7,422","28,710"
2022-05- 20,602,"7,135","7,171","28,460"
2022-05- 19,614,"7,278","7,460","28,410"
2022-05- 18,612,"7,257","7,355","28,290"
2022-05- 17,635,"7,528","7,653","28,230"
2022-05- 16,609,"7,217","7,269","28,160"
2022-05- 13,600,"7,110","7,194","28,110"
2022-05- 12,621,"7,356","7,411","27,540"
2022-05- 11,605,"7,173","7,224","27,460"
2022-05- 10,618,"7,327","7,447","27,420"
2022-05- 09,619,"7,342","7,517","27,380"
2022-05- 06,623,"7,385","7,504","27,330"
2022-05- 04,609,"7,213","7,324","26,330"
2022-05- 03,623,"7,379","7,448","26,290"
2022-05- 02,616,"7,301","7,389","26,260"
2022-04- 29,579,"6,862","7,022","26,190"
2022-04- 28,588,"6,969","7,048","25,430"
2022-04- 27,577,"6,839","6,959","25,350"
2022-04- 26,570,"6,755","6,927","25,230"
2022-04- 25,566,"6,708","6,757","25,090"
2022-04- 22,546,"6,473","6,599","25,040"
2022-04- 21,533,"6,318","6,366","23,710"
2022-04- 20,519,"6,146","6,197","23,670"
2022-04- 19,508,"6,023","6,050","23,500"
2022-04- 18,512,"6,072","6,123","23,470"
2022-04- 15,477,"5,651","5,766","23,490"
2022-04- 14,481,"5,706","5,729","23,300"
2022-04- 13,477,"5,653","5,675","23,300"
2022-04- 12,477,"5,658","5,733","23,370"
2022-04- 11,470,"5,574","5,633","23,370"
2022-04- 08,464,"5,500","5,439","23,370"
2022-04- 07,470,"5,570","5,646","23,350"
2022-04- 06,444,"5,263","5,312","23,330"
2022-04- 05,440,"5,213","5,329","23,320"
2022-04- 04,431,"5,113","5,166","23,290"
2022-04- 01,409,"4,847","4,873","23,270"
2022-03- 31,421,"4,985","5,086","23,310"
2022-03- 30,404,"4,785","4,838","23,310"
2022-03- 29,397,"4,708","4,811","23,360"
2022-03- 28,397,"4,702","4,763","23,370"
2022-03- 25,389,"4,606","4,638","23,370"
2022-03- 24,383,"4,539","4,583","23,530"
2022-03- 23,375,"4,447","4,532","23,580"
2022-03- 22,383,"4,537","4,612","23,580"
2022-03- 21,387,"4,586","4,622","23,570"
2022-03- 18,369,"4,374","4,436","23,580"
2022-03- 17,377,"4,467","4,517","23,690"
2022-03- 16,383,"4,539","4,539","23,660"
2022-03- 15,383,"4,537","4,607","23,670"
2022-03- 14,398,"4,721","4,772","23,680"
2022-03- 11,397,"4,709","4,675","24,040"
2022-03- 10,401,"4,751","4,780","21,520"
2022-03- 08,392,"4,648","4,666","21,540"
2022-03- 07,399,"4,729","4,759","21,550"
2022-03- 04,422,"4,999","5,092","21,510"
2022-03- 03,385,"4,564","4,629","23,940"
2022-03- 02,393,"4,656","4,681","23,940"
2022-03- 01,381,"4,516","4,562","23,960"
2022-02- 28,401,"4,754","4,826","23,960"
2022-02- 25,412,"4,886","4,911","24,330"
2022-02- 24,408,"4,838","4,908","23,220"
2022-02- 23,386,"4,577","4,601","23,260"
2022-02- 22,386,"4,579","4,614","23,340"
2022-02- 21,396,"4,695","4,732","23,410"
2022-02- 18,384,"4,554","4,593","23,420"
2022-02- 17,381,"4,514","4,570","23,980"
2022-02- 16,375,"4,444","4,479","24,000"
2022-02- 15,374,"4,438","4,424","24,050"
2022-02- 14,389,"4,607","4,645","24,070"
2022-02- 11,384,"4,551","4,471","24,410"
2022-02- 10,380,"4,503","4,603","24,310"
2022-02- 09,377,"4,471","4,522","24,320"
2022-02- 08,384,"4,546","4,615","24,350"
2022-02- 07,386,"4,570","4,608","24,370"
2022-02- 04,412,"4,882","4,901","24,360"
2022-02- 03,407,"4,821","4,827","23,590"
2022-01- 28,407,"4,819","4,676","23,630"
2022-01- 27,393,"4,659","4,639","23,640"
2022-01- 26,391,"4,633","4,584","23,770"
2022-01- 25,417,"4,939","4,955","23,830"
2022-01- 24,429,"5,089","5,077","23,900"
2022-01- 21,433,"5,138","5,228","23,980"
2022-01- 20,423,"5,010","5,082","25,540"
2022-01- 19,422,"5,003","5,086","25,580"
2022-01- 18,426,"5,044","5,087","25,560"
2022-01- 17,417,"4,946","5,022","25,570"
2022-01- 14,444,"5,267","5,298","25,630"
2022-01- 13,442,"5,241","5,320","25,320"
2022-01- 12,429,"5,083","5,082","25,340"
2022-01- 11,437,"5,185","5,230","25,360"
2022-01- 10,434,"5,142","5,128","25,410"
2022-01- 07,433,"5,135","5,173","25,420"
2022-01- 06,451,"5,342","5,347","26,170"
2022-01- 05,443,"5,254","5,257","26,160"
2022-01- 04,431,"5,107","5,133","26,160"
2022-01- 03,422,"4,997","4,999","26,170"
2021-12- 31,427,"5,062","5,089","25,177"
2021-12- 30,422,"5,000","5,091","25,411"
2021-12- 29,414,"4,904","4,869","26,891"
2021-12- 28,394,"4,674","4,674","26,936"
2021-12- 27,407,"4,825","4,832","26,993"
2021-12- 24,392,"4,641","4,663","26,730"
2021-12- 23,412,"4,888","4,891","26,661"
2021-12- 22,425,"5,037","5,081","27,677"
2021-12- 21,430,"5,100","5,171","27,739"
2021-12- 20,440,"5,213","5,260","27,741"
2021-12- 17,443,"5,253","5,222","27,845"
2021-12- 16,468,"5,552","5,594","27,823"
2021-12- 15,493,"5,845","5,872","27,839"
2021-12- 14,489,"5,801","5,883","27,805"
2021-12- 13,509,"6,031","6,108","27,764"
2021-12- 10,514,"6,088","6,135","27,872"
2021-12- 09,517,"6,128","6,187","27,707"
2021-12- 08,543,"6,433","6,477","27,083"
2021-12- 07,545,"6,465","6,497","26,995"
2021-12- 06,541,"6,413","6,392","26,888"
2021-12- 03,547,"6,479","6,553",-
2021-12- 02,541,"6,412","6,409","26,457"
2021-12- 01,525,"6,220","6,246","24,911"
2021-11- 30,533,"6,314","6,312","24,857"
2021-11- 29,536,"6,355","6,379","24,857"
2021-11- 26,522,"6,187","6,266","25,066"
2021-11- 25,525,"6,224","6,289","25,145"
2021-11- 24,511,"6,060","6,021","26,227"
2021-11- 23,531,"6,297","6,230","26,227"
2021-11- 22,504,"5,968","5,885","26,227"
2021-11- 19,502,"5,954","5,871","26,189"
2021-11- 18,508,"6,020","6,075","26,251"
2021-11- 17,484,"5,735","5,710","25,360"
2021-11- 16,485,"5,749","5,696","25,324"
2021-11- 15,485,"5,746","5,680","25,277"
2021-11- 12,477,"5,648","5,652","25,114"
2021-11- 11,492,"5,834","5,835","25,159"
2021-11- 10,471,"5,588","5,551","25,332"
2021-11- 09,478,"5,661","5,644","25,207"
2021-11- 08,479,"5,683","5,609","25,180"
2021-11- 05,484,"5,740","5,861","25,150"
2021-11- 04,494,"5,851","5,853","25,037"
2021-11- 03,476,"5,645","5,674","23,764"
2021-11- 02,478,"5,667","5,621","23,905"
2021-11- 01,478,"5,670","5,599","23,935"
2021-10- 29,471,"5,587","5,506","23,876"
2021-10- 28,479,"5,678","5,712","23,984"
2021-10- 27,471,"5,583","5,483","24,316"
2021-10- 26,466,"5,523","5,471","24,386"
2021-10- 25,466,"5,519","5,441","24,786"
2021-10- 22,441,"5,223","5,201","25,228"
2021-10- 21,451,"5,346","5,214","25,265"
2021-10- 20,432,"5,117","5,112","25,891"
2021-10- 19,428,"5,068","4,977","25,891"
2021-10- 18,423,"5,008","5,019","26,036"
2021-10- 15,450,"5,336","5,200","26,132"
2021-10- 14,415,"4,921","4,859","26,116"
2021-10- 13,420,"4,974","4,950","26,452"
2021-10- 12,403,"4,772","4,817","26,682"
2021-10- 11,368,"4,361","4,390",-
2021-10- 08,415,"4,919","4,876","26,580"
2021-10- 07,444,"5,266","5,200","26,730"
2021-10- 06,442,"5,241","5,180","27,720"
2021-10- 05,458,"5,426","5,397","27,564"
2021-10- 04,397,"4,706","4,670",-
2021-10- 01,456,"5,399","5,523","27,643"
2021-09- 30,473,"5,608","5,502","27,845"
2021-09- 29,484,"5,734","5,629","28,159"
2021-09- 28,507,"6,006","5,891","28,277"
2021-09- 27,518,"6,136","6,039","28,140"
2021-09- 24,560,"6,643","6,436","28,102"
2021-09- 23,526,"6,234","6,009","27,890"
2021-09- 17,476,"5,646","5,501","25,305"
2021-09- 16,477,"5,650","5,661","26,313"
2021-09- 15,460,"5,449","5,419","23,711"
2021-09- 14,471,"5,586","5,571","23,627"
2021-09- 13,488,"5,783","5,808","23,841"
2021-09- 10,540,"6,405","6,400","23,598"
2021-09- 09,545,"6,456","6,534","23,695"
2021-09- 08,556,"6,585","6,508","26,907"
2021-09- 07,556,"6,591","6,518","26,884"
2021-09- 06,561,"6,649","6,611","26,905"
2021-09- 03,537,"6,367","6,383","27,123"
2021-09- 02,520,"6,159","6,223","27,139"
2021-09- 01,516,"6,110","6,121","27,114"
2021-08- 31,515,"6,101","6,141","27,209"
2021-08- 30,514,"6,090","6,180","27,202"
2021-08- 27,500,"5,929","6,021","26,932"
2021-08- 26,493,"5,840","6,020","26,986"
2021-08- 25,506,"6,000","6,140","26,007"
2021-08- 24,506,"5,996","6,042","25,956"
2021-08- 23,516,"6,110","6,177","25,921"
2021-08- 20,496,"5,879","5,928","25,905"
2021-08- 19,503,"5,964","6,133","25,853"
2021-08- 18,496,"5,874","5,975","26,298"
2021-08- 17,489,"5,792","5,983","26,225"
2021-08- 16,463,"5,482","5,624",-
2021-08- 13,537,"6,362","6,356","25,957"
2021-08- 12,492,"5,835","6,192","25,943"
2021-08- 11,507,"6,009","6,060","25,907"
2021-08- 10,497,"5,895","5,928","25,991"
2021-08- 09,513,"6,083","6,131","25,932"
2021-08- 06,482,"5,709","5,794","25,839"
2021-08- 05,464,"5,497","5,608","25,723"
2021-08- 04,465,"5,506","5,573","25,243"
2021-08- 03,454,"5,377","5,510","25,243"
2021-08- 02,468,"5,543","5,557","25,220"
2021-07- 30,413,"4,891","5,096","25,143"
2021-07- 29,432,"5,125","5,333","25,195"
2021-07- 28,445,"5,278","5,428","26,600"
2021-07- 27,454,"5,386","5,443","26,668"
2021-07- 26,468,"5,545","5,492","26,645"
2021-07- 23,460,"5,457","5,537","26,668"
2021-07- 22,470,"5,569","5,652","26,600"
2021-07- 21,463,"5,488","5,515","26,641"
2021-07- 20,479,"5,681","5,640","26,630"
2021-07- 19,479,"5,672","5,662","26,609"
2021-07- 16,484,"5,738","5,645","26,632"
2021-07- 15,489,"5,795","5,868","26,534"
2021-07- 14,483,"5,719","5,803","26,050"
2021-07- 13,473,"5,603","5,566","25,973"
2021-07- 12,495,"5,870","5,798","25,866"
2021-07- 09,491,"5,818","5,851","25,866"
2021-07- 08,515,"6,101","6,050","25,366"
2021-07- 07,527,"6,241","6,111","25,230"
2021-07- 06,530,"6,277","6,246","25,184"
2021-07- 05,528,"6,263","6,208","25,184"
2021-07- 02,483,"5,726","5,749","25,275"
2021-07- 01,505,"5,989","6,092","25,214"
2021-06- 30,501,"5,941","5,916","25,684"
2021-06- 29,499,"5,916","5,949","25,711"
2021-06- 28,498,"5,908","5,959","25,775"
2021-06- 25,483,"5,719","5,817","25,782"
2021-06- 24,510,"6,049","6,078","25,348"
2021-06- 23,496,"5,876","5,907","25,243"
2021-06- 22,489,"5,794","5,796","25,334"
2021-06- 21,495,"5,867","5,905","25,334"
2021-06- 18,473,"5,609","5,812","25,086"
2021-06- 17,483,"5,723","5,737","25,073"
2021-06- 16,471,"5,584","5,692","25,486"
2021-06- 15,491,"5,816","5,919","25,568"
2021-06- 14,485,"5,753","5,839","25,568"
2021-06- 11,464,"5,498","5,643","25,416"
2021-06- 10,489,"5,794","5,835","25,414"
2021-06- 09,476,"5,637","5,605","25,618"
2021-06- 08,484,"5,735","5,726","25,618"
2021-06- 07,486,"5,761","5,782","25,543"
2021-06- 04,473,"5,603","5,685","25,268"
2021-06- 03,481,"5,705","5,807","25,075"
2021-06- 02,475,"5,631","5,663","25,209"
2021-06- 01,480,"5,694","5,728","25,243"
2021-05- 31,470,"5,571","5,554","25,289"
2021-05- 28,436,"5,164","5,199","24,616"
2021-05- 27,450,"5,339","5,443","24,616"
2021-05- 26,453,"5,374","5,407","25,584"
2021-05- 25,460,"5,450","5,454","25,586"
2021-05- 24,447,"5,302","5,353","25,502"
2021-05- 21,453,"5,369","5,422","25,414"
2021-05- 20,447,"5,301","5,440","24,825"
2021-05- 19,401,"4,747","4,848",-
2021-05- 18,460,"5,453","5,457","23,739"
2021-05- 17,466,"5,520","5,553","23,648"
2021-05- 14,456,"5,404","5,489","23,593"
2021-05- 13,483,"5,727","5,742","23,516"
2021-05- 12,470,"5,570","5,588","24,363"
2021-05- 11,468,"5,552","5,576","24,398"
2021-05- 10,457,"5,411","5,484","24,226"
2021-05- 07,471,"5,577","5,620","24,251"
2021-05- 06,453,"5,365","5,410","24,400"
2021-05- 05,400,"4,744","4,800",-
2021-05- 04,450,"5,331","5,374","24,057"
2021-05- 03,468,"5,551","5,591","24,039"
2021-04- 30,444,"5,257","5,329","23,923"
2021-04- 29,462,"5,479","5,504","23,866"
2021-04- 28,441,"5,224","5,243","23,352"
2021-04- 27,436,"5,170","5,222","23,443"
2021-04- 26,426,"5,046","5,053","23,418"
2021-04- 23,427,"5,057","5,094","23,450"
2021-04- 22,435,"5,161","5,196","23,561"
2021-04- 21,440,"5,213","5,240","23,589"
2021-04- 20,438,"5,192","5,233","22,957"
2021-04- 19,440,"5,215","5,304","22,911"
2021-04- 16,424,"5,024","5,059","22,816"
2021-04- 15,443,"5,245","5,309","22,423"
2021-04- 14,435,"5,154","5,139","20,441"
2021-04- 13,433,"5,134","5,189","20,659"
2021-04- 12,440,"5,210","5,285","20,766"
2021-04- 09,401,"4,754","4,742","20,925"
2021-04- 08,431,"5,113","5,161","20,850"
2021-04- 07,422,"4,996","5,048","21,680"
2021-04- 06,419,"4,968","5,104","21,680"
2021-04- 05,419,"4,967","5,036","21,657"
2021-04- 02,389,"4,615","4,725","21,586"
2021-04- 01,406,"4,812","4,868","21,491"
2021-03- 31,408,"4,837","4,840","21,627"
2021-03- 30,406,"4,814","4,824","21,566"
2021-03- 29,397,"4,700","4,759","21,509"
2021-03- 26,390,"4,617","4,674","21,243"
2021-03- 25,398,"4,717","4,768","21,236"
2021-03- 24,390,"4,628","4,598","20,920"
2021-03- 23,389,"4,607","4,659","20,902"
2021-03- 22,375,"4,448","4,508","20,920"
2021-03- 19,353,"4,182","4,245","20,743"
2021-03- 18,373,"4,425","4,522","20,789"
2021-03- 17,375,"4,444","4,518","20,830"
2021-03- 16,367,"4,349","4,393","20,945"
2021-03- 15,363,"4,301","4,367","20,975"
2021-03- 12,361,"4,284","4,293","21,020"
2021-03- 11,365,"4,326","4,411","20,850"
2021-03- 10,372,"4,415","4,463","18,634"
2021-03- 09,372,"4,404","4,460","18,734"
2021-03- 08,364,"4,316","4,389","18,716"
2021-03- 05,342,"4,058","4,170","19,884"
2021-03- 04,358,"4,240","4,275","19,930"
2021-03- 03,349,"4,139","4,159","18,739"
2021-03- 02,351,"4,160","4,231","18,850"
2021-02- 26,349,"4,134","4,217","19,866"
2021-02- 25,362,"4,293","4,361","19,934"
2021-02- 24,357,"4,233","4,359","20,725"
2021-02- 23,354,"4,193","4,234","20,702"
2021-02- 22,345,"4,091","4,148","20,884"
2021-02- 19,327,"3,880","3,892","20,714"
2021-02- 18,309,"3,664","3,716","20,925"
2021-02- 17,293,"3,472","3,470","20,993"
2021-02- 16,299,"3,546","3,579","21,000"
2021-02- 15,308,"3,650","3,731","20,975"
2021-02- 10,393,"4,655","4,837","20,691"
2021-02- 09,320,"3,797","3,757","20,736"
2021-02- 08,326,"3,860","3,916","20,750"
2021-02- 05,323,"3,824","3,852","20,891"
2021-02- 04,331,"3,919","3,971","20,891"
2021-02- 03,336,"3,987","4,012","20,841"
2021-02- 02,341,"4,046","4,064","20,925"
2021-02- 01,338,"4,004","4,071","20,973"
2021-01- 29,336,"3,988","4,107","20,820"
2021-01- 28,339,"4,021","4,086","20,784"
2021-01- 27,336,"3,987","3,993","21,273"
2021-01- 26,337,"3,994","4,041","21,273"
2021-01- 25,353,"4,188","4,288","21,273"
2021-01- 22,319,"3,785","3,914","21,220"
2021-01- 21,358,"4,238","4,329","21,289"
2021-01- 20,354,"4,201","4,345","20,991"
2021-01- 19,360,"4,269","4,290","21,002"
2021-01- 18,376,"4,460","4,518","20,941"
2021-01- 15,353,"4,188","4,271","20,918"
2021-01- 14,361,"4,273","4,288","20,932"
2021-01- 13,346,"4,105","4,180","21,161"
2021-01- 12,348,"4,127","4,149","21,070"
2021-01- 11,337,"3,993","4,068","21,093"
2021-01- 08,308,"3,652","3,748","21,002"
2021-01- 07,329,"3,896","3,941","21,077"
2021-01- 06,336,"3,978","4,057","21,400"
2021-01- 05,333,"3,951","4,026","21,491"
2021-01- 04,333,"3,942","4,006","21,491"
2020-12- 31,311,"3,682","3,746","20,953"
2020-12- 30,340,"4,027","4,114","21,191"
2020-12- 29,330,"3,913","3,973","21,231"
2020-12- 28,325,"3,856","3,924","21,209"
2020-12- 24,308,"3,646","3,699","21,193"
2020-12- 23,326,"3,861","3,888","21,769"
2020-12- 22,336,"3,982","4,036","21,680"
2020-12- 21,346,"4,104","4,192","21,680"
2020-12- 18,356,"4,222","4,309","21,633"
2020-12- 17,378,"4,484","4,565","21,633"
2020-12- 16,381,"4,513","4,610","21,689"
2020-12- 15,394,"4,673","4,763","21,813"
2020-12- 14,406,"4,807","4,891","21,802"
2020-12- 11,397,"4,709","4,861","21,698"
2020-12- 10,404,"4,785","4,851","21,698"
2020-12- 09,399,"4,733","4,807","21,987"
2020-12- 08,410,"4,855","4,914","21,893"
2020-12- 07,416,"4,928","4,987","21,850"
2020-12- 04,399,"4,734","4,874",-
2020-12- 03,403,"4,776","4,848","21,651"
2020-12- 02,398,"4,717","4,765","20,476"
2020-12- 01,400,"4,742","4,832","20,496"
2020-11- 30,397,"4,708","4,764","21,111"
2020-11- 27,401,"4,750","4,777","20,689"
2020-11- 26,408,"4,834","4,905","20,756"
2020-11- 25,401,"4,747","4,765","21,902"
2020-11- 24,410,"4,862","4,936","21,843"
2020-11- 23,414,"4,911","4,972","21,882"
2020-11- 20,399,"4,728","4,799","21,598"
2020-11- 19,399,"4,731","4,754","21,687"
2020-11- 18,391,"4,632","4,617","21,429"
2020-11- 17,401,"4,758","4,794","21,164"
2020-11- 16,409,"4,853","4,794","21,204"
2020-11- 13,382,"4,523","4,520","20,360"
2020-11- 12,405,"4,797","4,889","21,300"
2020-11- 11,396,"4,692","4,692","21,758"
2020-11- 10,398,"4,720","4,764","21,780"
2020-11- 09,401,"4,751","4,751","21,853"
2020-11- 06,392,"4,650","4,820","21,811"
2020-11- 05,409,"4,852","4,916","21,862"
2020-11- 04,386,"4,572","4,510","20,393"
2020-11- 03,377,"4,463","4,476","20,607"
2020-11- 02,385,"4,559","4,594","20,616"
2020-10- 30,344,"4,080","3,986","20,560"
2020-10- 29,357,"4,229","4,167","20,589"
2020-10- 28,357,"4,236","4,161","22,855"
2020-10- 27,374,"4,438","4,408","23,213"
2020-10- 26,378,"4,481","4,504","23,180"
2020-10- 23,360,"4,271","4,251","23,207"
2020-10- 22,373,"4,420","4,404","23,127"
2020-10- 21,382,"4,532","4,565","22,838"
2020-10- 20,402,"4,767","4,689","22,704"
2020-10- 19,407,"4,821","4,787","22,807"
2020-10- 16,384,"4,549","4,517","22,851"
2020-10- 15,391,"4,629","4,693","23,018"
2020-10- 14,403,"4,780","4,871","23,196"
2020-10- 13,419,"4,964","4,929","23,129"
2020-10- 12,394,"4,667","4,632","23,147"
2020-10- 08,363,"4,299","4,324","24,080"
2020-10- 07,386,"4,579","4,473","24,162"
2020-10- 06,424,"5,025","4,912","24,229"
2020-10- 05,419,"4,961","4,909","24,238"
2020-09- 29,360,"4,270","4,235","23,984"
2020-09- 28,429,"5,081","5,000","24,000"
2020-09- 25,427,"5,060","5,096","23,984"
2020-09- 24,431,"5,109","5,145","23,911"
2020-09- 23,434,"5,139","5,155","23,884"
2020-09- 22,451,"5,350","5,413","23,684"
2020-09- 21,460,"5,456","5,518","23,678"
2020-09- 18,444,"5,260","5,296","23,322"
2020-09- 17,448,"5,309","5,360","23,284"
2020-09- 16,450,"5,337","5,407","23,409"
2020-09- 15,457,"5,419","5,540","23,438"
2020-09- 14,461,"5,464","5,584","23,442"
2020-09- 11,437,"5,176","5,314","22,451"
2020-09- 10,451,"5,343","5,441","22,424"
2020-09- 09,447,"5,302","5,466","23,811"
2020-09- 08,454,"5,385","5,524","23,751"
2020-09- 07,439,"5,205","5,350","23,751"
2020-09- 04,442,"5,235","5,477","23,573"
2020-09- 03,410,"4,862","5,153","23,320"
2020-09- 02,400,"4,736","5,003","22,691"
2020-09- 01,400,"4,746","5,022","22,742"
2020-08- 31,401,"4,753","4,811","22,762"
2020-08- 28,381,"4,517","4,760","22,762"
2020-08- 27,392,"4,643","4,681","22,673"
2020-08- 26,374,"4,432","4,615","24,075"
2020-08- 25,393,"4,658","4,761","24,016"
2020-08- 24,381,"4,513","4,622","23,995"
2020-08- 21,382,"4,531","4,622","23,953"
2020-08- 20,398,"4,717","4,672","23,976"
2020-08- 19,399,"4,734","4,802","24,229"
2020-08- 18,413,"4,891","5,031","24,182"
2020-08- 17,367,"4,345","4,547",-
2020-08- 14,426,"5,052","5,008","24,271"
2020-08- 13,431,"5,105","5,054","24,351"
2020-08- 12,424,"5,022","5,043","23,982"
2020-08- 11,428,"5,069","5,164","24,058"
2020-08- 10,437,"5,176","5,171","24,033"
2020-08- 07,401,"4,749","4,649","23,753"
2020-08- 06,405,"4,798","4,782","23,740"
2020-08- 05,411,"4,870","4,881","23,400"
2020-08- 04,405,"4,799","4,833","23,444"
2020-08- 03,418,"4,950","5,089","23,444"
2020-07- 31,396,"4,699","4,894","23,444"
2020-07- 30,406,"4,810","4,866","23,398"
2020-07- 29,405,"4,806","4,894","24,375"
2020-07- 28,417,"4,944","4,976","24,375"
2020-07- 27,430,"5,095","5,150","24,480"
2020-07- 24,434,"5,148","5,254","24,242"
2020-07- 23,440,"5,216","5,303","23,882"
2020-07- 22,432,"5,118","5,245","23,096"
2020-07- 21,449,"5,317","5,423","23,140"
2020-07- 20,466,"5,527","5,551","23,071"
2020-07- 17,465,"5,509","5,559","22,976"
2020-07- 16,473,"5,611","5,664","22,976"
2020-07- 15,465,"5,507","5,579","22,516"
2020-07- 14,468,"5,549","5,651","22,545"
2020-07- 13,460,"5,454","5,538","22,545"
2020-07- 10,445,"5,274","5,403","22,529"
2020-07- 09,456,"5,402","5,465","22,500"
2020-07- 08,444,"5,264","5,380","23,022"
2020-07- 07,438,"5,194","5,332","23,000"
2020-07- 06,442,"5,238","5,301","23,022"
2020-07- 03,429,"5,084","5,178","23,036"
2020-07- 02,421,"4,988","5,148","23,102"
2020-07- 01,415,"4,919","4,988","23,344"
2020-06- 30,407,"4,820","4,933","23,367"
2020-06- 29,401,"4,749","4,811","23,344"
2020-06- 26,398,"4,718","4,937","23,329"
2020-06- 25,408,"4,835","4,973","23,418"
2020-06- 24,412,"4,887","4,999","22,849"
2020-06- 23,421,"4,992","5,056","22,942"
2020-06- 22,415,"4,921","5,030","22,953"
2020-06- 19,401,"4,756","4,982","22,864"
2020-06- 18,417,"4,948","5,044","22,871"
2020-06- 17,419,"4,964","5,086","24,464"
2020-06- 16,425,"5,039","5,132","24,486"
2020-06- 15,435,"5,150","5,144","24,491"
2020-06- 12,421,"4,990","5,128","24,459"
2020-06- 11,430,"5,101","5,186","24,434"
2020-06- 10,431,"5,108","5,203","24,361"
2020-06- 09,443,"5,251","5,284","24,302"
2020-06- 08,446,"5,281","5,300","24,313"
2020-06- 05,423,"5,008","5,072","24,284"
2020-06- 04,439,"5,201","5,289","24,197"
2020-06- 03,458,"5,429","5,466","24,070"
2020-06- 02,458,"5,429","5,519","24,140"
2020-06- 01,457,"5,417","5,484","24,096"
2020-05- 29,450,"5,336","5,475","24,007"
2020-05- 28,438,"5,197","5,310","24,014"
2020-05- 27,447,"5,304","5,413","23,864"
2020-05- 26,453,"5,373","5,478","23,827"
2020-05- 25,452,"5,363","5,464","23,738"
2020-05- 22,431,"5,114","5,269","23,216"
2020-05- 21,444,"5,257","5,375","23,476"
2020-05- 20,443,"5,247","5,325","22,271"
2020-05- 19,441,"5,231","5,327","22,256"
2020-05- 18,434,"5,139","5,309","22,147"
2020-05- 15,420,"4,973","5,128","21,862"
2020-05- 14,429,"5,088","5,210","21,847"
2020-05- 13,432,"5,126","5,231","22,802"
2020-05- 12,437,"5,175","5,291","22,749"
2020-05- 11,432,"5,123","5,219","22,664"
2020-05- 08,424,"5,025","5,131","22,413"
2020-05- 07,427,"5,064","5,145","22,271"
2020-05- 06,414,"4,911","4,996","21,342"
2020-05- 05,406,"4,816","4,906",-
2020-05- 04,396,"4,698","4,778","21,193"
2020-05- 01,397,"4,702","5,152",-
2020-04- 30,455,"5,396","5,360",-
2020-04- 29,404,"4,790","4,925","20,189"
2020-04- 28,413,"4,900","5,019","20,047"
2020-04- 27,414,"4,912","4,955","20,462"
2020-04- 24,403,"4,782","4,892","20,384"
2020-04- 23,398,"4,714","4,837","20,369"
2020-04- 22,399,"4,726","4,805","20,080"
2020-04- 21,382,"4,530","4,627","19,956"
2020-04- 20,368,"4,367","4,461","19,920"
2020-04- 17,360,"4,264","4,393","19,743"
2020-04- 16,358,"4,249","4,327","19,496"
2020-04- 14,355,"4,209","4,273","18,524"
2020-04- 13,363,"4,302","4,420","18,502"
2020-04- 10,347,"4,110","4,229","18,502"
2020-04- 09,343,"4,068","4,197","18,476"
2020-04- 08,338,"4,004","4,086","19,153"
2020-04- 07,335,"3,976","4,052","19,176"
2020-04- 06,323,"3,828","3,914","19,151"
2020-04- 03,324,"3,840","3,973","19,113"
2020-04- 02,313,"3,707","3,840","19,144"
2020-04- 01,313,"3,704","3,807","19,331"
2020-03- 31,308,"3,656","3,821","19,264"
2020-03- 30,308,"3,649","3,754","19,224"
2020-03- 27,295,"3,501","3,610","19,049"
2020-03- 26,302,"3,585","3,645","19,093"
2020-03- 25,315,"3,733","3,830","19,744"
2020-03- 24,325,"3,853","3,905","19,744"
2020-03- 23,329,"3,905","3,989","19,744"
2020-03- 20,325,"3,853","3,996","19,633"
2020-03- 19,332,"3,930","4,042","19,629"
2020-03- 18,332,"3,937","4,037","19,562"
2020-03- 17,342,"4,056","4,216","19,660"
2020-03- 16,345,"4,086","4,204","19,629"
2020-03- 13,329,"3,905","4,133","19,456"
2020-03- 12,341,"4,047","4,188","19,360"
2020-03- 11,341,"4,043","4,156","19,191"
2020-03- 10,353,"4,181","4,300","18,798"
2020-03- 09,350,"4,150","4,285","19,022"
2020-03- 06,355,"4,204","4,264","18,205"
2020-03- 05,354,"4,200","4,308","17,852"
2020-03- 04,350,"4,146","4,256","16,795"
2020-03- 03,358,"4,249","4,389","16,255"
2020-03- 02,355,"4,205","4,362","16,284"
2020-02- 28,352,"4,173","4,285","16,086"
2020-02- 27,352,"4,167","4,315","16,412"
2020-02- 26,319,"3,783","3,928","17,007"
2020-02- 25,308,"3,648","3,756","17,007"
2020-02- 24,303,"3,587","3,696","17,091"
2020-02- 21,300,"3,557","3,596","17,107"
2020-02- 20,289,"3,426","3,546","17,104"
2020-02- 19,288,"3,413","3,515","16,467"
2020-02- 18,280,"3,323","3,434","15,818"
2020-02- 17,277,"3,284","3,343","15,840"
2020-02- 14,269,"3,187","3,267","14,476"
2020-02- 13,272,"3,220","3,320","15,327"
2020-02- 12,274,"3,252","3,327","15,851"
2020-02- 11,269,"3,186","3,262","15,858"
2020-02- 10,270,"3,195","3,265","15,727"
2020-02- 07,252,"2,986","3,060","15,973"
2020-02- 06,263,"3,118","3,224","16,084"
2020-02- 05,268,"3,172","3,220","16,411"
2020-02- 04,267,"3,160","3,240","16,458"
2020-02- 03,268,"3,179","3,246","16,464"
2020-01- 31,250,"2,969","2,993","15,593"
2020-01- 30,243,"2,879","2,946","15,611"
2020-01- 29,237,"2,814","2,871","17,547"
2020-01- 28,236,"2,801","2,824","17,558"
2020-01- 23,171,"2,021","2,087","17,316"
2020-01- 22,257,"3,046","3,081","16,842"
2020-01- 21,228,"2,707","2,674","16,798"
2020-01- 20,253,"3,001","3,027","16,853"
2020-01- 17,284,"3,366","3,380","16,853"
2020-01- 16,304,"3,600","3,625","16,831"
2020-01- 15,328,"3,884","3,908","16,933"
2020-01- 14,342,"4,051","4,076","16,822"
2020-01- 13,327,"3,877","3,902","16,816"
2020-01- 10,329,"3,901","3,935","16,724"
2020-01- 09,322,"3,822","3,859","16,856"
2020-01- 08,321,"3,805","3,818","17,124"
2020-01- 07,302,"3,585","3,617","17,171"
2020-01- 06,292,"3,459","3,506","17,262"
2020-01- 03,279,"3,305","3,327","17,284"
2020-01- 02,277,"3,279","3,336","17,262"
2019-12- 31,266,"3,156","3,164","17,762"
2019-12- 30,275,"3,257","3,230","17,773"
2019-12- 27,262,"3,101","3,103","17,798"
2019-12- 26,264,"3,130","3,185","17,778"
2019-12- 24,269,"3,184","3,173","17,451"
2019-12- 23,276,"3,271","3,276","17,387"
2019-12- 20,264,"3,133","3,112","17,231"
2019-12- 19,272,"3,221","3,255","17,140"
2019-12- 18,290,"3,432","3,479","17,531"
2019-12- 17,306,"3,622","3,650","17,587"
2019-12- 16,315,"3,729","3,751","17,587"
2019-12- 13,320,"3,798","3,855","17,587"
2019-12- 12,332,"3,935","4,051","17,571"
2019-12- 11,330,"3,910","3,970","17,976"
2019-12- 10,335,"3,975","4,031","17,971"
2019-12- 09,338,"4,009","4,050","17,964"
2019-12- 06,331,"3,928","3,960",-
2019-12- 05,340,"4,030","4,151","17,964"
2019-12- 04,339,"4,017","4,116","17,653"
2019-12- 03,340,"4,032","4,130","17,716"
2019-12- 02,349,"4,136","4,236","17,624"
2019-11- 29,330,"3,915","3,992","17,224"
2019-11- 28,338,"4,003","4,060","17,611"
2019-11- 27,343,"4,068","4,154","18,024"
2019-11- 26,341,"4,045","4,162","18,136"
2019-11- 25,340,"4,031","4,131","18,104"
2019-11- 22,339,"4,022","4,104","17,804"
2019-11- 21,338,"4,008","4,087","17,707"
2019-11- 20,341,"4,045","4,111","17,189"
2019-11- 19,347,"4,111","4,170","16,951"
2019-11- 18,351,"4,162","4,265","17,042"
2019-11- 15,324,"3,846","3,919","16,889"
2019-11- 14,337,"3,989","4,102","16,920"
2019-11- 13,335,"3,969","4,031","16,482"
2019-11- 12,341,"4,038","4,115","16,520"
2019-11- 11,327,"3,872","3,961","16,527"
2019-11- 08,323,"3,828","3,909","16,578"
2019-11- 07,313,"3,713","3,821","16,542"
2019-11- 06,313,"3,706","3,783","15,024"
2019-11- 05,314,"3,724","3,779","15,060"
2019-11- 04,303,"3,588","3,658","15,187"
2019-11- 01,276,"3,274","3,335","15,236"
2019-10- 31,266,"3,148","3,175","15,347"
2019-10- 30,271,"3,210","3,199","17,527"
2019-10- 29,273,"3,241","3,251","17,687"
2019-10- 28,265,"3,136","3,139","17,722"
2019-10- 25,259,"3,070","3,139","17,713"
2019-10- 24,266,"3,155","3,178","17,720"
2019-10- 23,282,"3,338","3,353","17,638"
2019-10- 22,292,"3,460","3,496","17,844"
2019-10- 21,289,"3,420","3,382","17,927"
2019-10- 18,278,"3,295","3,339","17,689"
2019-10- 17,280,"3,316","3,405","17,809"
2019-10- 16,284,"3,365","3,328","18,671"
2019-10- 15,293,"3,478","3,453","18,864"
2019-10- 14,292,"3,466","3,459","19,173"
2019-10- 11,275,"3,261","3,229","19,302"
2019-10- 10,288,"3,418","3,449","20,049"
2019-10- 09,281,"3,333","3,384",-
2019-10- 08,304,"3,606","3,620","21,329"
2019-10- 07,308,"3,653","3,584","21,558"
2019-10- 04,319,"3,777","3,788","21,496"
2019-10- 03,293,"3,473","3,507",-
2019-10- 02,339,"4,013","4,056","21,851"
2019-10- 01,362,"4,287","4,280","21,767"
2019-09- 30,399,"4,725","4,724","21,858"
2019-09- 27,-,-,-,"21,638"
2019-09- 26,362,"4,289","4,987","21,567"
2019-09- 25,430,"5,097","5,313","21,291"
2019-09- 24,453,"5,374","5,427","21,234"
2019-09- 23,424,"5,029","5,079","21,087"
2019-09- 20,451,"5,349","5,368","20,922"
2019-09- 19,520,"6,166","6,178","21,029"
2019-09- 18,523,"6,201","6,395","20,442"
2019-09- 17,504,"5,975","6,092","20,287"
2019-09- 16,385,"4,558","4,576","20,127"
2019-09- 11,366,"4,336","4,393","20,282"
2019-09- 10,398,"4,714","4,732","20,238"
2019-09- 09,383,"4,540","4,583","20,273"
2019-09- 06,401,"4,754","4,853","20,062"
2019-09- 05,429,"5,084","5,074","20,058"
2019-09- 04,435,"5,151","5,119","19,360"
2019-09- 03,435,"5,151","5,162","19,369"
2019-09- 02,421,"4,987","5,050","19,436"
2019-08- 30,406,"4,810","5,054","19,251"
2019-08- 29,419,"4,964","5,089","19,107"
2019-08- 28,414,"4,906","5,024","19,187"
2019-08- 27,410,"4,859","5,016","19,076"
2019-08- 26,406,"4,817","4,923","19,087"
2019-08- 23,395,"4,687","4,912","19,002"
2019-08- 22,401,"4,751","4,950","19,184"
2019-08- 21,390,"4,626","4,805","18,933"
2019-08- 20,389,"4,606","4,721","18,911"
2019-08- 19,385,"4,563","4,547","18,884"
2019-08- 16,360,"4,264","4,437","18,893"
2019-08- 15,366,"4,342","4,642",-
2019-08- 14,354,"4,201","4,458","18,656"
2019-08- 13,391,"4,633","4,808","18,813"
2019-08- 12,385,"4,563","4,645","18,813"
2019-08- 09,376,"4,460","4,468","18,776"
2019-08- 08,378,"4,482","4,626","18,760"
2019-08- 07,368,"4,356","4,417","18,809"
2019-08- 06,370,"4,382","4,413","18,831"
2019-08- 05,374,"4,427","4,435","18,693"
2019-08- 02,347,"4,114","4,303","18,793"
2019-08- 01,345,"4,087","4,164","18,780"
2019-07- 31,340,"4,035","4,127","19,122"
2019-07- 30,350,"4,151","4,219","19,144"
2019-07- 29,359,"4,260","4,335","19,131"
2019-07- 26,340,"4,034","4,182","19,131"
2019-07- 25,343,"4,062","4,178","19,153"
2019-07- 24,358,"4,246","4,381","19,600"
2019-07- 23,375,"4,444","4,540","19,453"
2019-07- 22,393,"4,659","4,679","19,473"
2019-07- 19,385,"4,569","4,681","19,598"
2019-07- 18,378,"4,478","4,603","19,427"
2019-07- 17,378,"4,481","4,594","19,140"
2019-07- 16,380,"4,509","4,575","19,140"
2019-07- 15,392,"4,650","4,673","19,169"
2019-07- 12,374,"4,437","4,600","19,169"
2019-07- 11,374,"4,437","4,483","19,140"
2019-07- 10,384,"4,548","4,626","19,516"
2019-07- 09,392,"4,647","4,624","19,471"
2019-07- 08,404,"4,793","4,806","19,458"
2019-07- 05,403,"4,782","4,901","19,391"
2019-07- 04,395,"4,676","4,759","19,391"
2019-07- 03,389,"4,614","4,600","19,256"
2019-07- 02,383,"4,542","4,535","19,358"
2019-07- 01,387,"4,591","4,600","19,367"
2019-06- 28,359,"4,257","4,445","19,344"
2019-06- 27,353,"4,186","4,306","19,382"
2019-06- 26,371,"4,397","4,450","19,802"
2019-06- 25,380,"4,503","4,552","19,784"
2019-06- 24,393,"4,661","4,675","19,733"
2019-06- 21,372,"4,406","4,470","19,707"
2019-06- 20,385,"4,566","4,657","19,724"
2019-06- 19,386,"4,579","4,608","19,798"
2019-06- 18,397,"4,703","4,731","19,820"
2019-06- 17,400,"4,746","4,785","19,760"
2019-06- 14,392,"4,650","4,781","19,531"
2019-06- 13,399,"4,725","4,821","19,687"
2019-06- 12,392,"4,648","4,705","19,187"
2019-06- 11,386,"4,578","4,656","18,964"
2019-06- 10,388,"4,594","4,648","18,964"
2019-06- 07,405,"4,802","4,877","18,964"
2019-06- 06,335,"3,975","4,086",-
2019-06- 05,377,"4,474","4,533","18,547"
2019-06- 04,404,"4,784","4,779","18,578"
2019-06- 03,410,"4,862","4,907","18,578"
2019-05- 31,382,"4,526","4,593","18,569"
2019-05- 30,395,"4,683","4,744","18,633"
2019-05- 29,389,"4,612","4,671","20,200"
2019-05- 28,390,"4,628","4,630","20,178"
2019-05- 27,385,"4,560","4,651","20,122"
2019-05- 24,374,"4,431","4,481","20,009"
2019-05- 23,379,"4,493","4,609","20,049"
2019-05- 22,388,"4,599","4,612","20,073"
2019-05- 21,382,"4,529","4,542","20,029"
2019-05- 20,394,"4,673","4,673","20,153"
2019-05- 17,375,"4,439","4,479","20,062"
2019-05- 16,382,"4,524","4,567","20,084"
2019-05- 15,387,"4,582","4,603","20,009"
2019-05- 14,396,"4,689","4,633","19,891"
2019-05- 13,395,"4,680","4,660","19,882"
2019-05- 10,382,"4,523","4,560","19,778"
2019-05- 09,384,"4,547","4,636","19,793"
2019-05- 08,382,"4,532","4,537","19,511"
2019-05- 07,378,"4,483","4,477","19,504"
2019-05- 03,396,"4,690","4,729","19,327"
2019-05- 02,392,"4,652","4,714","19,393"
2019-05- 01,356,"4,219","4,309",-
2019-04- 30,375,"4,439","4,434","20,073"
2019-04- 29,378,"4,481","4,493","19,993"
2019-04- 26,345,"4,086","4,155","20,013"
2019-04- 25,367,"4,352","4,372","19,798"
2019-04- 24,367,"4,347","4,411","19,496"
2019-04- 23,377,"4,470","4,529","19,549"
2019-04- 22,383,"4,535","4,549","19,469"
2019-04- 19,376,"4,456","4,521","19,438"
2019-04- 18,384,"4,547","4,603","19,300"
2019-04- 17,384,"4,552","4,612","19,078"
2019-04- 16,389,"4,606","4,667","18,907"
2019-04- 15,397,"4,711","4,793","19,091"
2019-04- 12,384,"4,546","4,677","18,889"
2019-04- 11,386,"4,574","4,657","18,680"
2019-04- 10,400,"4,738","4,825","17,871"
2019-04- 09,403,"4,776","4,861","17,716"
2019-04- 08,403,"4,771","4,872","17,576"
2019-04- 05,393,"4,657","4,730","17,411"
2019-04- 04,397,"4,703","4,803","17,382"
2019-04- 03,393,"4,655","4,772","17,531"
2019-04- 02,385,"4,569","4,669","17,633"
2019-04- 01,379,"4,494","4,561","17,556"
2019-03- 29,365,"4,332","4,477","17,473"
2019-03- 28,373,"4,425","4,547","17,260"
2019-03- 27,377,"4,469","4,559","17,451"
2019-03- 26,364,"4,310","4,391","17,451"
2019-03- 25,370,"4,388","4,458","17,251"
2019-03- 22,353,"4,184","4,263","17,124"
2019-03- 21,354,"4,201","4,288","17,198"
2019-03- 20,342,"4,051","4,124","17,087"
2019-03- 19,339,"4,022","4,089","17,033"
2019-03- 18,339,"4,014","4,076","17,122"
2019-03- 15,327,"3,875","3,974","16,951"
2019-03- 14,329,"3,898","4,010","16,847"
2019-03- 13,328,"3,890","3,973","16,578"
2019-03- 12,327,"3,880","3,980","16,744"
2019-03- 11,332,"3,939","4,049","16,776"
2019-03- 08,310,"3,680","3,848","16,840"
2019-03- 07,311,"3,684","3,787","16,862"
2019-03- 06,307,"3,641","3,712","16,031"
2019-03- 05,307,"3,637","3,725","15,947"
2019-03- 04,306,"3,632","3,715","15,998"
2019-02- 28,300,"3,554","3,647","15,827"
2019-02- 27,308,"3,655","3,760","17,049"
2019-02- 26,310,"3,673","3,762","17,122"
2019-02- 25,296,"3,503","3,598","17,229"
2019-02- 22,281,"3,333","3,435","17,073"
2019-02- 21,280,"3,324","3,422","17,118"
2019-02- 20,284,"3,370","3,437","17,020"
2019-02- 19,285,"3,381","3,481","17,149"
2019-02- 18,286,"3,385","3,515","17,240"
2019-02- 15,267,"3,170","3,232","16,307"
2019-02- 14,277,"3,279","3,405","16,382"
2019-02- 13,277,"3,286","3,353","16,762"
2019-02- 12,284,"3,368","3,493","16,836"
2019-02- 11,279,"3,307","3,420","16,840"
2019-02- 08,288,"3,419","3,559","16,393"
2019-02- 07,298,"3,530","3,579","17,027"
2019-02- 01,328,"3,888","3,926","16,844"
2019-01- 31,273,"3,240","3,323","16,844"
2019-01- 30,297,"3,520","3,631","17,422"
2019-01- 29,298,"3,531","3,581","17,344"
2019-01- 28,297,"3,517","3,574","17,360"
2019-01- 25,286,"3,388","3,445","17,389"
2019-01- 24,292,"3,456","3,551","17,513"
2019-01- 23,294,"3,479","3,552","17,480"
2019-01- 22,299,"3,538","3,599","17,480"
2019-01- 21,294,"3,488","3,560","17,502"
2019-01- 18,304,"3,598","3,666","17,318"
2019-01- 17,308,"3,648","3,771","17,331"
2019-01- 16,310,"3,678","3,796","17,191"
2019-01- 15,314,"3,718","3,807","17,007"
2019-01- 14,315,"3,736","3,839","16,960"
2019-01- 11,304,"3,608","3,658","16,827"
2019-01- 10,309,"3,657","3,724","16,798"
2019-01- 09,309,"3,666","3,771","17,049"
2019-01- 08,315,"3,738","3,842","17,287"
2019-01- 07,310,"3,674","3,798","17,291"
2019-01- 04,294,"3,486","3,583",-
2019-01- 03,301,"3,567","3,626","17,122"
2019-01- 02,290,"3,433","3,493","17,689"
2018-12- 31,287,"3,401","3,496","17,524"
2018-12- 28,281,"3,331","3,477","17,360"
2018-12- 27,288,"3,413","3,528","17,413"
2018-12- 26,274,"3,250","3,331","17,847"
2018-12- 24,282,"3,343","3,443","17,864"
2018-12- 21,291,"3,448","3,501","17,864"
2018-12- 20,308,"3,649","3,763","17,909"
2018-12- 19,315,"3,736","3,828","17,522"
2018-12- 18,323,"3,829","3,904","17,571"
2018-12- 17,328,"3,887","3,950","17,460"
2018-12- 14,322,"3,822","3,906","17,460"
2018-12- 13,331,"3,928","3,998","17,231"
2018-12- 12,336,"3,988","4,034","17,847"
2018-12- 11,345,"4,091","4,148","17,847"
2018-12- 10,347,"4,117","4,192","17,847"
2018-12- 07,336,"3,979","4,065",-
2018-12- 06,338,"4,001","4,095","17,616"
2018-12- 05,337,"3,990","4,062","16,962"
2018-12- 04,342,"4,057","4,103","17,222"
2018-12- 03,340,"4,034","4,129","17,229"
2018-11- 30,332,"3,939","4,003","17,096"
2018-11- 29,333,"3,944","4,040","17,082"
2018-11- 28,335,"3,966","4,050","18,238"
2018-11- 27,325,"3,858","3,924","18,371"
2018-11- 26,334,"3,964","4,060","18,424"
2018-11- 23,331,"3,923","4,045","18,280"
2018-11- 22,336,"3,979","4,058","18,280"
2018-11- 21,332,"3,933","4,026","17,771"
2018-11- 20,322,"3,811","3,896","17,893"
2018-11- 19,326,"3,862","3,937","18,020"
2018-11- 16,323,"3,826","3,903","17,834"
2018-11- 15,324,"3,840","3,931","17,911"
2018-11- 14,318,"3,771","3,848","18,518"
2018-11- 13,325,"3,856","3,915","18,762"
2018-11- 12,330,"3,910","3,971","18,816"
2018-11- 09,319,"3,781","3,898","18,636"
2018-11- 08,325,"3,850","3,910","18,651"
2018-11- 07,320,"3,790","3,867","18,318"
2018-11- 06,326,"3,868","3,888","18,273"
2018-11- 05,323,"3,829","3,945","18,336"
2018-11- 02,311,"3,685","3,752","18,442"
2018-11- 01,318,"3,765","3,852","18,789"
2018-10- 31,321,"3,804","3,879","19,407"
2018-10- 30,319,"3,779","3,850","19,347"
2018-10- 29,321,"3,802","3,849","19,398"
2018-10- 26,327,"3,877","3,990","19,509"
2018-10- 25,331,"3,918","3,959","19,504"
2018-10- 24,333,"3,943","4,010","20,042"
2018-10- 23,339,"4,013","4,050","20,220"
2018-10- 22,341,"4,046","4,070","20,311"
2018-10- 19,325,"3,858","3,947","20,120"
2018-10- 18,325,"3,852","3,898","20,136"
2018-10- 17,340,"4,033","4,063","20,431"
2018-10- 16,342,"4,054","4,082","20,631"
2018-10- 15,342,"4,054","4,051","20,664"
2018-10- 12,355,"4,206","4,273","20,527"
2018-10- 11,363,"4,297","4,239","20,516"
2018-10- 10,378,"4,483","4,452","20,278"
2018-10- 08,397,"4,700","4,747","20,333"
2018-10- 05,394,"4,670","4,690","20,342"
2018-10- 04,397,"4,707","4,718","20,316"
2018-10- 02,409,"4,842","4,841","21,449"
2018-10- 01,430,"5,094","5,163","21,480"
2018-09- 28,440,"5,211","5,143","21,227"
2018-09- 21,373,"4,420","4,362","21,311"
2018-09- 20,391,"4,633","4,521","21,380"
2018-09- 19,415,"4,918","4,939","22,084"
2018-09- 18,453,"5,372","5,340","22,042"
2018-09- 17,476,"5,639","5,649","22,042"
2018-09- 14,480,"5,694","5,775","22,064"
2018-09- 13,487,"5,778","5,867","22,089"
2018-09- 12,480,"5,687","5,704","21,982"
2018-09- 11,483,"5,726","5,678","21,938"
2018-09- 10,486,"5,756","5,780","21,929"
2018-09- 07,459,"5,438","5,538","21,929"
2018-09- 06,471,"5,583","5,676","21,711"
2018-09- 05,466,"5,525","5,648","21,407"
2018-09- 04,470,"5,567","5,684","21,429"
2018-09- 03,486,"5,755","5,845","21,380"
2018-08- 31,449,"5,320","5,502","21,424"
2018-08- 30,470,"5,571","5,797","21,527"
2018-08- 29,467,"5,534","5,712","22,373"
2018-08- 28,452,"5,355","5,593","22,329"
2018-08- 27,457,"5,417","5,582","22,284"
2018-08- 24,439,"5,204","5,451","22,284"
2018-08- 23,427,"5,056","5,418","22,264"
2018-08- 22,438,"5,192","5,425","22,036"
2018-08- 21,441,"5,230","5,374","22,191"
2018-08- 20,452,"5,356","5,483","22,187"
2018-08- 17,430,"5,092","5,313","22,053"
2018-08- 16,434,"5,144","5,462","22,098"
2018-08- 14,432,"5,115","5,311","22,031"
2018-08- 13,446,"5,284","5,498","21,962"
2018-08- 10,399,"4,730","5,049","22,098"
2018-08- 09,431,"5,108","5,118","22,153"
2018-08- 08,439,"5,199","5,330","21,664"
2018-08- 07,424,"5,025","5,168","21,629"
2018-08- 06,432,"5,124","5,295","21,631"
2018-08- 03,398,"4,713","4,936","21,502"
2018-08- 02,401,"4,748","4,954","21,771"
2018-08- 01,402,"4,766","4,965","22,676"
2018-07- 31,390,"4,618","4,829","22,671"
2018-07- 30,392,"4,652","4,884","22,760"
2018-07- 27,371,"4,399","4,640","22,771"
2018-07- 26,390,"4,623","4,827","22,731"
2018-07- 25,397,"4,709","4,837","22,989"
2018-07- 24,405,"4,803","4,950","23,020"
2018-07- 23,430,"5,093","5,245","23,020"
2018-07- 20,428,"5,074","5,233","22,878"
2018-07- 19,455,"5,393","5,546","22,747"
2018-07- 18,470,"5,571","5,721","22,587"
2018-07- 17,464,"5,499","5,664","22,587"
2018-07- 16,472,"5,594","5,727","22,593"
2018-07- 13,487,"5,769","6,013","22,557"
2018-07- 12,498,"5,905","5,996","22,502"
2018-07- 11,500,"5,922","6,008","22,295"
2018-07- 10,498,"5,903","5,971","22,195"
2018-07- 09,508,"6,016","6,109","22,144"
2018-07- 06,488,"5,785","5,942","22,029"
2018-07- 05,492,"5,830","5,954","21,587"
2018-07- 04,489,"5,794","5,907","20,811"
2018-07- 03,493,"5,843","5,875","20,789"
2018-07- 02,493,"5,845","5,930","20,753"
2018-06- 29,465,"5,517","5,678","20,753"
2018-06- 28,464,"5,495","5,661","20,729"
2018-06- 27,463,"5,484","5,624","20,996"
2018-06- 26,468,"5,552","5,661","20,964"
2018-06- 25,480,"5,692","5,813","20,922"
2018-06- 22,466,"5,523","5,681","20,927"
2018-06- 21,458,"5,429","5,549","20,471"
2018-06- 20,454,"5,384","5,506","19,600"
2018-06- 19,460,"5,449","5,539","19,587"
2018-06- 18,456,"5,402","5,514","19,460"
2018-06- 15,446,"5,281","5,440","19,198"
2018-06- 14,448,"5,309","5,451","19,027"
2018-06- 12,446,"5,289","5,440","18,953"
2018-06- 11,453,"5,374","5,502","18,920"
2018-06- 08,430,"5,091","5,269","18,822"
2018-06- 07,429,"5,085","5,241","18,780"
2018-06- 05,426,"5,055","5,145","18,513"
2018-06- 04,426,"5,055","5,166","18,464"
2018-06- 01,417,"4,948","5,112","18,391"
2018-05- 31,416,"4,934","5,035","18,413"
2018-05- 30,409,"4,853","4,991","18,704"
2018-05- 29,411,"4,869","5,001","18,704"
2018-05- 28,409,"4,846","4,974","18,704"
2018-05- 25,414,"4,904","5,090","18,798"
2018-05- 24,402,"4,766","4,937","18,716"
2018-05- 23,405,"4,803","4,871","18,371"
2018-05- 22,384,"4,556","4,695",-
2018-05- 21,412,"4,886","4,932","18,422"
2018-05- 18,396,"4,694","4,837","18,269"
2018-05- 17,405,"4,799","4,893","18,269"
2018-05- 16,409,"4,844","4,949","18,429"
2018-05- 15,411,"4,869","4,928","18,429"
2018-05- 14,411,"4,867","4,931","18,504"
2018-05- 11,391,"4,629","4,761","18,347"
2018-05- 10,410,"4,859","4,916","18,369"
2018-05- 09,409,"4,849","4,900","18,169"
2018-05- 08,416,"4,931","5,012","18,084"
2018-05- 07,384,"4,553","4,784",-
2018-05- 04,396,"4,691","4,740","17,922"
2018-05- 03,425,"5,043","5,143","17,878"
2018-05- 02,421,"4,988","5,019","17,540"
2018-05- 01,386,"4,572","4,721",-
2018-04- 30,418,"4,953","4,995","17,540"
2018-04- 27,401,"4,747","4,836","17,540"
2018-04- 26,401,"4,753","4,832","17,540"
2018-04- 25,407,"4,828","4,846","18,162"
2018-04- 24,406,"4,811","4,887","18,153"
2018-04- 23,402,"4,763","4,820","18,153"
2018-04- 20,379,"4,491","4,663","18,153"
2018-04- 19,384,"4,552","4,659","18,276"
2018-04- 18,381,"4,514","4,607","18,356"
2018-04- 17,376,"4,452","4,556","18,349"
2018-04- 16,373,"4,423","4,590","18,311"
2018-04- 13,353,"4,180","4,565","18,311"
2018-04- 12,363,"4,300","4,643","18,349"
2018-04- 11,371,"4,396","4,629","18,627"
2018-04- 10,367,"4,354","4,518","18,633"
2018-04- 09,362,"4,290","4,448","18,589"
2018-04- 06,349,"4,142","4,412","18,462"
2018-04- 05,346,"4,104","4,376","18,644"
2018-04- 04,363,"4,308","4,499","17,847"
2018-04- 03,365,"4,321","4,570","17,789"
2018-04- 02,375,"4,440","4,632","17,771"
2018-03- 30,372,"4,411","4,661","17,593"
2018-03- 29,392,"4,651","4,959","17,776"
2018-03- 28,442,"5,241","5,485","17,922"
2018-03- 27,398,"4,721","4,928","17,922"
2018-03- 26,356,"4,219","4,340","17,969"
2018-03- 23,334,"3,955","4,220","17,969"
2018-03- 22,342,"4,049","4,327","17,989"
2018-03- 21,345,"4,091","4,250","17,958"
2018-03- 20,329,"3,898","4,172","17,938"
2018-03- 19,338,"4,009","4,175","17,938"
2018-03- 16,314,"3,720","3,978","17,913"
2018-03- 15,322,"3,815","4,077","17,913"
2018-03- 14,333,"3,944","4,120","18,207"
2018-03- 13,328,"3,884","4,089","18,242"
2018-03- 12,336,"3,987","4,118","18,258"
2018-03- 09,322,"3,816","3,957","18,278"
2018-03- 08,326,"3,865","4,067","18,196"
2018-03- 07,337,"3,991","4,148","17,816"
2018-03- 06,337,"3,995","4,147","17,771"
2018-03- 05,341,"4,044","4,212","18,000"
2018-03- 02,344,"4,075","4,341","17,669"
2018-02- 28,327,"3,879","4,024","18,967"
2018-02- 27,339,"4,014","4,195","18,796"
2018-02- 26,339,"4,018","4,163","18,802"
2018-02- 23,316,"3,743","4,046","18,516"
2018-02- 22,315,"3,731","3,950","18,584"
2018-02- 21,320,"3,792","3,906","18,522"
2018-02- 20,328,"3,882","4,007","18,522"
2018-02- 19,334,"3,962","3,997","18,504"
2018-02- 13,320,"3,798","3,881","17,564"
2018-02- 12,353,"4,188","4,293","17,576"
2018-02- 09,359,"4,253","4,437","17,693"
2018-02- 08,368,"4,362","4,562","17,640"
2018-02- 07,385,"4,560","4,634","17,962"
2018-02- 06,390,"4,624","4,755","17,971"
2018-02- 05,394,"4,672","4,811","17,971"
2018-02- 02,367,"4,348","4,591","17,971"
2018-02- 01,361,"4,273","4,532","17,804"
2018-01- 31,360,"4,267","4,447","17,262"
2018-01- 30,358,"4,246","4,374","17,276"
2018-01- 29,351,"4,158","4,319","17,313"
2018-01- 26,325,"3,858","4,046","17,313"
2018-01- 25,333,"3,946","4,129","17,313"
2018-01- 24,339,"4,015","4,103","17,913"
2018-01- 23,339,"4,014","4,116","17,913"
2018-01- 22,336,"3,988","4,104","17,922"
2018-01- 19,335,"3,972","4,139","17,873"
2018-01- 18,333,"3,941","4,150","17,840"
2018-01- 17,334,"3,962","4,028","17,623"
2018-01- 16,345,"4,092","4,157","17,623"
2018-01- 15,348,"4,122","4,160","17,630"
2018-01- 12,322,"3,814","4,037","17,308"
2018-01- 11,341,"4,043","4,216","17,286"
2018-01- 10,351,"4,162","4,283","18,576"
2018-01- 09,344,"4,079","4,245","18,558"
2018-01- 08,345,"4,090","4,163","18,584"
2018-01- 05,330,"3,917","4,086","18,533"
2018-01- 04,331,"3,920","4,064","18,373"
2018-01- 03,342,"4,049","4,157","18,231"
2018-01- 02,346,"4,104","4,233","18,253"