날짜,대,중,소
2018/1/3,21029.0,13823.0,3281.0
2018/1/4,20694.0,13933.0,10459.0
2018/1/5,22167.0,20336.0,16440.0
2018/1/6,20288.0,19350.0,16123.0
2018/1/8,21841.0,21460.0,19800.0
2018/1/9,20590.0,16115.0,12970.0
2018/1/10,15111.0,12360.0,11070.0
2018/1/11,20189.0,17376.0,12038.0
2018/1/12,21321.0,21000.0,20750.0
2018/1/13,20034.0,16360.0,12825.0
2018/1/15,21600.0,18208.0,12000.0
2018/1/16,21153.0,16733.0,11383.0
2018/1/17,19500.0,17737.0,16125.0
2018/1/18,20703.0,20306.0,15190.0
2018/1/19,20176.0,15367.0,12242.0
2018/1/20,20104.0,15926.0,14836.0
2018/1/22,21205.0,20230.0,14726.0
2018/1/23,18540.0,10739.0,3227.0
2018/1/24,20687.0,20192.0,19876.0
2018/1/25,18751.0,15609.0,14350.0
2018/1/26,21355.0,16715.0,13182.0
2018/1/27,17756.0,15402.0,13966.0
2018/1/29,19849.0,17469.0,13519.0
2018/1/30,18823.0,13842.0,11067.0
2018/1/31,19000.0,16162.0,15500.0
2018/2/1,17984.0,15500.0,15500.0
2018/2/2,21536.0,19337.0,15621.0
2018/2/3,21011.0,18750.0,15187.0
2018/2/5,19000.0,17333.0,15500.0
2018/2/6,21382.0,19734.0,15375.0
2018/2/7,21000.0,19880.0,19000.0
2018/2/8,16032.0,14517.0,13245.0
2018/2/9,21016.0,19747.0,15303.0
2018/2/10,19582.0,15440.0,10431.0
2018/2/12,18213.0,12984.0,10685.0
2018/2/13,20115.0,17833.0,13769.0
2018/2/14,21000.0,17305.0,11819.0
2018/2/15,19500.0,18090.0,15259.0
2018/2/20,20978.0,18674.0,14913.0
2018/2/21,20365.0,19005.0,17320.0
2018/2/22,18469.0,11782.0,10854.0
2018/2/23,20909.0,18898.0,15508.0
2018/2/24,20906.0,18271.0,15500.0
2018/2/26,19000.0,17170.0,15500.0
2018/2/27,21500.0,19678.0,15500.0
2018/2/28,20000.0,19031.0,15627.0
2018/3/1,13048.0,11685.0,9594.0
2018/3/2,20264.0,18841.0,15500.0
2018/3/3,19000.0,16234.0,15000.0
2018/3/5,20000.0,17473.0,15000.0
2018/3/6,20000.0,16865.0,15000.0
2018/3/7,20000.0,18569.0,15000.0
2018/3/8,20500.0,19304.0,15000.0
2018/3/9,22500.0,20749.0,19796.0
2018/3/10,22061.0,17826.0,16483.0
2018/3/12,23425.0,23041.0,22327.0
2018/3/13,21940.0,18389.0,15542.0
2018/3/14,18742.0,15007.0,14000.0
2018/3/16,22812.0,21872.0,17510.0
2018/3/17,19718.0,17774.0,16500.0
2018/3/19,21420.0,14883.0,10904.0
2018/3/20,21186.0,14017.0,10761.0
2018/3/22,22000.0,18746.0,15818.0
2018/3/23,19967.0,19369.0,16500.0
2018/3/24,21859.0,18838.0,16500.0
2018/3/26,21959.0,17565.0,11174.0
2018/3/27,20919.0,16881.0,16260.0
2018/3/28,19925.0,18229.0,16500.0
2018/3/29,19879.0,17500.0,16500.0
2018/3/30,23000.0,19934.0,14016.0
2018/3/31,18779.0,15619.0,13203.0
2018/4/2,23500.0,22378.0,20167.0
2018/4/3,20333.0,18600.0,16500.0
2018/4/4,19500.0,17638.0,16500.0
2018/4/5,22598.0,19872.0,12288.0
2018/4/6,21111.0,16889.0,12783.0
2018/4/7,20199.0,17036.0,13973.0
2018/4/9,20193.0,16545.0,6219.0
2018/4/10,19871.0,16500.0,16019.0
2018/4/11,20450.0,17950.0,15361.0
2018/4/12,21000.0,18851.0,15556.0
2018/4/13,20167.0,17127.0,14942.0
2018/4/14,20139.0,17402.0,15047.0
2018/4/16,18891.0,15699.0,14885.0
2018/4/17,21792.0,20558.0,15059.0
2018/4/18,21792.0,20558.0,15059.0
2018/4/19,18269.0,16012.0,15000.0
2018/4/20,20236.0,15145.0,7000.0
2018/4/21,18146.0,15910.0,8292.0
2018/4/23,18020.0,14659.0,11985.0
2018/4/24,18985.0,15179.0,15000.0
2018/4/25,19617.0,15667.0,13229.0
2018/4/26,21489.0,19998.0,17973.0
2018/4/27,20052.0,17907.0,13649.0
2018/4/28,21504.0,19309.0,14525.0
2018/4/30,20432.0,18300.0,10762.0
2018/5/1,21690.0,17194.0,15138.0
2018/5/2,21250.0,18500.0,16625.0
2018/5/3,20419.0,17327.0,15500.0
2018/5/4,19895.0,16198.0,15000.0
2018/5/5,22582.0,18543.0,12526.0
2018/5/7,21877.0,19747.0,16161.0
2018/5/8,21302.0,17344.0,15233.0
2018/5/9,22461.0,20784.0,16787.0
2018/5/10,23500.0,21199.0,17229.0
2018/5/11,22000.0,17786.0,15500.0
2018/5/12,22000.0,17786.0,15500.0
2018/5/14,22000.0,17786.0,15500.0
2018/5/15,20340.0,17350.0,15500.0
2018/5/16,15500.0,10957.0,10000.0
2018/5/17,20733.0,18132.0,15751.0
2018/5/18,23088.0,17807.0,15500.0
2018/5/19,19594.0,17439.0,15500.0
2018/5/21,21976.0,18689.0,17113.0
2018/5/22,19949.0,18115.0,15754.0
2018/5/23,21462.0,18870.0,16224.0
2018/5/24,19455.0,18143.0,15550.0
2018/5/25,21588.0,17872.0,15500.0
2018/5/26,16611.0,6875.0,3333.0
2018/5/29,25000.0,19995.0,15538.0
2018/5/30,21909.0,18821.0,16438.0
2018/5/31,22000.0,17660.0,15500.0
2018/6/1,20440.0,16553.0,5925.0
2018/6/2,23500.0,18176.0,15060.0
2018/6/5,19192.0,18124.0,17189.0
2018/6/6,18324.0,16857.0,15000.0
2018/6/7,19775.0,17106.0,15000.0
2018/6/8,22500.0,18171.0,15040.0
2018/6/9,21706.0,18106.0,15283.0
2018/6/11,9263.0,4463.0,3908.0
2018/6/12,21592.0,15753.0,14026.0
2018/6/13,11784.0,8617.0,6090.0
2018/6/14,21592.0,15753.0,14026.0
2018/6/15,22500.0,20493.0,16489.0
2018/6/16,19236.0,16599.0,14392.0
2018/6/18,15339.0,11125.0,6272.0
2018/6/19,20707.0,15252.0,10184.0
2018/6/20,24440.0,21563.0,16368.0
2018/6/21,19452.0,17828.0,14692.0
2018/6/22,22307.0,16809.0,14419.0
2018/6/23,19192.0,17354.0,15000.0
2018/6/25,18500.0,18500.0,18154.0
2018/6/26,23784.0,19176.0,16260.0
2018/6/27,22500.0,17755.0,15000.0
2018/6/28,21387.0,18126.0,15000.0
2018/6/29,25000.0,20700.0,14602.0
2018/6/30,21183.0,16241.0,14856.0
2018/7/2,23890.0,22273.0,16565.0
2018/7/3,18310.0,17873.0,16351.0
2018/7/4,15000.0,15000.0,15000.0
2018/7/5,23611.0,18014.0,14705.0
2018/7/6,23500.0,17853.0,14681.0
2018/7/7,22201.0,18183.0,14954.0
2018/7/9,20267.0,16822.0,11936.0
2018/7/10,21236.0,17335.0,14083.0
2018/7/11,19947.0,18839.0,18000.0
2018/7/12,19011.0,17058.0,14582.0
2018/7/13,20149.0,18000.0,16912.0
2018/7/14,21024.0,18009.0,15144.0
2018/7/16,21750.0,17624.0,8121.0
2018/7/17,21434.0,16939.0,13970.0
2018/7/18,20483.0,19208.0,15440.0
2018/7/19,21605.0,17090.0,14450.0
2018/7/20,22407.0,17130.0,10354.0
2018/7/21,19050.0,16734.0,14224.0
2018/7/24,18431.0,14481.0,9760.0
2018/7/25,18000.0,17396.0,12734.0
2018/7/26,22022.0,17331.0,14844.0
2018/7/27,17725.0,15555.0,11076.0
2018/7/28,19751.0,17109.0,13254.0
2018/7/30,17725.0,15555.0,11076.0
2018/7/31,19707.0,17066.0,16552.0
2018/8/1,22606.0,18489.0,14191.0
2018/8/2,19243.0,16645.0,13465.0
2018/8/3,19243.0,16645.0,13465.0
2018/8/6,22162.0,17394.0,14004.0
2018/8/7,18667.0,17016.0,13225.0
2018/8/8,18496.0,15883.0,13000.0
2018/8/9,21035.0,17255.0,17000.0
2018/8/10,16993.0,12496.0,10019.0
2018/8/11,18720.0,15168.0,12129.0
2018/8/13,17574.0,17000.0,13286.0
2018/8/14,17574.0,17000.0,13286.0
2018/8/15,17574.0,17000.0,13286.0
2018/8/16,17574.0,17000.0,13286.0
2018/8/17,19352.0,15097.0,12755.0
2018/8/18,16912.0,15699.0,12857.0
2018/8/20,17160.0,16472.0,14436.0
2018/8/21,17008.0,16490.0,12875.0
2018/8/22,20316.0,16482.0,13474.0
2018/8/23,18054.0,15118.0,12500.0
2018/8/24,18857.0,16503.0,13021.0
2018/8/25,18693.0,15715.0,12672.0
2018/8/27,17000.0,16871.0,14201.0
2018/8/28,16665.0,14515.0,12227.0
2018/8/29,22689.0,15944.0,12510.0
2018/8/30,16420.0,14207.0,12500.0
2018/8/31,19948.0,16507.0,13494.0
2018/9/1,19731.0,16809.0,13411.0
2018/9/3,22805.0,15292.0,12500.0
2018/9/4,19399.0,16973.0,14464.0
2018/9/5,18599.0,15340.0,12767.0
2018/9/6,17727.0,16376.0,13633.0
2018/9/7,16720.0,14872.0,3000.0
2018/9/8,18921.0,16356.0,13000.0
2018/9/10,18597.0,16467.0,13363.0
2018/9/11,17253.0,15363.0,12585.0
2018/9/12,20677.0,14387.0,6689.0
2018/9/13,16979.0,15870.0,13449.0
2018/9/14,17907.0,15025.0,12781.0
2018/9/15,17907.0,15025.0,12781.0
2018/9/17,16864.0,16025.0,13171.0
2018/9/18,20462.0,16284.0,13000.0
2018/9/19,19973.0,15718.0,12649.0
2018/9/20,16992.0,16271.0,13642.0
2018/9/21,16686.0,15845.0,13446.0
2018/9/22,16686.0,15845.0,13446.0
2018/9/27,19402.0,14200.0,13000.0
2018/9/28,20396.0,15535.0,12850.0
2018/9/29,20396.0,15535.0,12850.0
2018/10/1,20396.0,15535.0,12850.0
2018/10/2,18490.0,16500.0,15227.0
2018/10/3,18039.0,13008.0,13000.0
2018/10/4,18039.0,13008.0,13000.0
2018/10/5,17793.0,15018.0,8166.0
2018/10/6,17793.0,15018.0,8166.0
2018/10/8,17793.0,15018.0,8166.0
2018/10/9,16500.0,16485.0,16000.0
2018/10/10,18373.0,15928.0,13324.0
2018/10/11,18606.0,15412.0,12859.0
2018/10/12,21917.0,15916.0,11171.0
2018/10/13,21917.0,15916.0,11171.0
2018/10/15,21917.0,15916.0,11171.0
2018/10/16,17590.0,14888.0,12628.0
2018/10/17,20162.0,16514.0,13934.0
2018/10/18,18229.0,14512.0,12866.0
2018/10/19,16524.0,16203.0,13679.0
2018/10/20,16524.0,16203.0,13679.0
2018/10/22,16524.0,16203.0,13679.0
2018/10/23,18213.0,15933.0,12558.0
2018/10/24,18213.0,15933.0,12558.0
2018/10/25,18748.0,13823.0,12155.0
2018/10/26,18073.0,15375.0,12727.0
2018/10/27,18073.0,15375.0,12727.0
2018/10/29,18073.0,15375.0,12727.0
2018/10/30,17851.0,15970.0,12589.0
2018/10/31,17851.0,15970.0,12589.0
2018/11/1,17551.0,14060.0,11000.0
2018/11/2,17551.0,14060.0,11000.0
2018/11/3,18387.0,15163.0,11984.0
2018/11/5,18387.0,15163.0,11984.0
2018/11/6,17021.0,14957.0,12406.0
2018/11/7,16626.0,15863.0,14196.0
2018/11/8,16368.0,14635.0,11158.0
2018/11/9,17255.0,14886.0,10000.0
2018/11/10,17255.0,14886.0,10000.0
2018/11/12,17255.0,14886.0,10000.0
2018/11/13,17255.0,14886.0,10000.0
2018/11/14,15909.0,15212.0,12566.0
2018/11/15,15909.0,15212.0,12566.0
2018/11/16,16297.0,15025.0,12600.0
2018/11/17,16297.0,15025.0,12600.0
2018/11/19,16297.0,15025.0,12600.0
2018/11/20,15422.0,13120.0,8299.0
2018/11/21,15378.0,15000.0,12300.0
2018/11/22,16256.0,13723.0,10156.0
2018/11/23,15552.0,14590.0,11231.0
2018/11/24,15227.0,13291.0,10685.0
2018/11/26,15583.0,13687.0,11105.0
2018/11/27,16474.0,14781.0,11780.0
2018/11/28,16474.0,14781.0,11780.0
2018/11/29,15104.0,14624.0,14033.0
2018/11/30,15082.0,12452.0,10592.0
2018/12/1,15082.0,12452.0,10592.0
2018/12/3,16047.0,13793.0,12384.0
2018/12/4,16047.0,13793.0,12384.0
2018/12/5,15315.0,14162.0,10657.0
2018/12/6,14875.0,14235.0,11640.0
2018/12/7,14645.0,12903.0,10242.0
2018/12/8,14645.0,12903.0,10242.0
2018/12/10,15438.0,14638.0,10562.0
2018/12/11,15227.0,13744.0,11121.0
2018/12/12,15569.0,13963.0,11003.0
2018/12/13,14332.0,12308.0,10178.0
2018/12/14,14515.0,12008.0,8532.0
2018/12/15,14515.0,12008.0,8532.0
2018/12/17,14515.0,12008.0,8532.0
2018/12/18,15536.0,12878.0,11307.0
2018/12/19,16104.0,12715.0,10486.0
2018/12/20,16104.0,12715.0,10486.0
2018/12/21,15521.0,13530.0,10501.0
2018/12/22,15521.0,13530.0,10501.0
2018/12/24,15521.0,13530.0,10501.0
2018/12/25,15521.0,13530.0,10501.0
2018/12/26,20000.0,13617.0,10794.0
2018/12/27,14246.0,13003.0,11347.0
2018/12/28,14246.0,13003.0,11347.0
2018/12/29,18060.0,12834.0,10268.0
2018/12/31,18060.0,12834.0,10268.0
2019/1/3,14202.0,11834.0,7364.0
2019/1/4,13452.0,11695.0,10122.0
2019/1/5,13452.0,11695.0,10122.0
2019/1/7,13452.0,11695.0,10122.0
2019/1/8,12212.0,10216.0,9011.0
2019/1/9,13559.0,11526.0,10754.0
2019/1/10,13559.0,11526.0,10754.0
2019/1/11,11900.0,10715.0,9809.0
2019/1/12,11900.0,10715.0,9809.0
2019/1/14,11900.0,10715.0,9809.0
2019/1/15,17328.0,11010.0,9643.0
2019/1/16,12292.0,11242.0,10327.0
2019/1/17,12292.0,11242.0,10327.0
2019/1/18,13832.0,11746.0,10515.0
2019/1/19,13825.0,11435.0,9500.0
2019/1/21,13825.0,11435.0,9500.0
2019/1/22,13781.0,11890.0,9656.0
2019/1/23,13074.0,12447.0,9780.0
2019/1/24,13094.0,11907.0,10831.0
2019/1/25,13094.0,11907.0,10831.0
2019/1/26,13182.0,11534.0,10088.0
2019/1/28,13325.0,11669.0,10437.0
2019/1/29,12627.0,11736.0,10616.0
2019/1/30,12627.0,11736.0,10616.0
2019/1/31,12693.0,12091.0,10842.0
2019/2/1,13680.0,11821.0,10540.0
2019/2/2,13680.0,11821.0,10540.0
2019/2/8,13209.0,11618.0,10336.0
2019/2/9,13209.0,11618.0,10336.0
2019/2/11,13209.0,11618.0,10336.0
2019/2/12,13493.0,11387.0,10166.0
2019/2/13,13493.0,11387.0,10166.0
2019/2/14,12723.0,11266.0,10347.0
2019/2/15,12944.0,11417.0,10293.0
2019/2/16,12944.0,11417.0,10293.0
2019/2/18,12793.0,11835.0,10537.0
2019/2/19,13586.0,12438.0,10508.0
2019/2/20,15379.0,12033.0,9948.0
2019/2/21,12882.0,12146.0,10531.0
2019/2/22,13010.0,11543.0,8871.0
2019/2/23,13010.0,11543.0,8871.0
2019/2/25,13010.0,11543.0,8871.0
2019/2/26,13389.0,11999.0,9985.0
2019/2/27,14319.0,11974.0,10660.0
2019/2/28,13009.0,11916.0,10599.0
2019/3/1,13009.0,11916.0,10599.0
2019/3/2,12426.0,11194.0,10143.0
2019/3/4,12166.0,11001.0,9165.0
2019/3/5,12384.0,11877.0,10412.0
2019/3/6,12223.0,11011.0,9212.0
2019/3/7,12223.0,11011.0,9212.0
2019/3/8,12810.0,11094.0,10072.0
2019/3/9,12500.0,11304.0,10415.0
2019/3/11,12500.0,11304.0,10415.0
2019/3/12,11987.0,10934.0,10000.0
2019/3/13,11648.0,10316.0,9980.0
2019/3/14,12738.0,10974.0,9964.0
2019/3/15,13291.0,11737.0,10339.0
2019/3/16,13291.0,11737.0,10339.0
2019/3/18,13291.0,11737.0,10339.0
2019/3/19,12985.0,11679.0,10254.0
2019/3/20,13077.0,12300.0,10833.0
2019/3/21,12967.0,12136.0,10768.0
2019/3/22,12606.0,11067.0,9435.0
2019/3/23,12606.0,11067.0,9435.0
2019/3/25,12957.0,12147.0,10709.0
2019/3/26,13356.0,12229.0,10122.0
2019/3/27,13096.0,11152.0,10069.0
2019/3/28,12985.0,12196.0,10726.0
2019/3/29,12122.0,10137.0,10000.0
2019/3/30,12936.0,11745.0,10082.0
2019/4/1,12951.0,12492.0,10864.0
2019/4/2,13693.0,12196.0,10445.0
2019/4/3,12558.0,11396.0,10046.0
2019/4/4,12667.0,11447.0,10078.0
2019/4/5,12684.0,11832.0,10127.0
2019/4/6,12548.0,11746.0,10575.0
2019/4/8,12939.0,11949.0,11257.0
2019/4/9,12521.0,11763.0,10869.0
2019/4/10,13147.0,11829.0,9470.0
2019/4/11,12724.0,12355.0,11379.0
2019/4/12,12599.0,11955.0,11322.0
2019/4/13,13526.0,11925.0,10607.0
2019/4/15,13028.0,12500.0,11069.0
2019/4/16,12741.0,11709.0,10690.0
2019/4/17,14516.0,12541.0,11691.0
2019/4/18,12589.0,11662.0,10657.0
2019/4/19,12661.0,11756.0,10855.0
2019/4/20,13324.0,11882.0,10033.0
2019/4/22,13117.0,12375.0,11566.0
2019/4/23,12606.0,11428.0,10000.0
2019/4/24,13829.0,10781.0,10000.0
2019/4/25,16000.0,13085.0,11341.0
2019/4/26,12462.0,11621.0,10434.0
2019/4/27,12356.0,11471.0,10100.0
2019/4/29,14868.0,12473.0,11485.0
2019/4/30,11885.0,11040.0,8814.0
2019/5/1,12288.0,11677.0,11113.0
2019/5/2,12130.0,11982.0,11167.0
2019/5/3,12279.0,11816.0,10676.0
2019/5/4,12399.0,11726.5,10243.0
2019/5/6,13536.0,11919.5,11037.0
2019/5/7,14793.0,12023.0,11398.0
2019/5/8,14896.5,12308.0,11438.5
2019/5/9,13636.5,12092.5,10940.0
2019/5/10,12224.5,11604.5,10950.5
2019/5/11,12055.0,11338.5,10750.0
2019/5/13,12311.0,11600.5,11186.5
2019/5/14,12418.0,11557.0,10438.5
2019/5/15,12392.5,11585.5,10713.0
2019/5/16,13123.5,11348.0,10187.0
2019/5/17,12073.0,11716.0,11282.0
2019/5/18,11963.0,11504.5,11022.5
2019/5/20,13471.5,11784.0,10244.5
2019/5/21,13656.0,11486.0,9651.5
2019/5/22,12190.5,11304.5,10548.0
2019/5/23,12213.0,11674.5,11000.0
2019/5/24,13148.5,11621.0,10626.0
2019/5/25,12762.5,9691.0,5761.5
2019/5/27,14857.5,11601.0,6036.5
2019/5/28,15066.0,12951.0,10042.5
2019/5/29,12037.5,11004.5,9467.0
2019/5/30,11992.0,11040.0,9551.5
2019/5/31,15222.0,12743.0,10707.0
2019/6/1,13512.5,11815.0,10353.5
2019/6/3,13718.5,11973.5,10420.0
2019/6/4,11544.0,9259.0,6533.0
2019/6/5,11672.0,9881.5,8266.5
2019/6/6,11537.5,10294.0,8739.5
2019/6/7,11687.0,10992.0,7744.0
2019/6/8,11922.0,10765.5,8755.5
2019/6/10,11548.5,10517.5,8042.5
2019/6/11,11846.5,10665.5,9488.0
2019/6/12,12476.5,11322.5,10521.0
2019/6/13,12428.0,11428.5,10736.5
2019/6/14,12518.0,11533.0,9336.0
2019/6/15,14259.0,11664.0,9272.5
2019/6/17,12364.0,11132.5,9516.5
2019/6/18,13074.5,11272.5,9866.5
2019/6/19,13106.0,11778.5,10301.0
2019/6/20,12252.5,11538.5,10174.5
2019/6/21,12545.0,11622.0,8840.0
2019/6/22,12672.0,11579.0,9796.5
2019/6/24,12755.0,11174.0,9420.0
2019/6/25,14439.0,12104.0,10085.0
2019/6/26,16719.5,12239.0,10192.0
2019/6/27,19547.0,12525.0,10433.0
2019/6/28,20000.0,14385.0,11591.0
2019/6/29,16584.5,12840.0,10578.0
2019/7/1,13010.5,11034.0,9782.5
2019/7/2,12829.5,11422.5,9846.0
2019/7/3,12848.5,12002.5,10096.0
2019/7/4,13030.0,11642.0,9756.5
2019/7/5,12969.0,11781.0,9476.0
2019/7/6,12803.0,11788.5,10070.5
2019/7/8,12928.5,11388.5,9738.0
2019/7/9,12973.0,11063.0,9487.0
2019/7/10,13459.0,11628.5,9669.5
2019/7/11,13559.0,11393.0,9876.0
2019/7/12,13325.0,11937.0,10107.0
2019/7/13,13268.5,11908.0,10215.0
2019/7/15,13241.0,11885.0,10053.5
2019/7/16,13450.0,12228.0,10368.0
2019/7/17,13770.0,12846.0,12361.0
2019/7/18,14519.0,12448.0,10588.0
2019/7/19,14168.0,12571.0,11061.0
2019/7/20,13862.0,12095.0,10530.5
2019/7/22,14246.0,12415.5,10910.5
2019/7/23,14324.0,12260.0,10760.0
2019/7/24,13950.0,12418.0,10044.0
2019/7/25,14125.5,12337.5,10454.0
2019/7/26,13970.0,11615.0,10000.0
2019/7/27,16985.0,12558.0,10253.5
2019/7/29,17095.0,13261.5,10998.0
2019/7/30,14034.5,12758.0,11212.5
2019/7/31,13658.0,11576.0,10000.0
2019/8/1,13997.0,12712.0,10949.0
2019/8/2,13997.0,12712.0,10949.0
2019/8/5,15002.0,10831.0,10000.0
2019/8/6,14016.0,11838.0,10000.0
2019/8/7,14160.5,12427.5,10765.0
2019/8/8,14311.0,12607.0,11019.0
2019/8/9,12936.0,12500.0,12500.0
2019/8/10,13373.5,11995.0,11370.0
2019/8/12,13899.0,11980.0,10471.0
2019/8/13,13992.0,12380.0,10446.0
2019/8/14,13854.0,12309.0,10515.5
2019/8/15,13614.0,11990.5,10482.5
2019/8/16,14316.0,12554.0,10953.0
2019/8/17,13619.5,11958.0,10108.5
2019/8/19,14417.5,12538.0,11383.0
2019/8/20,13469.0,12385.0,10578.0
2019/8/21,13465.0,11794.5,10289.0
2019/8/22,13461.0,11204.0,10000.0
2019/8/23,17844.0,12084.0,10246.0
2019/8/24,15742.5,11887.5,10157.5
2019/8/26,13266.5,10971.5,10034.5
2019/8/27,13071.5,10932.0,10125.0
2019/8/28,13214.0,11803.5,10591.5
2019/8/29,14137.0,12287.0,10873.0
2019/8/30,13224.0,11860.0,10017.0
2019/8/31,12862.0,11692.0,10020.0
2019/9/2,13439.0,11257.0,9213.0
2019/9/3,13324.0,11500.0,10267.0
2019/9/4,13533.5,11732.5,10394.5
2019/9/5,12865.0,11725.0,10508.0
2019/9/6,12964.0,11135.0,10040.0
2019/9/7,14160.5,11138.5,10183.0
2019/9/9,14340.5,11196.5,10290.0
2019/9/10,12774.0,10663.5,8832.5
2019/9/11,13313.0,11490.0,10500.0
2019/9/12,12787.0,11103.0,9973.0
2019/9/16,13429.0,11160.0,9969.0
2019/9/17,15469.0,11721.5,10291.5
2019/9/18,15291.5,11940.5,10307.0
2019/9/19,12779.0,10979.0,8662.5
2019/9/20,12274.5,10035.5,6132.0
2019/9/21,12101.0,9106.0,5279.0
2019/9/23,13309.0,11542.0,10044.0
2019/9/24,14324.0,11255.0,8075.0
2019/9/25,19382.0,13239.0,12049.0
2019/9/26,20000.0,12453.0,10547.0
2019/9/27,12538.0,11390.0,9693.0
2019/9/28,11780.0,10331.0,6075.0
2019/9/30,20000.0,15357.0,10770.0
2019/10/1,12432.0,11197.0,10079.0
2019/10/2,12406.0,10802.0,10103.0
2019/10/3,12330.0,10961.0,10435.0
2019/10/4,12330.0,10961.0,10435.0
2019/10/5,12760.0,10967.0,10118.0
2019/10/7,12829.0,11199.0,10189.0
2019/10/8,12829.0,11199.0,10189.0
2019/10/9,12829.0,11199.0,10189.0
2019/10/10,12517.0,10247.0,9892.0
2019/10/11,13795.0,11203.0,6948.0
2019/10/12,12295.0,10383.0,9020.0
2019/10/14,12588.0,9199.0,5507.0
2019/10/15,13059.0,10796.0,9982.0
2019/10/16,13059.0,10796.0,9982.0
2019/10/17,12049.0,10094.0,9604.0
2019/10/18,15022.0,11576.0,10000.0
2019/10/19,11111.0,10320.0,9836.0
2019/10/21,11111.0,10320.0,9836.0
2019/10/22,12466.0,10267.0,9910.0
2019/10/23,14035.0,11122.0,10037.0
2019/10/24,12606.0,10580.0,9870.0
2019/10/25,12457.0,10378.0,9903.0
2019/10/26,12457.0,10378.0,9903.0
2019/10/28,12457.0,10378.0,9903.0
2019/10/29,12278.0,10444.0,10000.0
2019/10/30,12278.0,10444.0,10000.0
2019/10/31,12410.0,11283.0,10110.0
2019/11/1,12410.0,11283.0,10110.0
2019/11/2,10974.0,10408.0,9931.0
2019/11/4,11389.0,10032.0,9917.0
2019/11/5,13892.0,11156.0,9110.0
2019/11/6,13123.0,10000.0,9106.0
2019/11/7,10355.0,9551.0,6494.0
2019/11/8,12037.0,10746.0,9645.0
2019/11/9,10834.0,10013.0,9123.0
2019/11/11,10834.0,10013.0,9123.0
2019/11/12,11961.0,10642.0,10000.0
2019/11/13,11485.0,10965.0,10304.0
2019/11/14,11485.0,10965.0,10304.0
2019/11/15,15080.0,10361.0,9984.0
2019/11/16,12312.0,10176.0,10000.0
2019/11/18,12312.0,10176.0,10000.0
2019/11/19,11036.0,10010.0,9849.0
2019/11/20,14548.0,10208.0,9972.0
2019/11/21,10745.0,10084.0,9767.0
2019/11/22,10914.0,10222.0,10000.0
2019/11/23,12271.0,10224.0,9630.0
2019/11/25,12271.0,10224.0,9630.0
2019/11/26,10784.0,10078.0,9661.0
2019/11/27,10535.0,9931.0,7929.0
2019/11/28,17603.0,10093.0,7999.0
2019/11/29,17603.0,10093.0,7999.0
2019/11/30,12379.0,10022.0,8943.0
2019/12/2,12379.0,10022.0,8943.0
2019/12/3,11119.0,10000.0,9348.0
2019/12/4,10278.0,9866.0,9500.0
2019/12/5,10120.0,10000.0,9431.0
2019/12/6,11243.0,10335.0,9569.0
2019/12/7,11101.0,9824.0,9298.0
2019/12/9,11101.0,9824.0,9298.0
2019/12/10,10780.0,10000.0,7591.0
2019/12/11,13435.0,10000.0,9537.0
2019/12/12,10186.0,9882.0,9377.0
2019/12/13,10125.0,9373.0,9000.0
2019/12/14,10166.0,9908.0,9500.0
2019/12/16,10460.0,9871.0,9479.0
2019/12/17,12647.0,10226.0,10000.0
2019/12/18,10473.0,10012.0,9709.0
2019/12/19,10949.0,9913.0,9408.0
2019/12/20,10143.0,9877.0,9500.0
2019/12/21,10241.0,9668.0,9351.0
2019/12/23,10533.0,9907.0,9369.0
2019/12/24,19699.0,11063.0,9618.0
2019/12/25,10609.0,9939.0,9404.0
2019/12/26,11079.0,9815.0,9500.0
2019/12/27,10220.0,9559.0,9242.0
2019/12/28,10220.0,9559.0,9242.0
2019/12/30,10220.0,9559.0,9242.0
2019/12/31,12124.0,10022.0,
2020/1/3,10699.0,10317.0,10000.0
2020/1/4,10699.0,10317.0,10000.0
2020/1/6,10578.0,10000.0,10000.0
2020/1/7,13379.0,10511.0,9984.0
2020/1/8,12273.0,10000.0,9686.0
2020/1/9,10371.0,10000.0,9588.0
2020/1/10,12794.0,10692.0,9740.0
2020/1/11,10251.0,9990.0,9227.0
2020/1/13,10251.0,9990.0,9227.0
2020/1/14,11212.0,10008.0,9485.0
2020/1/15,10300.0,10000.0,9697.0
2020/1/16,10300.0,10000.0,9697.0
2020/1/17,11465.0,9810.0,9500.0
2020/1/18,11465.0,9810.0,9500.0
2020/1/20,11465.0,9810.0,9500.0
2020/1/21,10512.0,9779.0,8984.0
2020/1/22,11559.0,9903.0,8909.0
2020/1/23,10087.0,9943.0,9500.0
2020/1/24,10378.0,10000.0,9794.0
2020/1/28,10172.0,10000.0,9766.0
2020/1/29,10172.0,10000.0,9766.0
2020/1/30,11548.0,10328.0,9714.0
2020/1/31,12215.0,10180.0,9804.0
2020/2/1,10314.0,10018.0,9620.0
2020/2/3,10314.0,10018.0,9620.0
2020/2/4,10200.0,9009.0,5017.0
2020/2/5,11872.0,10000.0,9910.0
2020/2/6,10000.0,9970.0,9500.0
2020/2/7,11459.0,10000.0,9541.0
2020/2/8,10000.0,9907.0,7561.0
2020/2/10,10000.0,9907.0,7561.0
2020/2/11,10205.0,9896.0,9500.0
2020/2/12,10011.0,10000.0,9387.0
2020/2/13,10000.0,9824.0,9500.0
2020/2/14,10031.0,9969.0,9500.0
2020/2/15,10999.0,10000.0,9653.0
2020/2/17,10999.0,10000.0,9653.0
2020/2/18,10000.0,10000.0,10000.0
2020/2/19,11097.0,10000.0,8722.0
2020/2/20,11097.0,10000.0,8722.0
2020/2/21,10044.0,10000.0,9711.0
2020/2/22,11043.0,10000.0,9625.0
2020/2/24,11043.0,10000.0,9625.0
2020/2/25,13839.0,9883.0,9500.0
2020/2/26,10991.0,9369.0,8353.0
2020/2/27,12424.0,9344.0,8034.0
2020/2/28,10000.0,10000.0,9730.0
2020/2/29,12674.0,9979.0,9241.0
2020/3/3,10204.0,10000.0,9479.0
2020/3/4,10063.0,10000.0,9766.0
2020/3/5,10069.0,10000.0,9575.0
2020/3/6,10172.0,10000.0,9762.0
2020/3/7,10208.0,10000.0,9508.0
2020/3/9,10208.0,10000.0,9508.0
2020/3/10,10729.0,10091.0,9962.0
2020/3/11,10945.0,10000.0,9687.0
2020/3/12,10000.0,9873.0,9500.0
2020/3/13,11126.0,10000.0,9827.0
2020/3/14,10302.0,10000.0,9555.0
2020/3/16,10302.0,10000.0,9555.0
2020/3/17,10572.0,10192.0,9771.0
2020/3/18,10000.0,10000.0,9332.0
2020/3/19,10000.0,10000.0,9503.0
2020/3/20,10010.0,10000.0,9559.0
2020/3/21,11566.0,10166.0,8766.0
2020/3/23,11566.0,10166.0,8766.0
2020/3/24,10776.0,10025.0,9879.0
2020/3/25,13852.0,10088.0,9577.0
2020/3/26,10081.0,10000.0,9748.0
2020/3/27,11549.0,9835.0,8902.0
2020/3/28,10500.0,10037.0,9473.0
2020/3/30,10500.0,10037.0,9473.0
2020/3/31,10500.0,10007.0,9124.0
2020/4/1,14000.0,10446.0,9583.0
2020/4/2,10000.0,10000.0,9470.0
2020/4/3,,10000.0,9389.0
2020/4/4,10613.0,9967.0,9421.0
2020/4/6,10613.0,9967.0,9421.0
2020/4/7,11829.0,10092.0,9212.0
2020/4/8,10000.0,9921.0,9222.0
2020/4/9,10000.0,9657.0,9266.0
2020/4/10,10000.0,10000.0,9577.0
2020/4/11,10567.0,9900.0,7733.0
2020/4/13,10567.0,9900.0,7733.0
2020/4/14,10204.0,9967.0,8474.0
2020/4/15,10898.0,10008.0,9187.0
2020/4/16,10500.0,10158.0,8463.0
2020/4/17,10408.0,9956.0,8555.0
2020/4/18,10513.0,10442.0,9755.0
2020/4/20,10513.0,10442.0,9755.0
2020/4/21,10497.0,10211.0,9392.0
2020/4/22,10500.0,10224.0,9549.0
2020/4/23,10500.0,10358.0,9607.0
2020/4/24,11374.0,10475.0,10080.0
2020/4/25,12392.0,10369.0,9651.0
2020/4/27,12392.0,10369.0,9651.0
2020/4/28,15000.0,11653.0,7995.0
2020/4/29,11536.0,10869.0,8970.0
2020/4/30,15000.0,12633.0,10326.0
2020/5/1,13158.0,11949.0,9512.0
2020/5/2,13067.0,12172.0,7034.0
2020/5/4,13067.0,12172.0,7034.0
2020/5/5,15756.0,13494.0,13000.0
2020/5/6,15354.0,14304.0,10195.0
2020/5/7,14547.0,13189.0,10000.0
2020/5/8,15887.0,14230.0,10934.0
2020/5/9,14430.0,13885.0,13141.0
2020/5/11,15056.0,14570.0,12979.0
2020/5/12,15187.0,14441.0,14000.0
2020/5/13,14962.0,14468.0,13531.0
2020/5/14,15006.0,14539.0,14290.0
2020/5/15,15000.0,15000.0,14490.0
2020/5/16,15227.0,14790.0,12243.0
2020/5/18,16000.0,15488.0,14935.0
2020/5/19,16000.0,15490.0,14862.0
2020/5/20,17000.0,16826.0,15069.0
2020/5/21,15886.0,15185.0,12688.0
2020/5/22,15453.0,14363.0,14000.0
2020/5/23,14218.0,13402.0,12305.0
2020/5/25,14218.0,13402.0,12305.0
2020/5/26,15523.0,14653.0,13260.0
2020/5/27,14408.0,12129.0,1700.0
2020/5/28,13880.0,11748.0,9926.0
2020/5/29,19000.0,18928.0,13016.0
2020/5/30,18303.0,14481.0,12009.0
2020/6/1,14832.0,14036.0,12891.0
2020/6/2,15924.0,15000.0,15000.0
2020/6/3,15734.0,15371.0,13417.0
2020/6/4,15939.0,15406.0,10390.0
2020/6/5,15994.0,15052.0,11256.0
2020/6/8,15977.0,15278.0,11245.0
2020/6/9,15916.0,15206.0,14244.0
2020/6/10,15645.0,14862.0,12982.0
2020/6/11,15555.0,15151.0,12708.0
2020/6/12,15506.0,15000.0,14037.0
2020/6/15,15699.0,14898.0,8230.0
2020/6/17,15917.0,15570.0,14878.0
2020/6/19,16041.0,15601.0,13551.0
2020/6/20,16128.0,15970.0,14787.0
2020/6/22,16237.0,15595.0,13903.0
2020/6/23,16000.0,15432.0,14509.0
2020/6/24,16146.0,15732.0,13155.0
2020/6/25,17808.0,15433.0,12481.0
2020/6/26,16000.0,15100.0,12332.0
2020/6/27,16061.0,15499.0,13934.0
2020/6/30,15922.0,13349.0,7201.0
2020/7/1,16043.0,15755.0,13395.0
2020/7/2,20000.0,15963.0,12187.0
2020/7/3,15941.0,15516.0,14134.0
2020/7/4,16009.0,15474.0,13058.0
2020/7/6,16157.0,15930.0,14595.0
2020/7/7,16000.0,15474.0,14689.0
2020/7/8,16019.0,15765.0,14593.0
2020/7/9,16043.0,15658.0,14002.0
2020/7/10,16069.0,15201.0,12353.0
2020/7/11,17609.0,15542.0,10678.0
2020/7/13,16133.0,15662.0,14356.0
2020/7/14,16443.0,16000.0,15143.0
2020/7/15,16232.0,15910.0,15142.0
2020/7/16,16084.0,14887.0,6837.0
2020/7/17,16446.0,16160.0,14691.0
2020/7/18,16421.0,15862.0,13083.0
2020/7/20,16296.0,15070.0,7027.0
2020/7/21,15992.0,15391.0,5387.0
2020/7/22,16154.0,14730.0,11746.0
2020/7/23,19135.0,16014.0,13587.0
2020/7/24,16414.0,14498.0,12000.0
2020/7/25,16500.0,16125.0,14542.0
2020/7/27,16395.0,15386.0,13779.0
2020/7/28,16251.0,15329.0,14000.0
2020/7/29,17321.0,15562.0,12527.0
2020/7/30,17136.0,16370.0,13661.0
2020/7/31,18330.0,16610.0,14079.0
2020/8/4,18036.0,16973.0,15431.0
2020/8/5,17552.0,15964.0,10568.0
2020/8/6,17771.0,16672.0,13343.0
2020/8/7,17261.0,15989.0,14269.0
2020/8/8,18558.0,17482.0,14256.0
2020/8/10,18087.0,16383.0,12067.0
2020/8/11,17909.0,17210.0,15353.0
2020/8/12,17500.0,17033.0,14000.0
2020/8/13,17838.0,16494.0,12950.0
2020/8/14,17287.0,15647.0,11013.0
2020/8/15,17466.0,16728.0,15648.0
2020/8/17,17807.0,15265.0,10938.0
2020/8/18,17626.0,15580.0,14154.0
2020/8/19,17981.0,16481.0,12153.0
2020/8/20,18947.0,16036.0,13055.0
2020/8/21,15306.0,13205.0,12000.0
2020/8/22,15521.0,12350.0,10310.0
2020/8/24,15276.0,10449.0,4852.0
2020/8/25,18000.0,15233.0,12165.0
2020/8/26,15537.0,14360.0,12922.0
2020/8/27,13902.0,12188.0,10972.0
2020/8/28,20000.0,19404.0,15172.0
2020/8/29,14500.0,13841.0,12886.0
2020/8/31,15438.0,14221.0,11667.0
2020/9/1,16815.0,14456.0,14000.0
2020/9/2,15829.0,14953.0,14178.0
2020/9/3,15200.0,14954.0,13820.0
2020/9/4,16216.0,15188.0,15000.0
2020/9/5,18346.0,15085.0,14269.0
2020/9/7,16821.0,15631.0,14500.0
2020/9/8,17800.0,17175.0,15108.0
2020/9/9,16964.0,15693.0,15036.0
2020/9/10,17093.0,15316.0,13880.0
2020/9/11,17454.0,16437.0,12492.0
2020/9/12,17212.0,16073.0,14559.0
2020/9/14,17333.0,15259.0,12118.0
2020/9/15,17346.0,15295.0,15000.0
2020/9/16,18109.0,15737.0,14531.0
2020/9/17,20000.0,17336.0,14684.0
2020/9/18,17416.0,16067.0,14485.0
2020/9/19,17283.0,15645.0,13302.0
2020/9/21,17446.0,15761.0,12365.0
2020/9/22,15605.0,14874.0,5008.0
2020/9/23,18083.0,16896.0,14149.0
2020/9/24,18072.0,17592.0,15224.0
2020/9/25,17919.0,16854.0,14534.0
2020/9/26,19944.0,17698.0,15028.0
2020/9/28,19188.0,17041.0,14429.0
2020/9/29,19867.0,16733.0,14838.0
2020/9/30,19314.0,16125.0,9543.0
2020/10/5,19775.0,16806.0,13509.0
2020/10/6,16162.0,15000.0,14953.0
2020/10/7,19126.0,16792.0,13071.0
2020/10/8,18060.0,16519.0,14433.0
2020/10/9,17683.0,16211.0,14500.0
2020/10/10,18150.0,16418.0,14467.0
2020/10/12,18415.0,16656.0,14827.0
2020/10/13,17721.0,15258.0,9325.0
2020/10/14,18434.0,17214.0,15854.0
2020/10/15,18554.0,17878.0,15162.0
2020/10/16,18570.0,17848.0,11779.0
2020/10/17,18322.0,16349.0,14361.0
2020/10/19,17745.0,16690.0,15174.0
2020/10/20,18274.0,16068.0,14835.0
2020/10/21,18519.0,17576.0,15826.0
2020/10/22,18750.0,17615.0,16100.0
2020/10/23,19075.0,16943.0,14701.0
2020/10/24,18099.0,17278.0,15823.0
2020/10/26,18817.0,16570.0,9808.0
2020/10/27,19242.0,17889.0,16695.0
2020/10/28,19096.0,17162.0,11336.0
2020/10/29,18957.0,16980.0,15905.0
2020/10/30,20000.0,18788.0,15537.0
2020/10/31,20040.0,18730.0,16211.0
2020/11/2,19392.0,17436.0,11593.0
2020/11/3,18700.0,17631.0,15876.0
2020/11/4,19857.0,17978.0,16669.0
2020/11/5,19363.0,17660.0,16269.0
2020/11/6,20034.0,17567.0,11160.0
2020/11/7,19104.0,17414.0,16258.0
2020/11/9,19747.0,17697.0,16203.0
2020/11/10,18954.0,16675.0,12726.0
2020/11/11,19181.0,17366.0,15925.0
2020/11/12,19395.0,17862.0,16380.0
2020/11/13,19889.0,18137.0,16260.0
2020/11/14,18809.0,17372.0,16265.0
2020/11/16,19618.0,17816.0,15912.0
2020/11/17,19208.0,17588.0,15751.0
2020/11/18,19869.0,17418.0,10000.0
2020/11/19,20161.0,18742.0,16798.0
2020/11/20,20147.0,18904.0,17225.0
2020/11/21,20047.0,18514.0,17097.0
2020/11/23,19043.0,17980.0,12857.0
2020/11/24,19477.0,18323.0,17154.0
2020/11/25,19266.0,18284.0,15919.0
2020/11/26,19279.0,18090.0,16602.0
2020/11/27,18541.0,17138.0,16500.0
2020/11/28,18915.0,17611.0,16102.0
2020/11/30,19036.0,17533.0,15692.0
2020/12/1,19965.0,18436.0,16786.0
2020/12/2,19445.0,16363.0,10703.0
2020/12/3,19314.0,18123.0,16673.0
2020/12/4,18708.0,17197.0,12333.0
2020/12/5,19974.0,18604.0,13524.0
2020/12/7,19411.0,15932.0,9000.0
2020/12/8,18582.0,17357.0,16500.0
2020/12/9,20025.0,18049.0,11580.0
2020/12/10,19598.0,17603.0,16500.0
2020/12/11,19647.0,18257.0,16500.0
2020/12/12,19450.0,18310.0,9717.0
2020/12/14,19103.0,18394.0,16293.0
2020/12/15,18901.0,17748.0,16500.0
2020/12/16,19391.0,17922.0,13742.0
2020/12/17,19469.0,18176.0,16309.0
2020/12/18,19469.0,18176.0,16309.0
2020/12/19,19469.0,18176.0,16309.0
2020/12/21,18742.0,17020.0,14203.0
2020/12/22,18786.0,18310.0,15505.0
2020/12/23,19741.0,18472.0,15893.0
2020/12/24,18819.0,17491.0,10674.0
2020/12/25,19207.0,16825.0,11675.0
2020/12/26,18781.0,17138.0,13548.0
2020/12/28,18849.0,17197.0,15597.0
2020/12/29,18497.0,17789.0,16305.0
2020/12/30,19958.0,17846.0,13580.0
2020/12/31,18064.0,16684.0,12990.0
2021/1/4,18222.0,17980.0,16790.0
2021/1/5,18254.0,16509.0,11193.0
2021/1/6,18299.0,17674.0,15319.0
2021/1/7,18412.0,16179.0,12000.0
2021/1/8,18412.0,16179.0,12000.0
2021/1/9,18359.0,17614.0,11096.0
2021/1/11,18251.0,17046.0,12985.0
2021/1/12,18045.0,17438.0,15524.0
2021/1/13,19504.0,17772.0,12698.0
2021/1/14,17993.0,16978.0,15871.0
2021/1/15,18205.0,16956.0,11616.0
2021/1/16,18298.0,17695.0,15651.0
2021/1/18,18432.0,17758.0,13246.0
2021/1/19,17889.0,16222.0,15955.0
2021/1/20,18088.0,17252.0,11456.0
2021/1/21,18265.0,17787.0,14447.0
2021/1/22,18350.0,16951.0,10408.0
2021/1/23,18286.0,17678.0,15894.0
2021/1/25,18051.0,17197.0,14181.0
2021/1/26,18164.0,16792.0,15824.0
2021/1/27,18136.0,17490.0,15972.0
2021/1/28,18015.0,17895.0,16515.0
2021/1/29,17946.0,17221.0,12238.0
2021/1/30,18000.0,17215.0,12069.0
2021/2/1,18282.0,17120.0,10662.0
2021/2/2,18052.0,16769.0,15515.0
2021/2/3,20000.0,18869.0,15578.0
2021/2/4,17943.0,17201.0,16267.0
2021/2/5,17901.0,16508.0,12355.0
2021/2/6,17964.0,17194.0,14903.0
2021/2/8,18031.0,17502.0,15724.0
2021/2/9,17957.0,17178.0,15598.0
2021/2/10,17847.0,17352.0,15519.0
2021/2/11,18932.0,17646.0,15449.0
2021/2/15,18048.0,16479.0,12099.0
2021/2/16,17829.0,16219.0,15293.0
2021/2/17,18000.0,17030.0,15242.0
2021/2/18,19810.0,17839.0,16908.0
2021/2/19,18306.0,15694.0,12300.0
2021/2/20,18802.0,17599.0,15287.0
2021/2/22,17974.0,17329.0,14151.0
2021/2/23,18072.0,17131.0,15209.0
2021/2/24,18062.0,17811.0,15665.0
2021/2/25,17926.0,17469.0,16214.0
2021/2/26,17940.0,17566.0,14850.0
2021/2/27,18000.0,17741.0,15495.0
2021/3/1,18034.0,16535.0,14561.0
2021/3/2,18034.0,16535.0,14561.0
2021/3/3,18034.0,16535.0,14561.0
2021/3/4,18347.0,16947.0,12051.0
2021/3/5,19000.0,17645.0,15074.0
2021/3/6,18973.0,18325.0,15546.0
2021/3/8,20184.0,17617.0,15480.0
2021/3/9,18000.0,17809.0,15927.0
2021/3/10,23049.0,21496.0,16701.0
2021/3/11,22557.0,20232.0,16713.0
2021/3/12,22121.0,20448.0,16031.0
2021/3/13,22438.0,21211.0,16855.0
2021/3/15,23041.0,18376.0,14642.0
2021/3/16,22212.0,18529.0,16000.0
2021/3/17,23551.0,21148.0,16060.0
2021/3/18,23500.0,21550.0,17311.0
2021/3/19,24000.0,20743.0,16899.0
2021/3/20,35637.0,19858.0,16948.0
2021/3/22,23519.0,20870.0,16340.0
2021/3/23,23323.0,17692.0,14990.0
2021/3/24,23654.0,20821.0,16561.0
2021/3/25,23226.0,21293.0,16303.0
2021/3/26,23029.0,18200.0,11208.0
2021/3/27,23931.0,20797.0,16168.0
2021/3/29,22650.0,19277.0,14018.0
2021/3/30,22306.0,16575.0,16000.0
2021/3/31,23113.0,19786.0,13567.0
2021/4/1,23434.0,18565.0,11502.0
2021/4/2,23434.0,18565.0,11502.0
2021/4/3,23831.0,19912.0,14235.0
2021/4/5,22738.0,19918.0,16091.0
2021/4/6,23438.0,20648.0,15603.0
2021/4/7,22882.0,19382.0,16943.0
2021/4/8,22951.0,17591.0,11251.0
2021/4/9,23448.0,21107.0,17923.0
2021/4/10,23315.0,20019.0,15352.0
2021/4/12,24065.0,21911.0,16018.0
2021/4/13,20978.0,17650.0,15921.0
2021/4/14,24368.0,21301.0,16743.0
2021/4/15,23523.0,18556.0,17000.0
2021/4/16,23779.0,19795.0,15958.0
2021/4/17,23063.0,20011.0,16102.0
2021/4/19,21996.0,16802.0,15872.0
2021/4/20,22099.0,18843.0,16478.0
2021/4/21,24491.0,21939.0,17607.0
2021/4/22,23211.0,19927.0,15618.0
2021/4/23,22951.0,18127.0,15693.0
2021/4/24,23692.0,21128.0,16357.0
2021/4/26,23692.0,21128.0,16357.0
2021/4/27,20905.0,16000.0,15868.0
2021/4/28,23435.0,17015.0,10000.0
2021/4/29,22455.0,18856.0,16075.0
2021/4/30,22455.0,18856.0,16075.0
2021/5/1,23620.0,20040.0,10448.0
2021/5/3,22430.0,18419.0,10852.0
2021/5/4,22857.0,17410.0,15876.0
2021/5/5,22894.0,20080.0,17159.0
2021/5/6,23156.0,20436.0,17436.0
2021/5/7,23156.0,20436.0,17436.0
2021/5/8,22666.0,17708.0,12510.0
2021/5/10,22430.0,17104.0,13134.0
2021/5/11,17232.0,16000.0,16000.0
2021/5/12,22852.0,21008.0,17188.0
2021/5/13,23891.0,21976.0,18173.0
2021/5/14,23891.0,21976.0,18173.0
2021/5/15,23870.0,19180.0,16000.0
2021/5/17,23331.0,20330.0,12219.0
2021/5/18,23694.0,17107.0,16000.0
2021/5/19,23099.0,22500.0,19675.0
2021/5/20,22984.0,22135.0,17053.0
2021/5/21,23114.0,16229.0,10000.0
2021/5/22,24561.0,24099.0,20851.0
2021/5/24,21590.0,15720.0,10000.0
2021/5/25,22859.0,16796.0,15881.0
2021/5/26,25379.0,22673.0,17006.0
2021/5/27,24000.0,21313.0,17163.0
2021/5/28,24579.0,21659.0,10818.0
2021/5/29,24579.0,21659.0,10818.0
2021/5/31,24532.0,18553.0,16429.0
2021/6/1,24914.0,17774.0,16000.0
2021/6/2,25682.0,17851.0,10000.0
2021/6/3,26084.0,19510.0,16667.0
2021/6/4,24892.0,19712.0,17176.0
2021/6/5,24675.0,21516.0,19202.0
2021/6/7,25000.0,19475.0,13286.0
2021/6/8,22291.0,17172.0,16071.0
2021/6/9,24861.0,22652.0,18154.0
2021/6/10,24236.0,17456.0,17000.0
2021/6/11,24995.0,21045.0,12911.0
2021/6/12,24995.0,21045.0,12911.0
2021/6/14,25000.0,21574.0,17741.0
2021/6/15,23827.0,17518.0,16795.0
2021/6/16,25040.0,19858.0,19105.0
2021/6/17,25368.0,21543.0,18257.0
2021/6/18,25091.0,21306.0,17356.0
2021/6/19,24866.0,19120.0,17356.0
2021/6/21,25548.0,24420.0,19996.0
2021/6/22,25548.0,24420.0,19996.0
2021/6/23,25863.0,22046.0,17352.0
2021/6/24,21455.0,17165.0,12947.0
2021/6/25,25034.0,19129.0,17067.0
2021/6/26,24886.0,18859.0,15476.0
2021/6/28,25166.0,20411.0,18624.0
2021/6/29,26654.0,25127.0,24644.0
2021/6/30,24690.0,19625.0,17397.0
2021/7/1,24239.0,19642.0,17322.0
2021/7/2,25109.0,19999.0,18063.0
2021/7/3,25071.0,19557.0,17317.0
2021/7/5,25175.0,22463.0,19053.0
2021/7/6,23403.0,19979.0,18006.0
2021/7/7,26445.0,20062.0,14302.0
2021/7/8,24937.0,21887.0,17806.0
2021/7/9,24937.0,21887.0,17806.0
2021/7/10,24239.0,19579.0,17896.0
2021/7/12,24606.0,19393.0,17905.0
2021/7/13,21657.0,17773.0,16792.0
2021/7/14,23665.0,19812.0,18042.0
2021/7/15,25115.0,19037.0,12636.0
2021/7/16,25059.0,21262.0,17048.0
2021/7/17,25059.0,21262.0,17048.0
2021/7/19,24445.0,19253.0,14824.0
2021/7/20,21485.0,16944.0,10287.0
2021/7/21,23968.0,19158.0,17681.0
2021/7/22,23968.0,19158.0,17681.0
2021/7/23,21958.0,17882.0,16070.0
2021/7/24,21958.0,17882.0,16070.0
2021/7/26,24108.0,19448.0,17353.0
2021/7/27,22860.0,18998.0,16800.0
2021/7/28,24142.0,19403.0,17321.0
2021/7/29,24092.0,17997.0,11483.0
2021/7/30,21630.0,17156.0,5182.0
2021/7/31,24087.0,19455.0,17168.0
2021/8/2,24092.0,19999.0,16896.0
2021/8/3,22234.0,17710.0,15613.0
2021/8/4,22509.0,19296.0,17233.0
2021/8/5,23297.0,19384.0,17940.0
2021/8/6,22223.0,19515.0,17543.0
2021/8/9,22223.0,19515.0,17543.0
2021/8/10,21254.0,17583.0,16514.0
2021/8/11,21679.0,18897.0,17308.0
2021/8/12,22780.0,19984.0,17386.0
2021/8/13,22110.0,18973.0,11621.0
2021/8/14,22110.0,18973.0,11621.0
2021/8/16,21260.0,18309.0,14314.0
2021/8/17,21260.0,18309.0,14314.0
2021/8/18,20276.0,19597.0,12585.0
2021/8/19,21648.0,17768.0,11806.0
2021/8/20,19784.0,16474.0,7405.0
2021/8/21,20572.0,19364.0,10201.0
2021/8/23,21459.0,18262.0,11656.0
2021/8/24,20951.0,18236.0,17169.0
2021/8/25,22167.0,20129.0,18236.0
2021/8/26,20815.0,18929.0,17000.0
2021/8/27,21067.0,18193.0,15365.0
2021/8/28,21067.0,18193.0,15365.0
2021/8/30,21537.0,18783.0,14069.0
2021/8/31,20371.0,17512.0,16723.0
2021/9/1,21337.0,19036.0,17333.0
2021/9/2,21265.0,18747.0,12684.0
2021/9/3,20854.0,18108.0,10409.0
2021/9/4,21031.0,18843.0,17286.0
2021/9/6,21054.0,18922.0,17263.0
2021/9/7,20676.0,17235.0,16696.0
2021/9/8,20691.0,18647.0,17498.0
2021/9/9,21048.0,18907.0,17709.0
2021/9/10,20187.0,18209.0,16663.0
2021/9/11,20771.0,18534.0,14283.0
2021/9/13,20735.0,18953.0,14478.0
2021/9/14,20878.0,19702.0,17507.0
2021/9/15,19875.0,18534.0,17353.0
2021/9/16,19567.0,17763.0,16792.0
2021/9/17,20066.0,18779.0,17521.0
2021/9/18,18115.0,17000.0,17000.0
2021/9/24,21026.0,18738.0,16884.0
2021/9/25,21026.0,18738.0,16884.0
2021/9/27,20959.0,19260.0,17840.0
2021/9/28,22000.0,20835.0,18588.0
2021/9/29,21687.0,20389.0,15381.0
2021/9/30,20249.0,19897.0,18737.0
2021/10/1,20234.0,18617.0,17772.0
2021/10/2,20234.0,18617.0,17772.0
2021/10/4,22006.0,20114.0,19018.0
2021/10/5,21414.0,20286.0,17224.0
2021/10/6,21805.0,19913.0,18821.0
2021/10/7,21805.0,19913.0,18821.0
2021/10/8,20507.0,18133.0,10213.0
2021/10/9,21343.0,19986.0,18830.0
2021/10/11,22120.0,17407.0,8260.0
2021/10/12,21463.0,20041.0,18421.0
2021/10/13,22864.0,19619.0,17173.0
2021/10/14,22486.0,20093.0,17709.0
2021/10/15,23498.0,21334.0,18323.0
2021/10/16,23519.0,21435.0,16751.0
2021/10/18,22985.0,21651.0,18651.0
2021/10/19,20093.0,18000.0,11784.0
2021/10/20,22634.0,21263.0,19675.0
2021/10/21,21797.0,18708.0,10163.0
2021/10/22,22910.0,20649.0,18997.0
2021/10/23,22618.0,20762.0,18726.0
2021/10/25,23616.0,21529.0,19486.0
2021/10/26,22206.0,20079.0,18355.0
2021/10/27,22778.0,21023.0,18542.0
2021/10/28,22761.0,20940.0,18962.0
2021/10/29,22655.0,21262.0,18031.0
2021/10/30,22276.0,20867.0,18822.0
2021/11/1,22959.0,21041.0,16117.0
2021/11/2,21220.0,20000.0,18679.0
2021/11/3,23319.0,21244.0,17333.0
2021/11/4,22366.0,20613.0,17795.0
2021/11/5,22948.0,21817.0,19609.0
2021/11/6,23390.0,20180.0,13562.0
2021/11/8,22984.0,21604.0,18822.0
2021/11/9,23047.0,20317.0,17936.0
2021/11/10,22608.0,21537.0,20103.0
2021/11/11,23079.0,21884.0,19533.0
2021/11/12,23130.0,21779.0,19572.0
2021/11/13,23130.0,21779.0,19572.0
2021/11/15,22931.0,21333.0,18493.0
2021/11/16,21751.0,20000.0,19257.0
2021/11/17,23183.0,21403.0,19030.0
2021/11/18,22748.0,21476.0,20431.0
2021/11/19,22698.0,21278.0,19482.0
2021/11/20,22698.0,21278.0,19482.0
2021/11/22,22581.0,20375.0,13542.0
2021/11/23,22814.0,19952.0,17958.0
2021/11/24,22803.0,20988.0,19446.0
2021/11/25,21451.0,16892.0,9785.0
2021/11/26,21451.0,16892.0,9785.0
2021/11/27,22552.0,21144.0,19191.0
2021/11/29,22552.0,21144.0,19191.0
2021/11/30,22552.0,21144.0,19191.0
2021/12/1,22552.0,21144.0,19191.0
2021/12/2,22552.0,21144.0,19191.0
2021/12/3,22552.0,21144.0,19191.0
2021/12/4,22552.0,21144.0,19191.0
2021/12/6,22552.0,21144.0,19191.0
2021/12/9,21852.0,20763.0,17964.0
2021/12/10,22207.0,20562.0,18258.0
2021/12/11,22304.0,20685.0,18815.0
2021/12/13,22304.0,20685.0,18815.0
2021/12/14,22547.0,18912.0,17756.0
2021/12/15,22547.0,18912.0,17756.0
2021/12/16,22519.0,21568.0,19658.0
2021/12/17,21533.0,19980.0,18024.0
2021/12/18,21730.0,20326.0,17731.0
2021/12/20,22351.0,20438.0,17697.0
2021/12/21,21828.0,18728.0,17809.0
2021/12/22,21809.0,20350.0,18596.0
2021/12/23,21983.0,19861.0,11650.0
2021/12/24,21935.0,20466.0,18199.0
2021/12/25,21935.0,20466.0,18199.0
2021/12/27,21480.0,19748.0,15007.0
2021/12/28,21523.0,18632.0,17924.0
2021/12/29,22198.0,20898.0,18995.0
2021/12/30,21786.0,20017.0,18025.0
2021/12/31,22206.0,19827.0,15813.0
2022/1/3,22241.0,19954.0,17425.0
2022/1/4,20630.0,18146.0,18000.0
2022/1/5,21174.0,20079.0,17500.0
2022/1/6,20890.0,19420.0,17500.0
2022/1/7,20644.0,19380.0,17874.0
2022/1/8,20644.0,19380.0,17874.0
2022/1/10,21171.0,19815.0,18227.0
2022/1/11,18874.0,17840.0,17245.0
2022/1/12,20789.0,19273.0,17653.0
2022/1/13,20683.0,20254.0,19101.0
2022/1/14,20349.0,19312.0,17864.0
2022/1/15,20431.0,19398.0,17926.0
2022/1/17,21121.0,19023.0,17552.0
2022/1/18,21090.0,19209.0,17464.0
2022/1/19,20840.0,19248.0,17588.0
2022/1/20,20840.0,19248.0,17588.0
2022/1/21,20553.0,18496.0,17323.0
2022/1/22,19284.0,18231.0,17000.0
2022/1/24,18277.0,17000.0,15514.0
2022/1/25,17909.0,17000.0,16002.0
2022/1/26,19863.0,18283.0,17488.0
2022/1/27,19382.0,17628.0,17000.0
2022/1/28,19502.0,18550.0,17401.0
2022/1/29,19535.0,18341.0,17350.0
2022/2/4,20983.0,18345.0,16421.0
2022/2/5,18963.0,17411.0,14536.0
2022/2/7,18807.0,17880.0,17257.0
2022/2/8,21457.0,18402.0,17000.0
2022/2/9,18603.0,17715.0,16967.0
2022/2/10,19458.0,17795.0,16670.0
2022/2/11,18544.0,17863.0,16786.0
2022/2/12,18482.0,17768.0,16730.0
2022/2/14,20484.0,17748.0,15267.0
2022/2/15,19027.0,17372.0,16876.0
2022/2/16,17932.0,17127.0,13635.0
2022/2/17,17875.0,16463.0,9604.0
2022/2/18,17884.0,17108.0,14734.0
2022/2/19,17758.0,17168.0,14330.0
2022/2/21,17894.0,16826.0,16308.0
2022/2/22,19577.0,17416.0,16214.0
2022/2/23,17797.0,17233.0,16362.0
2022/2/24,18000.0,17499.0,16389.0
2022/2/25,17641.0,16081.0,13546.0
2022/2/26,17969.0,16813.0,15587.0
2022/2/28,19324.0,16463.0,15675.0
2022/3/1,20784.0,17424.0,16635.0
2022/3/2,17725.0,16625.0,15718.0
2022/3/3,17663.0,16309.0,15762.0
2022/3/4,17692.0,16669.0,15772.0
2022/3/5,17708.0,16622.0,15888.0
2022/3/7,18264.0,16574.0,15867.0
2022/3/8,17718.0,16358.0,15698.0
2022/3/9,17718.0,16358.0,15698.0
2022/3/10,17718.0,16358.0,15698.0
2022/3/11,17747.0,16621.0,16158.0
2022/3/12,17747.0,16621.0,16158.0
2022/3/14,19389.0,16835.0,15780.0
2022/3/15,21000.0,18325.0,16055.0
2022/3/16,18000.0,16939.0,15816.0
2022/3/17,17794.0,16371.0,15394.0
2022/3/18,17952.0,16759.0,15840.0
2022/3/19,17709.0,16527.0,15469.0
2022/3/21,17964.0,16340.0,12856.0
2022/3/22,20500.0,17645.0,15832.0
2022/3/23,17815.0,17064.0,15655.0
2022/3/24,17318.0,16496.0,15069.0
2022/3/25,17677.0,16731.0,15570.0
2022/3/26,17548.0,16180.0,13320.0
2022/3/28,17949.0,16685.0,14602.0
2022/3/29,20057.0,16632.0,15428.0
2022/3/30,19093.0,17144.0,15821.0
2022/3/31,17151.0,16068.0,15089.0
2022/4/1,17754.0,16502.0,15749.0
2022/4/2,18172.0,16427.0,15724.0
2022/4/4,17950.0,16830.0,15635.0
2022/4/5,21800.0,17675.0,16247.0
2022/4/6,18357.0,17127.0,15665.0
2022/4/7,18320.0,17162.0,15971.0
2022/4/8,18392.0,17198.0,15845.0
2022/4/9,18334.0,17140.0,16086.0
2022/4/11,18063.0,16439.0,15519.0
2022/4/12,21204.0,17204.0,15987.0
2022/4/13,18334.0,16872.0,15651.0
2022/4/14,18013.0,16879.0,16007.0
2022/4/15,17841.0,16581.0,15500.0
2022/4/16,18023.0,16731.0,15289.0
2022/4/18,18051.0,16732.0,15520.0
2022/4/19,20534.0,17015.0,15053.0
2022/4/20,18228.0,17160.0,16094.0
2022/4/21,18854.0,17402.0,15856.0
2022/4/22,17856.0,16784.0,15898.0
2022/4/23,19280.0,17195.0,15980.0
2022/4/25,17620.0,16160.0,15049.0
2022/4/26,20178.0,18228.0,16102.0
2022/4/27,16500.0,16500.0,16500.0
2022/4/28,18000.0,16937.0,15730.0
2022/4/29,18706.0,17443.0,16214.0
2022/4/30,19206.0,17327.0,15908.0
2022/5/2,18548.0,17592.0,16187.0
2022/5/3,18548.0,17592.0,16187.0
2022/5/4,19034.0,17303.0,16000.0
2022/6/1,19102.0,17531.0,15893.0
2022/6/2,18298.0,16764.0,15556.0
2022/6/3,18581.0,17125.0,15742.0
2022/6/4,19390.0,17113.0,13743.0
2022/6/6,19529.0,16857.0,15480.0
2022/6/7,19529.0,16857.0,15480.0
2022/6/8,19370.0,17410.0,16263.0
2022/6/9,18970.0,18040.0,16177.0
2022/6/10,17298.0,16514.0,16342.0
2022/6/11,19485.0,17287.0,16049.0
2022/6/13,19683.0,17756.0,13126.0
2022/6/14,19600.0,18156.0,16686.0
2022/6/15,19929.0,18130.0,15762.0
2022/6/16,18900.0,17751.0,16451.0
2022/6/17,19240.0,17326.0,16513.0
2022/6/18,19240.0,17326.0,16513.0
2022/6/20,19523.0,17590.0,16603.0
2022/6/21,19887.0,17948.0,16288.0
2022/6/22,19887.0,17948.0,16288.0
2022/6/23,19887.0,17948.0,16288.0
2022/6/24,18706.0,16831.0,16037.0
2022/6/25,19763.0,17798.0,16042.0
2022/6/27,19526.0,17372.0,15785.0
2022/6/28,19892.0,17960.0,16446.0
2022/6/29,19996.0,18455.0,16526.0
2022/6/30,19388.0,16922.0,12164.0
2022/7/1,19356.0,17834.0,16422.0
2022/7/2,19356.0,17834.0,16422.0
2022/7/4,19356.0,17834.0,16422.0
2022/7/5,19821.0,17704.0,15847.0
2022/7/6,19578.0,17522.0,16083.0
2022/7/7,19138.0,16541.0,12571.0
2022/7/8,19342.0,17137.0,13614.0
2022/7/9,19342.0,17137.0,13614.0
2022/7/11,19799.0,17182.0,15624.0
2022/7/12,20500.0,18892.0,15894.0
2022/7/13,20592.0,17929.0,16341.0
2022/7/14,20549.0,17888.0,16235.0
2022/7/15,20012.0,17612.0,16116.0
2022/7/16,20046.0,17232.0,14440.0
2022/7/18,19788.0,17448.0,14146.0
2022/7/19,19110.0,16772.0,9567.0
2022/7/20,20689.0,18058.0,16409.0
2022/7/21,20473.0,17717.0,14753.0
2022/7/22,19723.0,17846.0,16549.0
2022/7/23,20509.0,18456.0,15397.0
2022/7/25,20273.0,17379.0,15586.0
2022/7/26,20697.0,18034.0,16186.0
2022/7/27,20579.0,18112.0,9586.0
2022/7/28,19940.0,18175.0,16403.0
2022/7/29,20394.0,18285.0,16462.0
2022/7/30,20394.0,18285.0,16462.0
2022/8/1,20495.0,17986.0,14467.0
2022/8/2,20306.0,18300.0,15407.0
2022/8/3,20184.0,17906.0,16443.0
2022/8/4,20896.0,18879.0,16850.0
2022/8/5,20216.0,17954.0,16200.0
2022/8/6,20036.0,17835.0,16455.0
2022/8/8,20036.0,17835.0,16455.0
2022/8/9,20528.0,18097.0,16435.0
2022/8/10,20820.0,17834.0,16755.0
2022/8/11,20820.0,17834.0,16755.0
2022/8/12,20613.0,17577.0,16026.0
2022/8/13,20140.0,17713.0,15182.0
2022/8/15,19553.0,17106.0,15779.0
2022/8/16,19570.0,17230.0,12754.0
2022/8/17,20508.0,17555.0,15798.0
2022/8/18,19305.0,16299.0,14578.0
2022/8/19,18057.0,13914.0,12575.0
2022/8/20,20154.0,18070.0,16082.0
2022/8/22,21000.0,18632.0,16507.0
2022/8/23,20156.0,17573.0,14602.0
2022/8/24,20156.0,17573.0,14602.0
2022/8/25,20733.0,17468.0,14900.0
2022/8/26,20733.0,17468.0,14900.0
2022/8/27,20215.0,17901.0,15011.0
2022/8/29,20149.0,18006.0,16621.0
2022/8/30,20991.0,18423.0,16543.0
2022/8/31,20657.0,17758.0,16278.0
2022/9/1,19118.0,16441.0,14305.0
2022/9/2,20700.0,20700.0,20700.0
2022/9/3,19822.0,16874.0,15705.0
2022/9/5,20315.0,17020.0,15536.0
2022/9/6,20315.0,17020.0,15536.0
2022/9/7,20000.0,18725.0,15500.0
2022/9/8,19227.0,16635.0,15830.0
2022/9/9,19771.0,16822.0,16000.0
2022/9/13,19771.0,16822.0,16000.0
2022/9/14,19771.0,16822.0,16000.0
2022/9/15,20375.0,17338.0,13691.0
2022/9/16,20297.0,17768.0,16368.0
2022/9/17,20054.0,17867.0,16817.0
2022/9/19,21000.0,18532.0,16532.0
2022/9/20,21000.0,18532.0,16532.0
2022/9/21,19512.0,18959.0,17960.0
2022/9/22,20140.0,17243.0,16106.0
2022/9/23,20146.0,17683.0,16606.0
2022/9/24,20298.0,17594.0,16450.0
2022/9/26,20498.0,17791.0,16491.0
2022/9/27,19502.0,17388.0,12217.0
2022/9/28,20638.0,18461.0,17365.0
2022/9/29,20638.0,18461.0,17365.0
2022/9/30,19919.0,17878.0,13737.0
2022/10/1,19919.0,17878.0,13737.0
2022/10/3,20492.0,17615.0,8613.0
2022/10/4,20492.0,17615.0,8613.0
2022/10/5,20248.0,18864.0,17795.0
2022/10/6,20248.0,18864.0,17795.0
2022/10/7,20133.0,18092.0,11279.0
2022/10/8,20746.0,18784.0,16146.0
2022/10/10,20724.0,18475.0,13158.0
2022/10/12,21385.0,19300.0,18404.0
2022/10/13,21187.0,19401.0,17954.0
2022/10/14,21762.0,20252.0,18601.0
2022/10/15,21020.0,19114.0,14263.0
2022/10/17,20941.0,19235.0,16403.0
2022/10/18,21053.0,18577.0,8784.0
2022/10/19,20834.0,19344.0,17672.0
2022/10/20,22212.0,20795.0,18089.0
2022/10/21,21218.0,19673.0,17782.0
2022/10/22,21402.0,20196.0,18372.0
2022/10/24,21024.0,20283.0,17510.0
2022/10/25,21320.0,20008.0,11786.0
2022/10/26,21320.0,20008.0,11786.0
2022/10/27,20811.0,19993.0,18782.0
2022/10/28,21138.0,20036.0,18435.0
2022/10/29,21138.0,20036.0,18435.0
2022/10/31,21250.0,18886.0,17306.0
2022/11/1,21250.0,18886.0,17306.0
2022/11/2,20543.0,19972.0,18221.0
2022/11/3,20543.0,19972.0,18221.0
2022/11/4,21231.0,20152.0,18930.0
2022/11/5,21193.0,20115.0,18908.0
2022/11/7,21479.0,20287.0,18001.0
2022/11/8,22075.0,20792.0,18262.0
2022/11/9,22075.0,20792.0,18262.0
2022/11/10,21261.0,20493.0,19495.0
2022/11/11,21496.0,20003.0,18048.0
2022/11/12,21026.0,18967.0,12251.0
2022/11/14,21031.0,20076.0,18731.0
2022/11/15,21423.0,20367.0,19287.0
2022/11/16,21037.0,20031.0,16477.0
2022/11/17,21037.0,20031.0,16477.0
2022/11/18,21172.0,20126.0,13621.0
2022/11/19,21172.0,20126.0,13621.0
2022/11/21,20819.0,19528.0,13123.0
2022/11/22,21034.0,19836.0,17468.0
2022/11/23,21098.0,21000.0,17613.0
2022/11/24,20958.0,20198.0,19529.0
2022/11/25,21025.0,20175.0,19241.0
2022/11/26,20662.0,19758.0,17486.0
2022/11/28,20662.0,19758.0,17486.0
2022/11/29,21106.0,20151.0,18960.0
2022/11/30,21106.0,20151.0,18960.0
2022/12/1,20698.0,19952.0,18223.0
2022/12/2,20960.0,20011.0,17049.0
2022/12/3,20960.0,20011.0,17049.0
2022/12/5,20852.0,20029.0,18351.0
2022/12/6,20688.0,19769.0,17437.0
2022/12/7,20802.0,19984.0,18753.0
2022/12/8,20802.0,19984.0,18753.0
2022/12/9,20891.0,19999.0,18422.0
2022/12/10,20891.0,19999.0,18422.0
2022/12/12,20988.0,20033.0,18408.0
2022/12/13,20778.0,19673.0,17514.0
2022/12/14,20930.0,20076.0,18770.0
2022/12/15,21040.0,20316.0,19231.0
2022/12/16,20810.0,19973.0,19260.0
2022/12/17,20879.0,19912.0,14179.0
2022/12/19,20778.0,19725.0,15550.0
2022/12/20,20872.0,19588.0,17470.0
2022/12/21,20979.0,20306.0,19157.0
2022/12/22,20999.0,20119.0,18231.0
2022/12/23,21000.0,20069.0,18404.0
2022/12/24,20989.0,19943.0,13424.0
2022/12/26,20961.0,20060.0,17873.0
2022/12/27,20961.0,20060.0,17873.0
2022/12/28,20915.0,20012.0,18462.0
2022/12/29,20993.0,20059.0,19006.0
2022/12/30,21000.0,20193.0,18990.0
2022/12/31,20609.0,19954.0,18686.0
2023/1/4,,20009.0,17151.0
2023/1/5,20877.0,19948.0,17291.0
2023/1/6,20549.0,19898.0,16015.0
2023/1/7,20549.0,19898.0,16015.0
2023/1/9,20380.0,19309.0,15861.0
2023/1/10,20261.0,19300.0,14410.0
2023/1/11,20179.0,19666.0,15663.0
2023/1/12,20554.0,19332.0,14194.0
2023/1/13,20226.0,19749.0,18215.0
2023/1/14,20092.0,19281.0,15243.0
2023/1/16,20030.0,18874.0,16550.0
2023/1/17,20000.0,19675.0,18228.0
2023/1/18,20266.0,19182.0,16045.0
2023/1/19,20131.0,19661.0,17723.0
2023/1/20,20145.0,19142.0,17783.0
2023/1/21,20161.0,19168.0,17090.0
2023/1/25,20114.0,19147.0,17279.0
2023/1/26,20114.0,19147.0,17279.0
2023/1/27,20216.0,19530.0,18164.0
2023/1/28,20216.0,19530.0,18164.0
2023/1/30,20056.0,18856.0,16021.0
2023/1/31,19687.0,18380.0,17678.0
2023/2/1,20027.0,19332.0,17914.0
2023/2/2,19868.0,18834.0,17688.0
2023/2/3,19698.0,18762.0,16588.0
2023/2/4,19628.0,18545.0,16917.0
2023/2/6,19468.0,18589.0,16424.0
2023/2/7,19214.0,18273.0,16791.0
2023/2/8,19053.0,18700.0,16959.0
2023/2/9,19071.0,18102.0,17128.0
2023/2/10,19071.0,18102.0,17128.0
2023/2/11,19306.0,18499.0,16997.0
2023/2/13,18915.0,18057.0,15015.0
2023/2/14,19058.0,18287.0,17576.0
2023/2/15,18922.0,18189.0,17024.0
2023/2/16,19017.0,18295.0,17482.0
2023/2/17,19049.0,18203.0,16872.0
2023/2/18,19049.0,18203.0,16872.0
2023/2/20,18500.0,18097.0,17052.0
2023/2/21,18500.0,18111.0,16979.0
2023/2/22,19367.0,18207.0,17088.0
2023/2/23,18782.0,18177.0,17530.0
2023/2/24,19180.0,18334.0,17571.0
2023/2/25,18927.0,18233.0,17030.0
2023/2/27,18820.0,18155.0,16628.0
2023/2/28,18493.0,17831.0,16622.0
2023/3/1,18760.0,18055.0,16895.0
2023/3/2,18797.0,17974.0,13729.0
2023/3/3,18672.0,17995.0,17122.0
2023/3/4,18672.0,17995.0,17122.0
2023/3/6,18674.0,17820.0,16759.0
2023/3/7,18674.0,17820.0,16759.0
2023/3/8,18536.0,17673.0,16542.0
2023/3/9,18536.0,17673.0,16542.0
2023/3/10,18442.0,17773.0,16763.0
2023/3/11,18442.0,17773.0,16763.0
2023/3/13,17858.0,16447.0,12671.0
2023/3/14,18773.0,17713.0,16470.0
2023/3/15,19000.0,18513.0,16415.0
2023/3/16,19000.0,18513.0,16415.0
2023/3/17,19128.0,18261.0,17776.0
2023/3/18,19018.0,17916.0,16378.0
2023/3/20,19145.0,18878.0,16773.0
2023/3/21,19742.0,19155.0,17182.0
2023/3/22,19742.0,19155.0,17182.0
2023/3/23,19432.0,18098.0,16409.0
2023/3/24,20703.0,19206.0,17773.0
2023/3/25,20703.0,19206.0,17773.0
2023/3/27,19971.0,18760.0,16920.0
2023/3/28,20726.0,19967.0,17674.0
2023/3/29,20890.0,19476.0,18418.0
2023/3/30,21164.0,19011.0,16355.0
2023/3/31,20832.0,19370.0,17168.0
2023/4/1,20442.0,19029.0,17017.0
2023/4/3,20775.0,18965.0,16740.0
2023/4/4,20353.0,19017.0,16636.0
2023/4/5,20353.0,19017.0,16636.0
2023/4/6,20774.0,18583.0,16978.0
2023/4/7,20826.0,19438.0,17681.0
2023/4/8,20826.0,19438.0,17681.0
2023/4/10,19636.0,18602.0,15798.0
2023/4/11,21942.0,19927.0,18402.0
2023/4/12,21942.0,19927.0,18402.0
2023/4/13,21239.0,20408.0,18493.0
2023/4/14,22103.0,19880.0,17942.0
2023/4/15,22103.0,19880.0,17942.0
2023/4/17,21041.0,18896.0,17165.0
2023/4/18,21696.0,20311.0,19720.0
2023/4/19,21696.0,20311.0,19720.0
2023/4/20,21990.0,19447.0,16995.0
2023/4/21,20667.0,18884.0,17446.0
2023/4/22,20667.0,18884.0,17446.0
2023/4/24,20412.0,19763.0,17286.0
2023/4/25,20412.0,19763.0,17286.0
2023/4/26,21557.0,20061.0,18000.0
2023/4/27,20758.0,19481.0,17776.0
2023/4/28,20758.0,19481.0,17776.0
2023/4/29,21465.0,20013.0,14515.0
2023/5/1,22412.0,20455.0,17458.0
2023/5/2,22188.0,20068.0,17971.0
2023/5/3,21444.0,20500.0,18374.0
2023/5/4,21444.0,20500.0,18374.0
2023/5/5,20305.0,19107.0,17564.0
2023/5/6,20305.0,19107.0,17564.0
2023/5/8,21063.0,19239.0,16011.0
2023/5/9,22101.0,19609.0,17220.0
2023/5/10,20452.0,19181.0,17340.0
2023/5/11,20199.0,18526.0,17278.0
2023/5/12,23452.0,20930.0,19847.0
2023/5/13,23452.0,20930.0,19847.0
2023/5/15,22236.0,19847.0,18042.0
2023/5/16,22825.0,20038.0,18318.0
2023/5/17,22129.0,19570.0,17789.0
2023/5/18,22129.0,19570.0,17789.0
2023/5/19,22338.0,19944.0,18168.0
2023/5/20,22338.0,19944.0,18168.0
2023/5/22,21056.0,20239.0,15525.0
2023/5/23,21818.0,19119.0,16911.0
2023/5/24,20281.0,17641.0,17500.0
2023/5/25,20515.0,20419.0,18809.0
2023/5/26,20515.0,20419.0,18809.0
2023/5/27,21801.0,19442.0,15063.0
2023/5/29,20801.0,19821.0,18011.0
2023/5/30,21818.0,20539.0,18019.0
2023/5/31,21503.0,20378.0,19194.0
2023/6/1,20703.0,20157.0,16624.0
2023/6/2,20449.0,19890.0,18147.0
2023/6/3,20888.0,19896.0,18104.0
2023/6/5,24500.0,21833.0,18136.0
2023/6/6,24500.0,21833.0,18136.0
2023/6/7,20269.0,18971.0,18185.0
2023/6/8,20531.0,19789.0,17838.0
2023/6/9,20656.0,20160.0,17873.0
2023/6/10,20656.0,20160.0,17873.0
2023/6/12,20261.0,18515.0,18360.0
2023/6/13,21363.0,20631.0,18414.0
2023/6/14,24200.0,20919.0,18680.0
2023/6/15,20839.0,19604.0,17500.0
2023/6/16,20851.0,19517.0,17402.0
2023/6/17,20851.0,19517.0,17402.0
2023/6/19,22286.0,19473.0,17505.0
2023/6/20,22826.0,19809.0,18018.0
2023/6/21,22826.0,19809.0,18018.0
2023/6/22,23271.0,18698.0,9046.0
2023/6/23,21147.0,20359.0,17624.0
2023/6/24,22502.0,19239.0,16347.0
2023/6/26,21358.0,19760.0,17510.0
2023/6/27,21648.0,19503.0,17815.0
2023/6/28,21526.0,19246.0,17008.0
2023/6/29,22288.0,19783.0,17772.0
2023/6/30,22288.0,19783.0,17772.0
2023/7/1,21262.0,19346.0,16636.0
2023/7/3,19363.0,17840.0,15461.0
2023/7/4,20439.0,19423.0,16469.0
2023/7/5,22069.0,19218.0,17340.0
2023/7/6,20953.0,19010.0,17024.0
2023/7/7,20723.0,18978.0,18055.0
2023/7/8,23312.0,19870.0,16703.0
2023/7/10,22018.0,18936.0,16127.0
2023/7/11,20508.0,19528.0,16788.0
2023/7/12,22417.0,19613.0,17165.0
2023/7/13,20973.0,18607.0,12938.0
2023/7/14,20702.0,19407.0,17448.0
2023/7/15,20691.0,18996.0,14572.0
2023/7/17,20317.0,18347.0,15660.0
2023/7/18,21178.0,19230.0,14432.0
2023/7/19,22814.0,20436.0,17121.0
2023/7/20,22270.0,17496.0,12696.0
2023/7/21,21597.0,19948.0,16893.0
2023/7/22,21261.0,18712.0,15821.0
2023/7/24,20916.0,18285.0,13694.0
2023/7/25,20418.0,19474.0,17549.0
2023/7/26,21619.0,19482.0,16792.0
2023/7/27,21544.0,19533.0,16252.0
2023/7/28,20272.0,18442.0,16693.0
2023/7/29,21083.0,19049.0,17652.0
2023/7/31,20442.0,18644.0,10722.0
2023/8/1,20304.0,19367.0,15022.0
2023/8/2,22507.0,19543.0,13858.0
2023/8/3,20649.0,18225.0,14258.0
2023/8/4,22486.0,19862.0,17683.0
2023/8/7,25923.0,19023.0,17140.0
2023/8/8,21623.0,18833.0,14832.0
2023/8/9,20362.0,19287.0,16855.0
2023/8/10,20131.0,18772.0,16570.0
2023/8/11,22194.0,18189.0,13546.0
2023/8/12,21436.0,17814.0,17000.0
2023/8/14,21511.0,19390.0,16927.0
2023/8/15,20171.0,19625.0,16447.0
2023/8/16,20636.0,19806.0,17289.0
2023/8/17,20000.0,18411.0,16947.0
2023/8/18,20737.0,19348.0,17030.0
2023/8/19,22447.0,19148.0,17034.0
2023/8/21,21741.0,18606.0,16958.0
2023/8/22,20118.0,17785.0,12540.0
2023/8/23,21395.0,19728.0,17225.0
2023/8/24,21244.0,19212.0,17050.0
2023/8/25,21323.0,19888.0,17515.0
2023/8/26,21017.0,18702.0,16500.0
2023/8/28,20972.0,18977.0,16202.0
2023/8/29,21203.0,19387.0,17718.0
2023/8/30,20832.0,20030.0,17148.0
2023/8/31,23067.0,19437.0,17012.0
2023/9/1,20687.0,19305.0,17584.0
2023/9/2,20905.0,19697.0,16910.0
2023/9/4,20775.0,20514.0,18295.0
2023/9/5,20845.0,18484.0,16787.0
2023/9/6,21537.0,19920.0,17801.0
2023/9/7,20659.0,18175.0,16668.0
2023/9/8,21190.0,18897.0,17106.0
2023/9/9,21689.0,20090.0,17167.0
2023/9/11,20423.0,19569.0,17318.0
2023/9/12,22075.0,20449.0,17725.0
2023/9/13,23373.0,20043.0,17687.0
2023/9/14,26403.0,21355.0,17301.0
2023/9/15,21964.0,18981.0,14924.0
2023/9/16,22296.0,20416.0,17481.0
2023/9/18,21396.0,18500.0,17203.0
2023/9/19,22321.0,20218.0,16880.0
2023/9/20,22336.0,21380.0,19182.0
2023/9/21,22400.0,19618.0,17170.0
2023/9/22,22565.0,19855.0,17072.0
2023/9/23,22171.0,20171.0,17659.0
2023/9/25,20958.0,19978.0,18135.0
2023/9/26,24687.0,20972.0,18080.0
2023/9/27,22055.0,19077.0,14930.0
2023/9/28,22055.0,19077.0,14930.0
2023/10/2,22635.0,20065.0,13972.0
2023/10/3,22635.0,20065.0,13972.0
2023/10/4,22635.0,20065.0,13972.0
2023/10/5,22309.0,19948.0,17628.0
2023/10/6,23811.0,21504.0,17354.0
2023/10/7,24535.0,21197.0,18248.0
2023/10/9,23966.0,20756.0,17423.0
2023/10/10,23468.0,20326.0,18703.0
2023/10/11,21847.0,19923.0,17941.0
2023/10/12,23268.0,19536.0,17443.0
2023/10/13,21666.0,19854.0,18053.0
2023/10/14,23493.0,22189.0,18729.0
2023/10/16,23227.0,21290.0,19671.0
2023/10/17,23796.0,23413.0,17316.0
2023/10/18,23775.0,20180.0,18004.0
2023/10/19,23962.0,20750.0,20121.0
2023/10/20,24139.0,21998.0,18799.0
2023/10/21,24048.0,21238.0,19510.0
2023/10/23,27713.0,22415.0,19059.0
2023/10/24,23590.0,15629.0,3001.0
2023/10/25,23243.0,20073.0,18331.0
2023/10/26,24410.0,22054.0,20006.0
2023/10/27,24428.0,21335.0,19285.0
2023/10/28,22317.0,21086.0,18783.0
2023/10/30,24400.0,21599.0,18032.0
2023/10/31,23400.0,21895.0,21152.0
2023/11/1,23657.0,20000.0,18033.0
2023/11/2,24187.0,21914.0,20008.0
2023/11/3,24345.0,21025.0,18000.0
2023/11/6,24364.0,22133.0,18266.0
2023/11/7,24109.0,22125.0,21313.0
2023/11/8,22018.0,20022.0,18111.0
2023/11/9,24120.0,21899.0,19690.0
2023/11/10,23188.0,21012.0,20315.0
2023/11/11,24613.0,21927.0,18163.0
2023/11/13,25902.0,21387.0,18920.0
2023/11/14,24000.0,21742.0,19457.0
2023/11/15,22899.0,20362.0,18808.0
2023/11/16,23385.0,20028.0,16171.0
2023/11/17,24257.0,21323.0,19826.0
2023/11/18,25791.0,21434.0,18418.0
2023/11/20,23079.0,21065.0,17957.0
2023/11/21,23658.0,19103.0,18000.0
2023/11/22,23070.0,20194.0,18052.0
2023/11/23,24316.0,22326.0,18597.0
2023/11/24,23872.0,21649.0,18913.0
2023/11/25,25229.0,21042.0,18543.0
2023/11/27,24014.0,21437.0,18320.0
2023/11/28,24102.0,22847.0,19818.0
2023/11/29,23907.0,20162.0,17945.0
2023/11/30,23393.0,20911.0,19272.0
2023/12/1,23933.0,21607.0,18444.0
2023/12/2,23003.0,20589.0,18745.0
2023/12/4,22917.0,20023.0,18000.0
2023/12/5,23706.0,22431.0,19250.0
2023/12/6,23458.0,20148.0,18764.0
2023/12/7,23511.0,20633.0,18635.0
2023/12/8,23781.0,21657.0,17648.0
2023/12/9,24741.0,21030.0,19093.0
2023/12/11,22417.0,20500.0,18000.0
2023/12/12,23784.0,21268.0,18471.0
2023/12/13,21945.0,20082.0,18267.0
2023/12/14,24726.0,21824.0,17893.0
2023/12/15,22586.0,20500.0,19524.0
2023/12/16,24065.0,21476.0,18708.0
2023/12/18,21724.0,19130.0,15414.0
2023/12/19,22920.0,19715.0,15586.0
2023/12/20,22459.0,20524.0,19429.0
2023/12/21,22834.0,21104.0,19840.0
2023/12/22,23364.0,20898.0,19283.0
2023/12/23,22233.0,20656.0,15800.0
2023/12/25,21802.0,19853.0,15411.0
2023/12/26,23143.0,20647.0,19503.0
2023/12/27,22426.0,19941.0,17727.0
2023/12/28,23027.0,21057.0,19433.0
2023/12/29,23764.0,21276.0,18508.0
2023/12/30,22911.0,20545.0,16989.0
2024/1/3,23418.0,20293.0,16509.0
2024/1/4,21356.0,19944.0,17532.0
2024/1/5,21616.0,19588.0,12814.0
2024/1/6,22092.0,19314.0,13540.0
2024/1/8,22434.0,20391.0,15462.0
2024/1/9,21956.0,13711.0,10943.0
2024/1/10,22678.0,20333.0,19833.0
2024/1/11,21563.0,20178.0,15505.0
2024/1/12,21845.0,20540.0,19197.0
2024/1/13,21845.0,20540.0,19197.0
2024/1/15,21845.0,20540.0,19197.0
2024/1/16,21845.0,20540.0,19197.0
2024/1/17,22193.0,20148.0,17881.0
2024/1/18,21461.0,20465.0,20000.0
2024/1/19,21282.0,20464.0,18305.0
2024/1/20,21282.0,20464.0,18305.0
2024/1/22,23000.0,21433.0,19616.0
2024/1/23,21018.0,20009.0,18553.0
2024/1/24,21141.0,19563.0,15615.0
2024/1/25,21824.0,20282.0,16779.0
2024/1/26,20943.0,20088.0,16809.0
2024/1/27,21678.0,20012.0,18550.0
2024/1/29,20415.0,19403.0,17500.0
2024/1/30,20871.0,19980.0,18500.0
2024/1/31,21427.0,20374.0,19761.0
2024/2/1,20416.0,19757.0,18149.0
2024/2/2,21105.0,19568.0,18006.0
2024/2/3,21146.0,19878.0,17758.0
2024/2/5,21433.0,19922.0,17883.0
2024/2/6,20467.0,19795.0,17810.0
2024/2/7,20154.0,19443.0,18292.0
2024/2/8,21345.0,19592.0,17944.0
2024/2/9,20719.0,19091.0,17120.0
2024/2/14,20415.0,19499.0,18154.0
2024/2/15,21134.0,19571.0,18318.0
2024/2/16,20093.0,18875.0,17176.0
2024/2/17,21321.0,19925.0,18071.0
2024/2/19,20500.0,20059.0,17664.0
2024/2/20,20262.0,19365.0,17743.0
2024/2/21,20510.0,19645.0,18460.0
2024/2/22,19997.0,19164.0,18047.0
2024/2/23,20169.0,19277.0,18211.0
2024/2/24,20487.0,19416.0,18007.0
2024/2/26,20110.0,19554.0,18177.0
2024/2/27,20115.0,19736.0,18156.0
2024/2/28,21294.0,19638.0,18405.0
2024/2/29,20315.0,19024.0,17898.0
2024/3/1,20006.0,19007.0,18176.0
2024/3/2,20369.0,19102.0,17797.0
2024/3/4,19875.0,19285.0,18914.0
2024/3/5,20263.0,19792.0,17976.0
2024/3/6,20382.0,18918.0,17508.0
2024/3/7,20653.0,19512.0,18176.0
2024/3/8,19716.0,18985.0,18285.0
2024/3/9,19833.0,18877.0,17588.0
2024/3/11,19951.0,19153.0,17593.0
2024/3/12,20194.0,19081.0,17771.0
2024/3/13,19901.0,18939.0,18163.0
2024/3/14,19324.0,18479.0,17722.0
2024/3/15,19461.0,18739.0,17997.0
2024/3/16,19628.0,18549.0,17184.0
2024/3/18,19652.0,19201.0,17421.0
2024/3/19,20324.0,19463.0,17720.0
2024/3/20,19449.0,18655.0,17570.0
2024/3/21,19408.0,18585.0,17682.0
2024/3/22,19454.0,18840.0,18047.0
2024/3/23,19420.0,18699.0,17583.0
2024/3/25,19208.0,18464.0,17000.0
2024/3/26,20147.0,18968.0,17477.0
2024/3/27,19335.0,18455.0,17358.0
2024/3/28,19524.0,18728.0,18136.0
2024/3/29,19198.0,18124.0,15085.0
2024/3/30,19422.0,18739.0,17449.0
2024/4/1,19181.0,16608.0,13636.0
2024/4/2,20087.0,18913.0,17403.0
2024/4/3,19347.0,18424.0,17000.0
2024/4/4,19271.0,18483.0,17925.0
2024/4/5,19424.0,18605.0,17949.0
2024/4/6,19707.0,18685.0,17007.0
2024/4/8,19520.0,18910.0,17761.0
2024/4/9,20050.0,18945.0,17589.0
2024/4/10,19209.0,18083.0,16920.0
2024/4/11,18707.0,18428.0,17869.0
2024/4/12,19391.0,18607.0,17752.0
2024/4/13,19374.0,18817.0,18033.0
2024/4/15,19022.0,18500.0,17529.0
2024/4/16,19549.0,18844.0,17812.0
2024/4/17,19239.0,18400.0,17565.0
2024/4/18,19215.0,18500.0,18100.0
2024/4/19,19360.0,18429.0,17227.0
2024/4/20,19513.0,19067.0,17000.0
2024/4/22,19827.0,19426.0,18203.0
2024/4/23,19866.0,18924.0,17138.0
2024/4/24,19750.0,18914.0,18245.0
2024/4/25,19567.0,18500.0,18082.0
2024/4/26,19500.0,18490.0,17000.0
2024/4/27,19484.0,18558.0,17000.0
2024/4/30,20000.0,19253.0,17880.0
2024/5/1,20000.0,19273.0,18000.0
2024/5/2,19731.0,18940.0,14813.0
2024/5/3,20030.0,19409.0,17871.0
2024/5/4,19082.0,19000.0,16211.0
2024/5/6,20000.0,19839.0,17861.0
2024/5/7,20308.0,19201.0,17067.0
2024/5/8,20372.0,17557.0,3800.0
2024/5/9,19814.0,19000.0,17870.0
2024/5/10,20002.0,19085.0,18013.0
2024/5/11,20514.0,19405.0,17712.0
2024/5/13,19563.0,18841.0,17857.0
2024/5/14,20850.0,19520.0,16005.0
2024/5/15,20084.0,18716.0,5717.0
2024/5/16,19989.0,17312.0,3420.0
2024/5/17,19949.0,19214.0,17500.0
2024/5/18,21567.0,20132.0,19059.0
2024/5/20,20500.0,19861.0,19500.0
2024/5/21,20373.0,19076.0,4470.0
2024/5/22,20289.0,19994.0,18557.0
2024/5/23,20305.0,20000.0,18813.0
2024/5/24,20426.0,19780.0,18000.0
2024/5/25,20907.0,20193.0,18947.0
2024/5/27,21000.0,20342.0,18000.0
2024/5/28,20924.0,20000.0,18078.0
2024/5/29,20814.0,20180.0,19258.0
2024/5/30,21197.0,20437.0,19337.0
2024/5/31,20876.0,20126.0,19267.0
2024/6/1,20834.0,20149.0,18750.0
2024/6/3,21868.0,21000.0,19263.0
2024/6/4,20413.0,19418.0,18000.0
2024/6/5,21000.0,20196.0,19678.0
2024/6/6,20638.0,18923.0,18000.0
2024/6/7,21075.0,20393.0,19492.0
2024/6/8,21009.0,20442.0,19004.0
2024/6/10,21889.0,20681.0,5259.0
2024/6/11,20991.0,20054.0,18042.0
2024/6/12,21089.0,20233.0,19520.0
2024/6/13,21774.0,20498.0,19403.0
2024/6/14,21371.0,20733.0,19154.0
2024/6/15,21397.0,20404.0,18411.0
2024/6/17,20379.0,20000.0,19040.0
2024/6/18,20955.0,20000.0,18388.0
2024/6/19,21549.0,20748.0,19688.0
2024/6/20,21734.0,20876.0,19531.0
2024/6/21,21806.0,20573.0,19392.0
2024/6/22,21754.0,20578.0,18175.0
2024/6/24,21500.0,21500.0,20688.0
2024/6/25,21636.0,20152.0,18163.0
2024/6/26,21500.0,20413.0,18132.0
2024/6/27,21687.0,21011.0,19815.0
2024/6/28,21842.0,21248.0,19625.0
2024/6/29,21760.0,20657.0,18708.0
2024/7/1,21242.0,20438.0,18000.0
2024/7/2,21921.0,20056.0,18000.0
2024/7/3,22000.0,21635.0,18205.0
2024/7/4,22128.0,20639.0,18000.0
2024/7/5,21978.0,21088.0,19737.0
2024/7/6,21615.0,20433.0,18000.0
2024/7/8,22020.0,21322.0,19000.0
2024/7/9,21602.0,20142.0,19163.0
2024/7/10,21986.0,21172.0,18507.0
2024/7/11,22000.0,20788.0,18980.0
2024/7/12,21905.0,20842.0,18779.0
2024/7/13,22015.0,21567.0,18491.0
2024/7/15,21915.0,20799.0,18000.0
2024/7/16,20932.0,20000.0,19017.0
2024/7/17,21719.0,20866.0,19016.0
2024/7/18,22168.0,21074.0,20500.0
2024/7/19,21631.0,20379.0,18949.0
2024/7/20,22089.0,21947.0,19275.0
2024/7/22,21885.0,20433.0,18000.0
2024/7/23,22083.0,20109.0,18417.0
2024/7/24,22500.0,21642.0,20117.0
2024/7/25,21955.0,20882.0,18040.0
2024/7/26,22388.0,21200.0,20281.0
2024/7/27,22259.0,18635.0,11746.0
2024/7/29,22500.0,21277.0,19636.0
2024/7/30,21677.0,20000.0,18354.0
2024/7/31,21981.0,21000.0,19126.0
2024/8/1,22599.0,21649.0,18411.0
2024/8/2,22599.0,21649.0,18411.0
2024/8/5,22433.0,21545.0,14572.0
2024/8/6,21378.0,20000.0,18659.0
2024/8/7,22631.0,21143.0,18159.0
2024/8/8,22500.0,21187.0,19425.0
2024/8/9,22483.0,21187.0,18846.0
2024/8/10,22349.0,21040.0,19769.0
2024/8/12,22449.0,21100.0,20847.0
2024/8/13,22316.0,20591.0,18000.0
2024/8/14,22500.0,21071.0,20856.0
2024/8/15,22500.0,21227.0,18937.0
2024/8/16,22407.0,21338.0,20500.0
2024/8/17,21876.0,20907.0,18029.0
2024/8/19,22500.0,21254.0,20842.0
2024/8/20,20980.0,19747.0,18000.0
2024/8/21,22500.0,21629.0,20405.0
2024/8/22,21986.0,20652.0,18000.0
2024/8/23,22373.0,21002.0,19655.0
2024/8/24,21849.0,20655.0,18493.0
2024/8/26,22500.0,20892.0,20147.0
2024/8/27,22326.0,20565.0,18672.0
2024/8/28,22143.0,16592.0,13283.0
2024/8/29,22571.0,21502.0,18870.0
2024/8/30,22763.0,21579.0,19887.0
2024/8/31,22196.0,17374.0,3392.0
2024/9/2,22246.0,21700.0,21175.0
2024/9/3,21284.0,19378.0,9456.0
2024/9/4,22407.0,20476.0,18500.0
2024/9/5,25016.0,23764.0,21031.0
2024/9/6,23219.0,21838.0,18500.0
2024/9/7,22693.0,21267.0,18500.0
2024/9/9,24344.0,22000.0,21198.0
2024/9/10,22813.0,20658.0,18995.0
2024/9/11,25394.0,23000.0,21442.0
2024/9/12,24892.0,23216.0,20213.0
2024/9/13,24483.0,22769.0,19904.0
2024/9/14,24024.0,22157.0,19791.0
2024/9/16,24910.0,23302.0,20699.0
2024/9/20,25380.0,21481.0,19891.0
2024/9/21,24093.0,22065.0,19748.0
2024/9/23,24058.0,23000.0,19979.0
2024/9/24,25088.0,23500.0,20359.0
2024/9/25,25638.0,22902.0,20178.0
2024/9/26,23825.0,20408.0,20000.0
2024/9/27,25321.0,22912.0,21037.0
2024/9/28,24256.0,22810.0,20000.0
2024/9/30,23000.0,23000.0,23000.0
2024/10/1,22868.0,20000.0,20000.0
2024/10/2,24938.0,23003.0,21225.0
2024/10/3,26410.0,23000.0,20394.0
2024/10/4,25335.0,23065.0,21250.0
2024/10/5,24594.0,22393.0,20000.0
2024/10/7,23000.0,23000.0,23000.0
2024/10/8,24312.0,20086.0,20000.0
2024/10/9,23960.0,23269.0,18550.0
2024/10/10,24305.0,22556.0,20500.0
2024/10/11,26456.0,23496.0,22119.0
2024/10/12,23976.0,22832.0,16442.0
2024/10/14,23567.0,22686.0,20500.0
2024/10/15,26198.0,21420.0,20000.0
2024/10/16,26022.0,24181.0,22609.0
2024/10/17,25109.0,24000.0,22919.0
2024/10/18,24511.0,24361.0,21773.0
2024/10/19,25230.0,23673.0,21283.0
2024/10/21,27663.0,24500.0,22189.0
2024/10/22,25371.0,20537.0,20000.0
2024/10/23,25754.0,24275.0,21500.0
2024/10/24,26709.0,24911.0,21500.0
2024/10/25,25396.0,24683.0,22661.0
2024/10/26,25114.0,22771.0,21500.0
2024/10/28,25000.0,24911.0,23115.0
2024/10/29,28040.0,25274.0,23395.0
2024/10/30,26631.0,23916.0,21353.0
2024/10/31,25125.0,24208.0,21500.0
2024/11/1,25538.0,24705.0,22184.0
2024/11/2,25391.0,24457.0,21500.0
2024/11/5,25417.0,21933.0,21500.0
2024/11/6,26902.0,24377.0,21500.0
2024/11/7,25500.0,24021.0,21500.0
2024/11/8,25173.0,23440.0,21500.0
2024/11/9,25239.0,23002.0,21500.0
2024/11/11,25407.0,24200.0,21500.0
2024/11/12,26132.0,24728.0,21515.0
2024/11/13,27729.0,25104.0,23937.0
2024/11/14,25373.0,25000.0,22567.0
2024/11/15,26475.0,25778.0,20808.0
2024/11/16,25177.0,24090.0,21500.0
2024/11/18,27143.0,25000.0,25000.0
2024/11/19,24993.0,24514.0,22596.0
2024/11/20,25000.0,25000.0,23750.0
2024/11/21,24701.0,22939.0,21500.0
2024/11/22,25259.0,23538.0,21500.0
2024/11/23,25329.0,24759.0,22144.0
2024/11/25,25000.0,25000.0,23291.0
2024/11/26,25073.0,23911.0,21544.0
2024/11/27,25086.0,24082.0,21500.0
2024/11/28,25116.0,23523.0,21500.0
2024/11/29,24581.0,24000.0,21500.0
2024/11/30,25349.0,23935.0,21500.0
2024/12/2,25087.0,24860.0,22192.0
2024/12/3,23474.0,20123.0,20000.0
2024/12/4,24683.0,24490.0,22098.0
2024/12/5,24500.0,24371.0,21602.0
2024/12/6,24481.0,24065.0,22553.0
2024/12/7,24440.0,22630.0,21500.0
2024/12/9,24580.0,24500.0,23074.0
2024/12/10,23860.0,20226.0,20000.0
2024/12/11,24534.0,24500.0,22610.0
2024/12/12,24801.0,24052.0,23376.0
2024/12/13,24319.0,23880.0,21973.0
2024/12/14,24682.0,24371.0,21528.0
2024/12/16,24178.0,21515.0,21500.0
2024/12/17,24516.0,22201.0,20000.0
2024/12/18,24000.0,23219.0,21500.0
2024/12/19,23879.0,23528.0,22273.0
2024/12/20,23849.0,23740.0,22310.0
2024/12/21,24246.0,22962.0,19377.0
2024/12/23,23926.0,23496.0,21695.0
2024/12/24,23565.0,20571.0,20000.0
2024/12/25,23538.0,22651.0,18596.0
2024/12/26,23359.0,22535.0,21500.0
2024/12/27,25104.0,24475.0,22515.0
2024/12/28,24029.0,23070.0,21506.0
2024/12/30,24892.0,23533.0,22653.0
2024/12/31,23254.0,20554.0,20000.0
